seed,test_id,project_commit,ibex_commit,cpu_observed,dma_observed,memory_after,expected_memory,result,classification,replay_cmd,notes
0,IBEX-COMP-01,7500156fbf076766a283a280465046e8b9ff02b9,c61e11c1e416b9ce2d996013b444c8e558d35b2b,ALLOW,IDLE,0xB0010001,0xB0010001,PASS,SIMULATION_EVIDENCE,"/home/mmr/ricv_paper/third_party/ibex/build/local_m7_m7_ibex_composed_0/sim-verilator/Vm7_ibex_composed_top --meminit=ram,/home/mmr/ricv_paper/m7/sw/ibex_composed/IBEX-COMP-01.elf",exit=0; scenario_space=COMP-01..08
1,IBEX-COMP-02,7500156fbf076766a283a280465046e8b9ff02b9,c61e11c1e416b9ce2d996013b444c8e558d35b2b,mcause=5,IDLE,0x22222222,0x22222222,PASS,SIMULATION_EVIDENCE,"/home/mmr/ricv_paper/third_party/ibex/build/local_m7_m7_ibex_composed_0/sim-verilator/Vm7_ibex_composed_top --meminit=ram,/home/mmr/ricv_paper/m7/sw/ibex_composed/IBEX-COMP-02.elf",exit=0; scenario_space=COMP-01..08
2,IBEX-COMP-03,7500156fbf076766a283a280465046e8b9ff02b9,c61e11c1e416b9ce2d996013b444c8e558d35b2b,mcause=7,IDLE,0x22222222,0x22222222,PASS,SIMULATION_EVIDENCE,"/home/mmr/ricv_paper/third_party/ibex/build/local_m7_m7_ibex_composed_0/sim-verilator/Vm7_ibex_composed_top --meminit=ram,/home/mmr/ricv_paper/m7/sw/ibex_composed/IBEX-COMP-03.elf",exit=0; scenario_space=COMP-01..08
3,IBEX-COMP-04,7500156fbf076766a283a280465046e8b9ff02b9,c61e11c1e416b9ce2d996013b444c8e558d35b2b,IDLE,DENY,0x22222222,0x22222222,PASS,SIMULATION_EVIDENCE,"/home/mmr/ricv_paper/third_party/ibex/build/local_m7_m7_ibex_composed_0/sim-verilator/Vm7_ibex_composed_top --meminit=ram,/home/mmr/ricv_paper/m7/sw/ibex_composed/IBEX-COMP-04.elf",exit=0; scenario_space=COMP-01..08
4,IBEX-COMP-05,7500156fbf076766a283a280465046e8b9ff02b9,c61e11c1e416b9ce2d996013b444c8e558d35b2b,IDLE,ALLOW,0xA11D0005,0xA11D0005,PASS,SIMULATION_EVIDENCE,"/home/mmr/ricv_paper/third_party/ibex/build/local_m7_m7_ibex_composed_0/sim-verilator/Vm7_ibex_composed_top --meminit=ram,/home/mmr/ricv_paper/m7/sw/ibex_composed/IBEX-COMP-05.elf",exit=0; scenario_space=COMP-01..08
5,IBEX-COMP-06,7500156fbf076766a283a280465046e8b9ff02b9,c61e11c1e416b9ce2d996013b444c8e558d35b2b,mcause=7,DENY,0x22222222,0x22222222,PASS,SIMULATION_EVIDENCE,"/home/mmr/ricv_paper/third_party/ibex/build/local_m7_m7_ibex_composed_0/sim-verilator/Vm7_ibex_composed_top --meminit=ram,/home/mmr/ricv_paper/m7/sw/ibex_composed/IBEX-COMP-06.elf",exit=0; scenario_space=COMP-01..08
6,IBEX-COMP-07,7500156fbf076766a283a280465046e8b9ff02b9,c61e11c1e416b9ce2d996013b444c8e558d35b2b,mcause=7,ALLOW,0xD00D0007,0xD00D0007,PASS,SIMULATION_EVIDENCE,"/home/mmr/ricv_paper/third_party/ibex/build/local_m7_m7_ibex_composed_0/sim-verilator/Vm7_ibex_composed_top --meminit=ram,/home/mmr/ricv_paper/m7/sw/ibex_composed/IBEX-COMP-07.elf",exit=0; scenario_space=COMP-01..08
7,IBEX-COMP-08,7500156fbf076766a283a280465046e8b9ff02b9,c61e11c1e416b9ce2d996013b444c8e558d35b2b,ALLOW,DENY,0xB0080008,0xB0080008,PASS,SIMULATION_EVIDENCE,"/home/mmr/ricv_paper/third_party/ibex/build/local_m7_m7_ibex_composed_0/sim-verilator/Vm7_ibex_composed_top --meminit=ram,/home/mmr/ricv_paper/m7/sw/ibex_composed/IBEX-COMP-08.elf",exit=0; scenario_space=COMP-01..08
8,IBEX-COMP-01,7500156fbf076766a283a280465046e8b9ff02b9,c61e11c1e416b9ce2d996013b444c8e558d35b2b,ALLOW,IDLE,0xB0010001,0xB0010001,PASS,SIMULATION_EVIDENCE,"/home/mmr/ricv_paper/third_party/ibex/build/local_m7_m7_ibex_composed_0/sim-verilator/Vm7_ibex_composed_top --meminit=ram,/home/mmr/ricv_paper/m7/sw/ibex_composed/IBEX-COMP-01.elf",exit=0; scenario_space=COMP-01..08
9,IBEX-COMP-02,7500156fbf076766a283a280465046e8b9ff02b9,c61e11c1e416b9ce2d996013b444c8e558d35b2b,mcause=5,IDLE,0x22222222,0x22222222,PASS,SIMULATION_EVIDENCE,"/home/mmr/ricv_paper/third_party/ibex/build/local_m7_m7_ibex_composed_0/sim-verilator/Vm7_ibex_composed_top --meminit=ram,/home/mmr/ricv_paper/m7/sw/ibex_composed/IBEX-COMP-02.elf",exit=0; scenario_space=COMP-01..08
10,IBEX-COMP-03,7500156fbf076766a283a280465046e8b9ff02b9,c61e11c1e416b9ce2d996013b444c8e558d35b2b,mcause=7,IDLE,0x22222222,0x22222222,PASS,SIMULATION_EVIDENCE,"/home/mmr/ricv_paper/third_party/ibex/build/local_m7_m7_ibex_composed_0/sim-verilator/Vm7_ibex_composed_top --meminit=ram,/home/mmr/ricv_paper/m7/sw/ibex_composed/IBEX-COMP-03.elf",exit=0; scenario_space=COMP-01..08
11,IBEX-COMP-04,7500156fbf076766a283a280465046e8b9ff02b9,c61e11c1e416b9ce2d996013b444c8e558d35b2b,IDLE,DENY,0x22222222,0x22222222,PASS,SIMULATION_EVIDENCE,"/home/mmr/ricv_paper/third_party/ibex/build/local_m7_m7_ibex_composed_0/sim-verilator/Vm7_ibex_composed_top --meminit=ram,/home/mmr/ricv_paper/m7/sw/ibex_composed/IBEX-COMP-04.elf",exit=0; scenario_space=COMP-01..08
12,IBEX-COMP-05,7500156fbf076766a283a280465046e8b9ff02b9,c61e11c1e416b9ce2d996013b444c8e558d35b2b,IDLE,ALLOW,0xA11D0005,0xA11D0005,PASS,SIMULATION_EVIDENCE,"/home/mmr/ricv_paper/third_party/ibex/build/local_m7_m7_ibex_composed_0/sim-verilator/Vm7_ibex_composed_top --meminit=ram,/home/mmr/ricv_paper/m7/sw/ibex_composed/IBEX-COMP-05.elf",exit=0; scenario_space=COMP-01..08
13,IBEX-COMP-06,7500156fbf076766a283a280465046e8b9ff02b9,c61e11c1e416b9ce2d996013b444c8e558d35b2b,mcause=7,DENY,0x22222222,0x22222222,PASS,SIMULATION_EVIDENCE,"/home/mmr/ricv_paper/third_party/ibex/build/local_m7_m7_ibex_composed_0/sim-verilator/Vm7_ibex_composed_top --meminit=ram,/home/mmr/ricv_paper/m7/sw/ibex_composed/IBEX-COMP-06.elf",exit=0; scenario_space=COMP-01..08
14,IBEX-COMP-07,7500156fbf076766a283a280465046e8b9ff02b9,c61e11c1e416b9ce2d996013b444c8e558d35b2b,mcause=7,ALLOW,0xD00D0007,0xD00D0007,PASS,SIMULATION_EVIDENCE,"/home/mmr/ricv_paper/third_party/ibex/build/local_m7_m7_ibex_composed_0/sim-verilator/Vm7_ibex_composed_top --meminit=ram,/home/mmr/ricv_paper/m7/sw/ibex_composed/IBEX-COMP-07.elf",exit=0; scenario_space=COMP-01..08
15,IBEX-COMP-08,7500156fbf076766a283a280465046e8b9ff02b9,c61e11c1e416b9ce2d996013b444c8e558d35b2b,ALLOW,DENY,0xB0080008,0xB0080008,PASS,SIMULATION_EVIDENCE,"/home/mmr/ricv_paper/third_party/ibex/build/local_m7_m7_ibex_composed_0/sim-verilator/Vm7_ibex_composed_top --meminit=ram,/home/mmr/ricv_paper/m7/sw/ibex_composed/IBEX-COMP-08.elf",exit=0; scenario_space=COMP-01..08
16,IBEX-COMP-01,7500156fbf076766a283a280465046e8b9ff02b9,c61e11c1e416b9ce2d996013b444c8e558d35b2b,ALLOW,IDLE,0xB0010001,0xB0010001,PASS,SIMULATION_EVIDENCE,"/home/mmr/ricv_paper/third_party/ibex/build/local_m7_m7_ibex_composed_0/sim-verilator/Vm7_ibex_composed_top --meminit=ram,/home/mmr/ricv_paper/m7/sw/ibex_composed/IBEX-COMP-01.elf",exit=0; scenario_space=COMP-01..08
17,IBEX-COMP-02,7500156fbf076766a283a280465046e8b9ff02b9,c61e11c1e416b9ce2d996013b444c8e558d35b2b,mcause=5,IDLE,0x22222222,0x22222222,PASS,SIMULATION_EVIDENCE,"/home/mmr/ricv_paper/third_party/ibex/build/local_m7_m7_ibex_composed_0/sim-verilator/Vm7_ibex_composed_top --meminit=ram,/home/mmr/ricv_paper/m7/sw/ibex_composed/IBEX-COMP-02.elf",exit=0; scenario_space=COMP-01..08
18,IBEX-COMP-03,7500156fbf076766a283a280465046e8b9ff02b9,c61e11c1e416b9ce2d996013b444c8e558d35b2b,mcause=7,IDLE,0x22222222,0x22222222,PASS,SIMULATION_EVIDENCE,"/home/mmr/ricv_paper/third_party/ibex/build/local_m7_m7_ibex_composed_0/sim-verilator/Vm7_ibex_composed_top --meminit=ram,/home/mmr/ricv_paper/m7/sw/ibex_composed/IBEX-COMP-03.elf",exit=0; scenario_space=COMP-01..08
19,IBEX-COMP-04,7500156fbf076766a283a280465046e8b9ff02b9,c61e11c1e416b9ce2d996013b444c8e558d35b2b,IDLE,DENY,0x22222222,0x22222222,PASS,SIMULATION_EVIDENCE,"/home/mmr/ricv_paper/third_party/ibex/build/local_m7_m7_ibex_composed_0/sim-verilator/Vm7_ibex_composed_top --meminit=ram,/home/mmr/ricv_paper/m7/sw/ibex_composed/IBEX-COMP-04.elf",exit=0; scenario_space=COMP-01..08
20,IBEX-COMP-05,7500156fbf076766a283a280465046e8b9ff02b9,c61e11c1e416b9ce2d996013b444c8e558d35b2b,IDLE,ALLOW,0xA11D0005,0xA11D0005,PASS,SIMULATION_EVIDENCE,"/home/mmr/ricv_paper/third_party/ibex/build/local_m7_m7_ibex_composed_0/sim-verilator/Vm7_ibex_composed_top --meminit=ram,/home/mmr/ricv_paper/m7/sw/ibex_composed/IBEX-COMP-05.elf",exit=0; scenario_space=COMP-01..08
21,IBEX-COMP-06,7500156fbf076766a283a280465046e8b9ff02b9,c61e11c1e416b9ce2d996013b444c8e558d35b2b,mcause=7,DENY,0x22222222,0x22222222,PASS,SIMULATION_EVIDENCE,"/home/mmr/ricv_paper/third_party/ibex/build/local_m7_m7_ibex_composed_0/sim-verilator/Vm7_ibex_composed_top --meminit=ram,/home/mmr/ricv_paper/m7/sw/ibex_composed/IBEX-COMP-06.elf",exit=0; scenario_space=COMP-01..08
22,IBEX-COMP-07,7500156fbf076766a283a280465046e8b9ff02b9,c61e11c1e416b9ce2d996013b444c8e558d35b2b,mcause=7,ALLOW,0xD00D0007,0xD00D0007,PASS,SIMULATION_EVIDENCE,"/home/mmr/ricv_paper/third_party/ibex/build/local_m7_m7_ibex_composed_0/sim-verilator/Vm7_ibex_composed_top --meminit=ram,/home/mmr/ricv_paper/m7/sw/ibex_composed/IBEX-COMP-07.elf",exit=0; scenario_space=COMP-01..08
23,IBEX-COMP-08,7500156fbf076766a283a280465046e8b9ff02b9,c61e11c1e416b9ce2d996013b444c8e558d35b2b,ALLOW,DENY,0xB0080008,0xB0080008,PASS,SIMULATION_EVIDENCE,"/home/mmr/ricv_paper/third_party/ibex/build/local_m7_m7_ibex_composed_0/sim-verilator/Vm7_ibex_composed_top --meminit=ram,/home/mmr/ricv_paper/m7/sw/ibex_composed/IBEX-COMP-08.elf",exit=0; scenario_space=COMP-01..08
24,IBEX-COMP-01,7500156fbf076766a283a280465046e8b9ff02b9,c61e11c1e416b9ce2d996013b444c8e558d35b2b,ALLOW,IDLE,0xB0010001,0xB0010001,PASS,SIMULATION_EVIDENCE,"/home/mmr/ricv_paper/third_party/ibex/build/local_m7_m7_ibex_composed_0/sim-verilator/Vm7_ibex_composed_top --meminit=ram,/home/mmr/ricv_paper/m7/sw/ibex_composed/IBEX-COMP-01.elf",exit=0; scenario_space=COMP-01..08
25,IBEX-COMP-02,7500156fbf076766a283a280465046e8b9ff02b9,c61e11c1e416b9ce2d996013b444c8e558d35b2b,mcause=5,IDLE,0x22222222,0x22222222,PASS,SIMULATION_EVIDENCE,"/home/mmr/ricv_paper/third_party/ibex/build/local_m7_m7_ibex_composed_0/sim-verilator/Vm7_ibex_composed_top --meminit=ram,/home/mmr/ricv_paper/m7/sw/ibex_composed/IBEX-COMP-02.elf",exit=0; scenario_space=COMP-01..08
26,IBEX-COMP-03,7500156fbf076766a283a280465046e8b9ff02b9,c61e11c1e416b9ce2d996013b444c8e558d35b2b,mcause=7,IDLE,0x22222222,0x22222222,PASS,SIMULATION_EVIDENCE,"/home/mmr/ricv_paper/third_party/ibex/build/local_m7_m7_ibex_composed_0/sim-verilator/Vm7_ibex_composed_top --meminit=ram,/home/mmr/ricv_paper/m7/sw/ibex_composed/IBEX-COMP-03.elf",exit=0; scenario_space=COMP-01..08
27,IBEX-COMP-04,7500156fbf076766a283a280465046e8b9ff02b9,c61e11c1e416b9ce2d996013b444c8e558d35b2b,IDLE,DENY,0x22222222,0x22222222,PASS,SIMULATION_EVIDENCE,"/home/mmr/ricv_paper/third_party/ibex/build/local_m7_m7_ibex_composed_0/sim-verilator/Vm7_ibex_composed_top --meminit=ram,/home/mmr/ricv_paper/m7/sw/ibex_composed/IBEX-COMP-04.elf",exit=0; scenario_space=COMP-01..08
28,IBEX-COMP-05,7500156fbf076766a283a280465046e8b9ff02b9,c61e11c1e416b9ce2d996013b444c8e558d35b2b,IDLE,ALLOW,0xA11D0005,0xA11D0005,PASS,SIMULATION_EVIDENCE,"/home/mmr/ricv_paper/third_party/ibex/build/local_m7_m7_ibex_composed_0/sim-verilator/Vm7_ibex_composed_top --meminit=ram,/home/mmr/ricv_paper/m7/sw/ibex_composed/IBEX-COMP-05.elf",exit=0; scenario_space=COMP-01..08
29,IBEX-COMP-06,7500156fbf076766a283a280465046e8b9ff02b9,c61e11c1e416b9ce2d996013b444c8e558d35b2b,mcause=7,DENY,0x22222222,0x22222222,PASS,SIMULATION_EVIDENCE,"/home/mmr/ricv_paper/third_party/ibex/build/local_m7_m7_ibex_composed_0/sim-verilator/Vm7_ibex_composed_top --meminit=ram,/home/mmr/ricv_paper/m7/sw/ibex_composed/IBEX-COMP-06.elf",exit=0; scenario_space=COMP-01..08
30,IBEX-COMP-07,7500156fbf076766a283a280465046e8b9ff02b9,c61e11c1e416b9ce2d996013b444c8e558d35b2b,mcause=7,ALLOW,0xD00D0007,0xD00D0007,PASS,SIMULATION_EVIDENCE,"/home/mmr/ricv_paper/third_party/ibex/build/local_m7_m7_ibex_composed_0/sim-verilator/Vm7_ibex_composed_top --meminit=ram,/home/mmr/ricv_paper/m7/sw/ibex_composed/IBEX-COMP-07.elf",exit=0; scenario_space=COMP-01..08
31,IBEX-COMP-08,7500156fbf076766a283a280465046e8b9ff02b9,c61e11c1e416b9ce2d996013b444c8e558d35b2b,ALLOW,DENY,0xB0080008,0xB0080008,PASS,SIMULATION_EVIDENCE,"/home/mmr/ricv_paper/third_party/ibex/build/local_m7_m7_ibex_composed_0/sim-verilator/Vm7_ibex_composed_top --meminit=ram,/home/mmr/ricv_paper/m7/sw/ibex_composed/IBEX-COMP-08.elf",exit=0; scenario_space=COMP-01..08
32,IBEX-COMP-01,7500156fbf076766a283a280465046e8b9ff02b9,c61e11c1e416b9ce2d996013b444c8e558d35b2b,ALLOW,IDLE,0xB0010001,0xB0010001,PASS,SIMULATION_EVIDENCE,"/home/mmr/ricv_paper/third_party/ibex/build/local_m7_m7_ibex_composed_0/sim-verilator/Vm7_ibex_composed_top --meminit=ram,/home/mmr/ricv_paper/m7/sw/ibex_composed/IBEX-COMP-01.elf",exit=0; scenario_space=COMP-01..08
33,IBEX-COMP-02,7500156fbf076766a283a280465046e8b9ff02b9,c61e11c1e416b9ce2d996013b444c8e558d35b2b,mcause=5,IDLE,0x22222222,0x22222222,PASS,SIMULATION_EVIDENCE,"/home/mmr/ricv_paper/third_party/ibex/build/local_m7_m7_ibex_composed_0/sim-verilator/Vm7_ibex_composed_top --meminit=ram,/home/mmr/ricv_paper/m7/sw/ibex_composed/IBEX-COMP-02.elf",exit=0; scenario_space=COMP-01..08
34,IBEX-COMP-03,7500156fbf076766a283a280465046e8b9ff02b9,c61e11c1e416b9ce2d996013b444c8e558d35b2b,mcause=7,IDLE,0x22222222,0x22222222,PASS,SIMULATION_EVIDENCE,"/home/mmr/ricv_paper/third_party/ibex/build/local_m7_m7_ibex_composed_0/sim-verilator/Vm7_ibex_composed_top --meminit=ram,/home/mmr/ricv_paper/m7/sw/ibex_composed/IBEX-COMP-03.elf",exit=0; scenario_space=COMP-01..08
35,IBEX-COMP-04,7500156fbf076766a283a280465046e8b9ff02b9,c61e11c1e416b9ce2d996013b444c8e558d35b2b,IDLE,DENY,0x22222222,0x22222222,PASS,SIMULATION_EVIDENCE,"/home/mmr/ricv_paper/third_party/ibex/build/local_m7_m7_ibex_composed_0/sim-verilator/Vm7_ibex_composed_top --meminit=ram,/home/mmr/ricv_paper/m7/sw/ibex_composed/IBEX-COMP-04.elf",exit=0; scenario_space=COMP-01..08
36,IBEX-COMP-05,7500156fbf076766a283a280465046e8b9ff02b9,c61e11c1e416b9ce2d996013b444c8e558d35b2b,IDLE,ALLOW,0xA11D0005,0xA11D0005,PASS,SIMULATION_EVIDENCE,"/home/mmr/ricv_paper/third_party/ibex/build/local_m7_m7_ibex_composed_0/sim-verilator/Vm7_ibex_composed_top --meminit=ram,/home/mmr/ricv_paper/m7/sw/ibex_composed/IBEX-COMP-05.elf",exit=0; scenario_space=COMP-01..08
37,IBEX-COMP-06,7500156fbf076766a283a280465046e8b9ff02b9,c61e11c1e416b9ce2d996013b444c8e558d35b2b,mcause=7,DENY,0x22222222,0x22222222,PASS,SIMULATION_EVIDENCE,"/home/mmr/ricv_paper/third_party/ibex/build/local_m7_m7_ibex_composed_0/sim-verilator/Vm7_ibex_composed_top --meminit=ram,/home/mmr/ricv_paper/m7/sw/ibex_composed/IBEX-COMP-06.elf",exit=0; scenario_space=COMP-01..08
38,IBEX-COMP-07,7500156fbf076766a283a280465046e8b9ff02b9,c61e11c1e416b9ce2d996013b444c8e558d35b2b,mcause=7,ALLOW,0xD00D0007,0xD00D0007,PASS,SIMULATION_EVIDENCE,"/home/mmr/ricv_paper/third_party/ibex/build/local_m7_m7_ibex_composed_0/sim-verilator/Vm7_ibex_composed_top --meminit=ram,/home/mmr/ricv_paper/m7/sw/ibex_composed/IBEX-COMP-07.elf",exit=0; scenario_space=COMP-01..08
39,IBEX-COMP-08,7500156fbf076766a283a280465046e8b9ff02b9,c61e11c1e416b9ce2d996013b444c8e558d35b2b,ALLOW,DENY,0xB0080008,0xB0080008,PASS,SIMULATION_EVIDENCE,"/home/mmr/ricv_paper/third_party/ibex/build/local_m7_m7_ibex_composed_0/sim-verilator/Vm7_ibex_composed_top --meminit=ram,/home/mmr/ricv_paper/m7/sw/ibex_composed/IBEX-COMP-08.elf",exit=0; scenario_space=COMP-01..08
40,IBEX-COMP-01,7500156fbf076766a283a280465046e8b9ff02b9,c61e11c1e416b9ce2d996013b444c8e558d35b2b,ALLOW,IDLE,0xB0010001,0xB0010001,PASS,SIMULATION_EVIDENCE,"/home/mmr/ricv_paper/third_party/ibex/build/local_m7_m7_ibex_composed_0/sim-verilator/Vm7_ibex_composed_top --meminit=ram,/home/mmr/ricv_paper/m7/sw/ibex_composed/IBEX-COMP-01.elf",exit=0; scenario_space=COMP-01..08
41,IBEX-COMP-02,7500156fbf076766a283a280465046e8b9ff02b9,c61e11c1e416b9ce2d996013b444c8e558d35b2b,mcause=5,IDLE,0x22222222,0x22222222,PASS,SIMULATION_EVIDENCE,"/home/mmr/ricv_paper/third_party/ibex/build/local_m7_m7_ibex_composed_0/sim-verilator/Vm7_ibex_composed_top --meminit=ram,/home/mmr/ricv_paper/m7/sw/ibex_composed/IBEX-COMP-02.elf",exit=0; scenario_space=COMP-01..08
42,IBEX-COMP-03,7500156fbf076766a283a280465046e8b9ff02b9,c61e11c1e416b9ce2d996013b444c8e558d35b2b,mcause=7,IDLE,0x22222222,0x22222222,PASS,SIMULATION_EVIDENCE,"/home/mmr/ricv_paper/third_party/ibex/build/local_m7_m7_ibex_composed_0/sim-verilator/Vm7_ibex_composed_top --meminit=ram,/home/mmr/ricv_paper/m7/sw/ibex_composed/IBEX-COMP-03.elf",exit=0; scenario_space=COMP-01..08
43,IBEX-COMP-04,7500156fbf076766a283a280465046e8b9ff02b9,c61e11c1e416b9ce2d996013b444c8e558d35b2b,IDLE,DENY,0x22222222,0x22222222,PASS,SIMULATION_EVIDENCE,"/home/mmr/ricv_paper/third_party/ibex/build/local_m7_m7_ibex_composed_0/sim-verilator/Vm7_ibex_composed_top --meminit=ram,/home/mmr/ricv_paper/m7/sw/ibex_composed/IBEX-COMP-04.elf",exit=0; scenario_space=COMP-01..08
44,IBEX-COMP-05,7500156fbf076766a283a280465046e8b9ff02b9,c61e11c1e416b9ce2d996013b444c8e558d35b2b,IDLE,ALLOW,0xA11D0005,0xA11D0005,PASS,SIMULATION_EVIDENCE,"/home/mmr/ricv_paper/third_party/ibex/build/local_m7_m7_ibex_composed_0/sim-verilator/Vm7_ibex_composed_top --meminit=ram,/home/mmr/ricv_paper/m7/sw/ibex_composed/IBEX-COMP-05.elf",exit=0; scenario_space=COMP-01..08
45,IBEX-COMP-06,7500156fbf076766a283a280465046e8b9ff02b9,c61e11c1e416b9ce2d996013b444c8e558d35b2b,mcause=7,DENY,0x22222222,0x22222222,PASS,SIMULATION_EVIDENCE,"/home/mmr/ricv_paper/third_party/ibex/build/local_m7_m7_ibex_composed_0/sim-verilator/Vm7_ibex_composed_top --meminit=ram,/home/mmr/ricv_paper/m7/sw/ibex_composed/IBEX-COMP-06.elf",exit=0; scenario_space=COMP-01..08
46,IBEX-COMP-07,7500156fbf076766a283a280465046e8b9ff02b9,c61e11c1e416b9ce2d996013b444c8e558d35b2b,mcause=7,ALLOW,0xD00D0007,0xD00D0007,PASS,SIMULATION_EVIDENCE,"/home/mmr/ricv_paper/third_party/ibex/build/local_m7_m7_ibex_composed_0/sim-verilator/Vm7_ibex_composed_top --meminit=ram,/home/mmr/ricv_paper/m7/sw/ibex_composed/IBEX-COMP-07.elf",exit=0; scenario_space=COMP-01..08
47,IBEX-COMP-08,7500156fbf076766a283a280465046e8b9ff02b9,c61e11c1e416b9ce2d996013b444c8e558d35b2b,ALLOW,DENY,0xB0080008,0xB0080008,PASS,SIMULATION_EVIDENCE,"/home/mmr/ricv_paper/third_party/ibex/build/local_m7_m7_ibex_composed_0/sim-verilator/Vm7_ibex_composed_top --meminit=ram,/home/mmr/ricv_paper/m7/sw/ibex_composed/IBEX-COMP-08.elf",exit=0; scenario_space=COMP-01..08
48,IBEX-COMP-01,7500156fbf076766a283a280465046e8b9ff02b9,c61e11c1e416b9ce2d996013b444c8e558d35b2b,ALLOW,IDLE,0xB0010001,0xB0010001,PASS,SIMULATION_EVIDENCE,"/home/mmr/ricv_paper/third_party/ibex/build/local_m7_m7_ibex_composed_0/sim-verilator/Vm7_ibex_composed_top --meminit=ram,/home/mmr/ricv_paper/m7/sw/ibex_composed/IBEX-COMP-01.elf",exit=0; scenario_space=COMP-01..08
49,IBEX-COMP-02,7500156fbf076766a283a280465046e8b9ff02b9,c61e11c1e416b9ce2d996013b444c8e558d35b2b,mcause=5,IDLE,0x22222222,0x22222222,PASS,SIMULATION_EVIDENCE,"/home/mmr/ricv_paper/third_party/ibex/build/local_m7_m7_ibex_composed_0/sim-verilator/Vm7_ibex_composed_top --meminit=ram,/home/mmr/ricv_paper/m7/sw/ibex_composed/IBEX-COMP-02.elf",exit=0; scenario_space=COMP-01..08
50,IBEX-COMP-03,7500156fbf076766a283a280465046e8b9ff02b9,c61e11c1e416b9ce2d996013b444c8e558d35b2b,mcause=7,IDLE,0x22222222,0x22222222,PASS,SIMULATION_EVIDENCE,"/home/mmr/ricv_paper/third_party/ibex/build/local_m7_m7_ibex_composed_0/sim-verilator/Vm7_ibex_composed_top --meminit=ram,/home/mmr/ricv_paper/m7/sw/ibex_composed/IBEX-COMP-03.elf",exit=0; scenario_space=COMP-01..08
51,IBEX-COMP-04,7500156fbf076766a283a280465046e8b9ff02b9,c61e11c1e416b9ce2d996013b444c8e558d35b2b,IDLE,DENY,0x22222222,0x22222222,PASS,SIMULATION_EVIDENCE,"/home/mmr/ricv_paper/third_party/ibex/build/local_m7_m7_ibex_composed_0/sim-verilator/Vm7_ibex_composed_top --meminit=ram,/home/mmr/ricv_paper/m7/sw/ibex_composed/IBEX-COMP-04.elf",exit=0; scenario_space=COMP-01..08
52,IBEX-COMP-05,7500156fbf076766a283a280465046e8b9ff02b9,c61e11c1e416b9ce2d996013b444c8e558d35b2b,IDLE,ALLOW,0xA11D0005,0xA11D0005,PASS,SIMULATION_EVIDENCE,"/home/mmr/ricv_paper/third_party/ibex/build/local_m7_m7_ibex_composed_0/sim-verilator/Vm7_ibex_composed_top --meminit=ram,/home/mmr/ricv_paper/m7/sw/ibex_composed/IBEX-COMP-05.elf",exit=0; scenario_space=COMP-01..08
53,IBEX-COMP-06,7500156fbf076766a283a280465046e8b9ff02b9,c61e11c1e416b9ce2d996013b444c8e558d35b2b,mcause=7,DENY,0x22222222,0x22222222,PASS,SIMULATION_EVIDENCE,"/home/mmr/ricv_paper/third_party/ibex/build/local_m7_m7_ibex_composed_0/sim-verilator/Vm7_ibex_composed_top --meminit=ram,/home/mmr/ricv_paper/m7/sw/ibex_composed/IBEX-COMP-06.elf",exit=0; scenario_space=COMP-01..08
54,IBEX-COMP-07,7500156fbf076766a283a280465046e8b9ff02b9,c61e11c1e416b9ce2d996013b444c8e558d35b2b,mcause=7,ALLOW,0xD00D0007,0xD00D0007,PASS,SIMULATION_EVIDENCE,"/home/mmr/ricv_paper/third_party/ibex/build/local_m7_m7_ibex_composed_0/sim-verilator/Vm7_ibex_composed_top --meminit=ram,/home/mmr/ricv_paper/m7/sw/ibex_composed/IBEX-COMP-07.elf",exit=0; scenario_space=COMP-01..08
55,IBEX-COMP-08,7500156fbf076766a283a280465046e8b9ff02b9,c61e11c1e416b9ce2d996013b444c8e558d35b2b,ALLOW,DENY,0xB0080008,0xB0080008,PASS,SIMULATION_EVIDENCE,"/home/mmr/ricv_paper/third_party/ibex/build/local_m7_m7_ibex_composed_0/sim-verilator/Vm7_ibex_composed_top --meminit=ram,/home/mmr/ricv_paper/m7/sw/ibex_composed/IBEX-COMP-08.elf",exit=0; scenario_space=COMP-01..08
56,IBEX-COMP-01,7500156fbf076766a283a280465046e8b9ff02b9,c61e11c1e416b9ce2d996013b444c8e558d35b2b,ALLOW,IDLE,0xB0010001,0xB0010001,PASS,SIMULATION_EVIDENCE,"/home/mmr/ricv_paper/third_party/ibex/build/local_m7_m7_ibex_composed_0/sim-verilator/Vm7_ibex_composed_top --meminit=ram,/home/mmr/ricv_paper/m7/sw/ibex_composed/IBEX-COMP-01.elf",exit=0; scenario_space=COMP-01..08
57,IBEX-COMP-02,7500156fbf076766a283a280465046e8b9ff02b9,c61e11c1e416b9ce2d996013b444c8e558d35b2b,mcause=5,IDLE,0x22222222,0x22222222,PASS,SIMULATION_EVIDENCE,"/home/mmr/ricv_paper/third_party/ibex/build/local_m7_m7_ibex_composed_0/sim-verilator/Vm7_ibex_composed_top --meminit=ram,/home/mmr/ricv_paper/m7/sw/ibex_composed/IBEX-COMP-02.elf",exit=0; scenario_space=COMP-01..08
58,IBEX-COMP-03,7500156fbf076766a283a280465046e8b9ff02b9,c61e11c1e416b9ce2d996013b444c8e558d35b2b,mcause=7,IDLE,0x22222222,0x22222222,PASS,SIMULATION_EVIDENCE,"/home/mmr/ricv_paper/third_party/ibex/build/local_m7_m7_ibex_composed_0/sim-verilator/Vm7_ibex_composed_top --meminit=ram,/home/mmr/ricv_paper/m7/sw/ibex_composed/IBEX-COMP-03.elf",exit=0; scenario_space=COMP-01..08
59,IBEX-COMP-04,7500156fbf076766a283a280465046e8b9ff02b9,c61e11c1e416b9ce2d996013b444c8e558d35b2b,IDLE,DENY,0x22222222,0x22222222,PASS,SIMULATION_EVIDENCE,"/home/mmr/ricv_paper/third_party/ibex/build/local_m7_m7_ibex_composed_0/sim-verilator/Vm7_ibex_composed_top --meminit=ram,/home/mmr/ricv_paper/m7/sw/ibex_composed/IBEX-COMP-04.elf",exit=0; scenario_space=COMP-01..08
60,IBEX-COMP-05,7500156fbf076766a283a280465046e8b9ff02b9,c61e11c1e416b9ce2d996013b444c8e558d35b2b,IDLE,ALLOW,0xA11D0005,0xA11D0005,PASS,SIMULATION_EVIDENCE,"/home/mmr/ricv_paper/third_party/ibex/build/local_m7_m7_ibex_composed_0/sim-verilator/Vm7_ibex_composed_top --meminit=ram,/home/mmr/ricv_paper/m7/sw/ibex_composed/IBEX-COMP-05.elf",exit=0; scenario_space=COMP-01..08
61,IBEX-COMP-06,7500156fbf076766a283a280465046e8b9ff02b9,c61e11c1e416b9ce2d996013b444c8e558d35b2b,mcause=7,DENY,0x22222222,0x22222222,PASS,SIMULATION_EVIDENCE,"/home/mmr/ricv_paper/third_party/ibex/build/local_m7_m7_ibex_composed_0/sim-verilator/Vm7_ibex_composed_top --meminit=ram,/home/mmr/ricv_paper/m7/sw/ibex_composed/IBEX-COMP-06.elf",exit=0; scenario_space=COMP-01..08
62,IBEX-COMP-07,7500156fbf076766a283a280465046e8b9ff02b9,c61e11c1e416b9ce2d996013b444c8e558d35b2b,mcause=7,ALLOW,0xD00D0007,0xD00D0007,PASS,SIMULATION_EVIDENCE,"/home/mmr/ricv_paper/third_party/ibex/build/local_m7_m7_ibex_composed_0/sim-verilator/Vm7_ibex_composed_top --meminit=ram,/home/mmr/ricv_paper/m7/sw/ibex_composed/IBEX-COMP-07.elf",exit=0; scenario_space=COMP-01..08
63,IBEX-COMP-08,7500156fbf076766a283a280465046e8b9ff02b9,c61e11c1e416b9ce2d996013b444c8e558d35b2b,ALLOW,DENY,0xB0080008,0xB0080008,PASS,SIMULATION_EVIDENCE,"/home/mmr/ricv_paper/third_party/ibex/build/local_m7_m7_ibex_composed_0/sim-verilator/Vm7_ibex_composed_top --meminit=ram,/home/mmr/ricv_paper/m7/sw/ibex_composed/IBEX-COMP-08.elf",exit=0; scenario_space=COMP-01..08
64,IBEX-COMP-01,7500156fbf076766a283a280465046e8b9ff02b9,c61e11c1e416b9ce2d996013b444c8e558d35b2b,ALLOW,IDLE,0xB0010001,0xB0010001,PASS,SIMULATION_EVIDENCE,"/home/mmr/ricv_paper/third_party/ibex/build/local_m7_m7_ibex_composed_0/sim-verilator/Vm7_ibex_composed_top --meminit=ram,/home/mmr/ricv_paper/m7/sw/ibex_composed/IBEX-COMP-01.elf",exit=0; scenario_space=COMP-01..08
65,IBEX-COMP-02,7500156fbf076766a283a280465046e8b9ff02b9,c61e11c1e416b9ce2d996013b444c8e558d35b2b,mcause=5,IDLE,0x22222222,0x22222222,PASS,SIMULATION_EVIDENCE,"/home/mmr/ricv_paper/third_party/ibex/build/local_m7_m7_ibex_composed_0/sim-verilator/Vm7_ibex_composed_top --meminit=ram,/home/mmr/ricv_paper/m7/sw/ibex_composed/IBEX-COMP-02.elf",exit=0; scenario_space=COMP-01..08
66,IBEX-COMP-03,7500156fbf076766a283a280465046e8b9ff02b9,c61e11c1e416b9ce2d996013b444c8e558d35b2b,mcause=7,IDLE,0x22222222,0x22222222,PASS,SIMULATION_EVIDENCE,"/home/mmr/ricv_paper/third_party/ibex/build/local_m7_m7_ibex_composed_0/sim-verilator/Vm7_ibex_composed_top --meminit=ram,/home/mmr/ricv_paper/m7/sw/ibex_composed/IBEX-COMP-03.elf",exit=0; scenario_space=COMP-01..08
67,IBEX-COMP-04,7500156fbf076766a283a280465046e8b9ff02b9,c61e11c1e416b9ce2d996013b444c8e558d35b2b,IDLE,DENY,0x22222222,0x22222222,PASS,SIMULATION_EVIDENCE,"/home/mmr/ricv_paper/third_party/ibex/build/local_m7_m7_ibex_composed_0/sim-verilator/Vm7_ibex_composed_top --meminit=ram,/home/mmr/ricv_paper/m7/sw/ibex_composed/IBEX-COMP-04.elf",exit=0; scenario_space=COMP-01..08
68,IBEX-COMP-05,7500156fbf076766a283a280465046e8b9ff02b9,c61e11c1e416b9ce2d996013b444c8e558d35b2b,IDLE,ALLOW,0xA11D0005,0xA11D0005,PASS,SIMULATION_EVIDENCE,"/home/mmr/ricv_paper/third_party/ibex/build/local_m7_m7_ibex_composed_0/sim-verilator/Vm7_ibex_composed_top --meminit=ram,/home/mmr/ricv_paper/m7/sw/ibex_composed/IBEX-COMP-05.elf",exit=0; scenario_space=COMP-01..08
69,IBEX-COMP-06,7500156fbf076766a283a280465046e8b9ff02b9,c61e11c1e416b9ce2d996013b444c8e558d35b2b,mcause=7,DENY,0x22222222,0x22222222,PASS,SIMULATION_EVIDENCE,"/home/mmr/ricv_paper/third_party/ibex/build/local_m7_m7_ibex_composed_0/sim-verilator/Vm7_ibex_composed_top --meminit=ram,/home/mmr/ricv_paper/m7/sw/ibex_composed/IBEX-COMP-06.elf",exit=0; scenario_space=COMP-01..08
70,IBEX-COMP-07,7500156fbf076766a283a280465046e8b9ff02b9,c61e11c1e416b9ce2d996013b444c8e558d35b2b,mcause=7,ALLOW,0xD00D0007,0xD00D0007,PASS,SIMULATION_EVIDENCE,"/home/mmr/ricv_paper/third_party/ibex/build/local_m7_m7_ibex_composed_0/sim-verilator/Vm7_ibex_composed_top --meminit=ram,/home/mmr/ricv_paper/m7/sw/ibex_composed/IBEX-COMP-07.elf",exit=0; scenario_space=COMP-01..08
71,IBEX-COMP-08,7500156fbf076766a283a280465046e8b9ff02b9,c61e11c1e416b9ce2d996013b444c8e558d35b2b,ALLOW,DENY,0xB0080008,0xB0080008,PASS,SIMULATION_EVIDENCE,"/home/mmr/ricv_paper/third_party/ibex/build/local_m7_m7_ibex_composed_0/sim-verilator/Vm7_ibex_composed_top --meminit=ram,/home/mmr/ricv_paper/m7/sw/ibex_composed/IBEX-COMP-08.elf",exit=0; scenario_space=COMP-01..08
72,IBEX-COMP-01,7500156fbf076766a283a280465046e8b9ff02b9,c61e11c1e416b9ce2d996013b444c8e558d35b2b,ALLOW,IDLE,0xB0010001,0xB0010001,PASS,SIMULATION_EVIDENCE,"/home/mmr/ricv_paper/third_party/ibex/build/local_m7_m7_ibex_composed_0/sim-verilator/Vm7_ibex_composed_top --meminit=ram,/home/mmr/ricv_paper/m7/sw/ibex_composed/IBEX-COMP-01.elf",exit=0; scenario_space=COMP-01..08
73,IBEX-COMP-02,7500156fbf076766a283a280465046e8b9ff02b9,c61e11c1e416b9ce2d996013b444c8e558d35b2b,mcause=5,IDLE,0x22222222,0x22222222,PASS,SIMULATION_EVIDENCE,"/home/mmr/ricv_paper/third_party/ibex/build/local_m7_m7_ibex_composed_0/sim-verilator/Vm7_ibex_composed_top --meminit=ram,/home/mmr/ricv_paper/m7/sw/ibex_composed/IBEX-COMP-02.elf",exit=0; scenario_space=COMP-01..08
74,IBEX-COMP-03,7500156fbf076766a283a280465046e8b9ff02b9,c61e11c1e416b9ce2d996013b444c8e558d35b2b,mcause=7,IDLE,0x22222222,0x22222222,PASS,SIMULATION_EVIDENCE,"/home/mmr/ricv_paper/third_party/ibex/build/local_m7_m7_ibex_composed_0/sim-verilator/Vm7_ibex_composed_top --meminit=ram,/home/mmr/ricv_paper/m7/sw/ibex_composed/IBEX-COMP-03.elf",exit=0; scenario_space=COMP-01..08
75,IBEX-COMP-04,7500156fbf076766a283a280465046e8b9ff02b9,c61e11c1e416b9ce2d996013b444c8e558d35b2b,IDLE,DENY,0x22222222,0x22222222,PASS,SIMULATION_EVIDENCE,"/home/mmr/ricv_paper/third_party/ibex/build/local_m7_m7_ibex_composed_0/sim-verilator/Vm7_ibex_composed_top --meminit=ram,/home/mmr/ricv_paper/m7/sw/ibex_composed/IBEX-COMP-04.elf",exit=0; scenario_space=COMP-01..08
76,IBEX-COMP-05,7500156fbf076766a283a280465046e8b9ff02b9,c61e11c1e416b9ce2d996013b444c8e558d35b2b,IDLE,ALLOW,0xA11D0005,0xA11D0005,PASS,SIMULATION_EVIDENCE,"/home/mmr/ricv_paper/third_party/ibex/build/local_m7_m7_ibex_composed_0/sim-verilator/Vm7_ibex_composed_top --meminit=ram,/home/mmr/ricv_paper/m7/sw/ibex_composed/IBEX-COMP-05.elf",exit=0; scenario_space=COMP-01..08
77,IBEX-COMP-06,7500156fbf076766a283a280465046e8b9ff02b9,c61e11c1e416b9ce2d996013b444c8e558d35b2b,mcause=7,DENY,0x22222222,0x22222222,PASS,SIMULATION_EVIDENCE,"/home/mmr/ricv_paper/third_party/ibex/build/local_m7_m7_ibex_composed_0/sim-verilator/Vm7_ibex_composed_top --meminit=ram,/home/mmr/ricv_paper/m7/sw/ibex_composed/IBEX-COMP-06.elf",exit=0; scenario_space=COMP-01..08
78,IBEX-COMP-07,7500156fbf076766a283a280465046e8b9ff02b9,c61e11c1e416b9ce2d996013b444c8e558d35b2b,mcause=7,ALLOW,0xD00D0007,0xD00D0007,PASS,SIMULATION_EVIDENCE,"/home/mmr/ricv_paper/third_party/ibex/build/local_m7_m7_ibex_composed_0/sim-verilator/Vm7_ibex_composed_top --meminit=ram,/home/mmr/ricv_paper/m7/sw/ibex_composed/IBEX-COMP-07.elf",exit=0; scenario_space=COMP-01..08
79,IBEX-COMP-08,7500156fbf076766a283a280465046e8b9ff02b9,c61e11c1e416b9ce2d996013b444c8e558d35b2b,ALLOW,DENY,0xB0080008,0xB0080008,PASS,SIMULATION_EVIDENCE,"/home/mmr/ricv_paper/third_party/ibex/build/local_m7_m7_ibex_composed_0/sim-verilator/Vm7_ibex_composed_top --meminit=ram,/home/mmr/ricv_paper/m7/sw/ibex_composed/IBEX-COMP-08.elf",exit=0; scenario_space=COMP-01..08
80,IBEX-COMP-01,7500156fbf076766a283a280465046e8b9ff02b9,c61e11c1e416b9ce2d996013b444c8e558d35b2b,ALLOW,IDLE,0xB0010001,0xB0010001,PASS,SIMULATION_EVIDENCE,"/home/mmr/ricv_paper/third_party/ibex/build/local_m7_m7_ibex_composed_0/sim-verilator/Vm7_ibex_composed_top --meminit=ram,/home/mmr/ricv_paper/m7/sw/ibex_composed/IBEX-COMP-01.elf",exit=0; scenario_space=COMP-01..08
81,IBEX-COMP-02,7500156fbf076766a283a280465046e8b9ff02b9,c61e11c1e416b9ce2d996013b444c8e558d35b2b,mcause=5,IDLE,0x22222222,0x22222222,PASS,SIMULATION_EVIDENCE,"/home/mmr/ricv_paper/third_party/ibex/build/local_m7_m7_ibex_composed_0/sim-verilator/Vm7_ibex_composed_top --meminit=ram,/home/mmr/ricv_paper/m7/sw/ibex_composed/IBEX-COMP-02.elf",exit=0; scenario_space=COMP-01..08
82,IBEX-COMP-03,7500156fbf076766a283a280465046e8b9ff02b9,c61e11c1e416b9ce2d996013b444c8e558d35b2b,mcause=7,IDLE,0x22222222,0x22222222,PASS,SIMULATION_EVIDENCE,"/home/mmr/ricv_paper/third_party/ibex/build/local_m7_m7_ibex_composed_0/sim-verilator/Vm7_ibex_composed_top --meminit=ram,/home/mmr/ricv_paper/m7/sw/ibex_composed/IBEX-COMP-03.elf",exit=0; scenario_space=COMP-01..08
83,IBEX-COMP-04,7500156fbf076766a283a280465046e8b9ff02b9,c61e11c1e416b9ce2d996013b444c8e558d35b2b,IDLE,DENY,0x22222222,0x22222222,PASS,SIMULATION_EVIDENCE,"/home/mmr/ricv_paper/third_party/ibex/build/local_m7_m7_ibex_composed_0/sim-verilator/Vm7_ibex_composed_top --meminit=ram,/home/mmr/ricv_paper/m7/sw/ibex_composed/IBEX-COMP-04.elf",exit=0; scenario_space=COMP-01..08
84,IBEX-COMP-05,7500156fbf076766a283a280465046e8b9ff02b9,c61e11c1e416b9ce2d996013b444c8e558d35b2b,IDLE,ALLOW,0xA11D0005,0xA11D0005,PASS,SIMULATION_EVIDENCE,"/home/mmr/ricv_paper/third_party/ibex/build/local_m7_m7_ibex_composed_0/sim-verilator/Vm7_ibex_composed_top --meminit=ram,/home/mmr/ricv_paper/m7/sw/ibex_composed/IBEX-COMP-05.elf",exit=0; scenario_space=COMP-01..08
85,IBEX-COMP-06,7500156fbf076766a283a280465046e8b9ff02b9,c61e11c1e416b9ce2d996013b444c8e558d35b2b,mcause=7,DENY,0x22222222,0x22222222,PASS,SIMULATION_EVIDENCE,"/home/mmr/ricv_paper/third_party/ibex/build/local_m7_m7_ibex_composed_0/sim-verilator/Vm7_ibex_composed_top --meminit=ram,/home/mmr/ricv_paper/m7/sw/ibex_composed/IBEX-COMP-06.elf",exit=0; scenario_space=COMP-01..08
86,IBEX-COMP-07,7500156fbf076766a283a280465046e8b9ff02b9,c61e11c1e416b9ce2d996013b444c8e558d35b2b,mcause=7,ALLOW,0xD00D0007,0xD00D0007,PASS,SIMULATION_EVIDENCE,"/home/mmr/ricv_paper/third_party/ibex/build/local_m7_m7_ibex_composed_0/sim-verilator/Vm7_ibex_composed_top --meminit=ram,/home/mmr/ricv_paper/m7/sw/ibex_composed/IBEX-COMP-07.elf",exit=0; scenario_space=COMP-01..08
87,IBEX-COMP-08,7500156fbf076766a283a280465046e8b9ff02b9,c61e11c1e416b9ce2d996013b444c8e558d35b2b,ALLOW,DENY,0xB0080008,0xB0080008,PASS,SIMULATION_EVIDENCE,"/home/mmr/ricv_paper/third_party/ibex/build/local_m7_m7_ibex_composed_0/sim-verilator/Vm7_ibex_composed_top --meminit=ram,/home/mmr/ricv_paper/m7/sw/ibex_composed/IBEX-COMP-08.elf",exit=0; scenario_space=COMP-01..08
88,IBEX-COMP-01,7500156fbf076766a283a280465046e8b9ff02b9,c61e11c1e416b9ce2d996013b444c8e558d35b2b,ALLOW,IDLE,0xB0010001,0xB0010001,PASS,SIMULATION_EVIDENCE,"/home/mmr/ricv_paper/third_party/ibex/build/local_m7_m7_ibex_composed_0/sim-verilator/Vm7_ibex_composed_top --meminit=ram,/home/mmr/ricv_paper/m7/sw/ibex_composed/IBEX-COMP-01.elf",exit=0; scenario_space=COMP-01..08
89,IBEX-COMP-02,7500156fbf076766a283a280465046e8b9ff02b9,c61e11c1e416b9ce2d996013b444c8e558d35b2b,mcause=5,IDLE,0x22222222,0x22222222,PASS,SIMULATION_EVIDENCE,"/home/mmr/ricv_paper/third_party/ibex/build/local_m7_m7_ibex_composed_0/sim-verilator/Vm7_ibex_composed_top --meminit=ram,/home/mmr/ricv_paper/m7/sw/ibex_composed/IBEX-COMP-02.elf",exit=0; scenario_space=COMP-01..08
90,IBEX-COMP-03,7500156fbf076766a283a280465046e8b9ff02b9,c61e11c1e416b9ce2d996013b444c8e558d35b2b,mcause=7,IDLE,0x22222222,0x22222222,PASS,SIMULATION_EVIDENCE,"/home/mmr/ricv_paper/third_party/ibex/build/local_m7_m7_ibex_composed_0/sim-verilator/Vm7_ibex_composed_top --meminit=ram,/home/mmr/ricv_paper/m7/sw/ibex_composed/IBEX-COMP-03.elf",exit=0; scenario_space=COMP-01..08
91,IBEX-COMP-04,7500156fbf076766a283a280465046e8b9ff02b9,c61e11c1e416b9ce2d996013b444c8e558d35b2b,IDLE,DENY,0x22222222,0x22222222,PASS,SIMULATION_EVIDENCE,"/home/mmr/ricv_paper/third_party/ibex/build/local_m7_m7_ibex_composed_0/sim-verilator/Vm7_ibex_composed_top --meminit=ram,/home/mmr/ricv_paper/m7/sw/ibex_composed/IBEX-COMP-04.elf",exit=0; scenario_space=COMP-01..08
92,IBEX-COMP-05,7500156fbf076766a283a280465046e8b9ff02b9,c61e11c1e416b9ce2d996013b444c8e558d35b2b,IDLE,ALLOW,0xA11D0005,0xA11D0005,PASS,SIMULATION_EVIDENCE,"/home/mmr/ricv_paper/third_party/ibex/build/local_m7_m7_ibex_composed_0/sim-verilator/Vm7_ibex_composed_top --meminit=ram,/home/mmr/ricv_paper/m7/sw/ibex_composed/IBEX-COMP-05.elf",exit=0; scenario_space=COMP-01..08
93,IBEX-COMP-06,7500156fbf076766a283a280465046e8b9ff02b9,c61e11c1e416b9ce2d996013b444c8e558d35b2b,mcause=7,DENY,0x22222222,0x22222222,PASS,SIMULATION_EVIDENCE,"/home/mmr/ricv_paper/third_party/ibex/build/local_m7_m7_ibex_composed_0/sim-verilator/Vm7_ibex_composed_top --meminit=ram,/home/mmr/ricv_paper/m7/sw/ibex_composed/IBEX-COMP-06.elf",exit=0; scenario_space=COMP-01..08
94,IBEX-COMP-07,7500156fbf076766a283a280465046e8b9ff02b9,c61e11c1e416b9ce2d996013b444c8e558d35b2b,mcause=7,ALLOW,0xD00D0007,0xD00D0007,PASS,SIMULATION_EVIDENCE,"/home/mmr/ricv_paper/third_party/ibex/build/local_m7_m7_ibex_composed_0/sim-verilator/Vm7_ibex_composed_top --meminit=ram,/home/mmr/ricv_paper/m7/sw/ibex_composed/IBEX-COMP-07.elf",exit=0; scenario_space=COMP-01..08
95,IBEX-COMP-08,7500156fbf076766a283a280465046e8b9ff02b9,c61e11c1e416b9ce2d996013b444c8e558d35b2b,ALLOW,DENY,0xB0080008,0xB0080008,PASS,SIMULATION_EVIDENCE,"/home/mmr/ricv_paper/third_party/ibex/build/local_m7_m7_ibex_composed_0/sim-verilator/Vm7_ibex_composed_top --meminit=ram,/home/mmr/ricv_paper/m7/sw/ibex_composed/IBEX-COMP-08.elf",exit=0; scenario_space=COMP-01..08
96,IBEX-COMP-01,7500156fbf076766a283a280465046e8b9ff02b9,c61e11c1e416b9ce2d996013b444c8e558d35b2b,ALLOW,IDLE,0xB0010001,0xB0010001,PASS,SIMULATION_EVIDENCE,"/home/mmr/ricv_paper/third_party/ibex/build/local_m7_m7_ibex_composed_0/sim-verilator/Vm7_ibex_composed_top --meminit=ram,/home/mmr/ricv_paper/m7/sw/ibex_composed/IBEX-COMP-01.elf",exit=0; scenario_space=COMP-01..08
97,IBEX-COMP-02,7500156fbf076766a283a280465046e8b9ff02b9,c61e11c1e416b9ce2d996013b444c8e558d35b2b,mcause=5,IDLE,0x22222222,0x22222222,PASS,SIMULATION_EVIDENCE,"/home/mmr/ricv_paper/third_party/ibex/build/local_m7_m7_ibex_composed_0/sim-verilator/Vm7_ibex_composed_top --meminit=ram,/home/mmr/ricv_paper/m7/sw/ibex_composed/IBEX-COMP-02.elf",exit=0; scenario_space=COMP-01..08
98,IBEX-COMP-03,7500156fbf076766a283a280465046e8b9ff02b9,c61e11c1e416b9ce2d996013b444c8e558d35b2b,mcause=7,IDLE,0x22222222,0x22222222,PASS,SIMULATION_EVIDENCE,"/home/mmr/ricv_paper/third_party/ibex/build/local_m7_m7_ibex_composed_0/sim-verilator/Vm7_ibex_composed_top --meminit=ram,/home/mmr/ricv_paper/m7/sw/ibex_composed/IBEX-COMP-03.elf",exit=0; scenario_space=COMP-01..08
99,IBEX-COMP-04,7500156fbf076766a283a280465046e8b9ff02b9,c61e11c1e416b9ce2d996013b444c8e558d35b2b,IDLE,DENY,0x22222222,0x22222222,PASS,SIMULATION_EVIDENCE,"/home/mmr/ricv_paper/third_party/ibex/build/local_m7_m7_ibex_composed_0/sim-verilator/Vm7_ibex_composed_top --meminit=ram,/home/mmr/ricv_paper/m7/sw/ibex_composed/IBEX-COMP-04.elf",exit=0; scenario_space=COMP-01..08
