test_id,reset_model,metric,cycles
ORD-A,RST-A,epoch_to_cpu_release,25
ORD-A,RST-A,epoch_to_dma_release,30
ORD-A,RST-A,epoch_to_iopmp_release,10
ORD-A,RST-A,epoch_to_sec_release,12
ORD-A,RST-A,epoch_to_ic_release,15
ORD-A,RST-A,iopmp_release_to_iopmp_ready,39
ORD-A,RST-A,last_security_milestone_to_secure_ready,37
ORD-A,RST-A,epoch_start_to_secure_ready,49
ORD-A,RST-A,secure_ready_to_auth_dma_req,10
ORD-A,RST-B,epoch_to_cpu_release,25
ORD-A,RST-B,epoch_to_dma_release,30
ORD-A,RST-B,epoch_to_iopmp_release,10
ORD-A,RST-B,epoch_to_sec_release,12
ORD-A,RST-B,epoch_to_ic_release,15
ORD-A,RST-B,iopmp_release_to_iopmp_ready,32
ORD-A,RST-B,last_security_milestone_to_secure_ready,30
ORD-A,RST-B,epoch_start_to_secure_ready,42
ORD-A,RST-B,secure_ready_to_auth_dma_req,10
ORD-A,RST-B,secure_ready_to_auth_commit,18
ORD-B,RST-A,epoch_to_cpu_release,10
ORD-B,RST-A,epoch_to_dma_release,30
ORD-B,RST-A,epoch_to_iopmp_release,15
ORD-B,RST-A,epoch_to_sec_release,18
ORD-B,RST-A,epoch_to_ic_release,22
ORD-B,RST-A,iopmp_release_to_iopmp_ready,34
ORD-B,RST-A,last_security_milestone_to_secure_ready,31
ORD-B,RST-A,epoch_start_to_secure_ready,49
ORD-B,RST-A,secure_ready_to_auth_dma_req,10
ORD-B,RST-B,epoch_to_cpu_release,10
ORD-B,RST-B,epoch_to_dma_release,30
ORD-B,RST-B,epoch_to_iopmp_release,15
ORD-B,RST-B,epoch_to_sec_release,18
ORD-B,RST-B,epoch_to_ic_release,22
ORD-B,RST-B,iopmp_release_to_iopmp_ready,27
ORD-B,RST-B,last_security_milestone_to_secure_ready,24
ORD-B,RST-B,epoch_start_to_secure_ready,42
ORD-B,RST-B,secure_ready_to_auth_dma_req,10
ORD-B,RST-B,secure_ready_to_auth_commit,18
ORD-C,RST-A,epoch_to_cpu_release,20
ORD-C,RST-A,epoch_to_dma_release,10
ORD-C,RST-A,epoch_to_iopmp_release,25
ORD-C,RST-A,epoch_to_sec_release,28
ORD-C,RST-A,epoch_to_ic_release,32
ORD-C,RST-A,iopmp_release_to_iopmp_ready,26
ORD-C,RST-A,last_security_milestone_to_secure_ready,23
ORD-C,RST-A,epoch_start_to_secure_ready,51
ORD-C,RST-A,secure_ready_to_auth_dma_req,10
ORD-C,RST-B,epoch_to_cpu_release,20
ORD-C,RST-B,epoch_to_dma_release,10
ORD-C,RST-B,epoch_to_iopmp_release,25
ORD-C,RST-B,epoch_to_sec_release,28
ORD-C,RST-B,epoch_to_ic_release,32
ORD-C,RST-B,iopmp_release_to_iopmp_ready,19
ORD-C,RST-B,last_security_milestone_to_secure_ready,16
ORD-C,RST-B,epoch_start_to_secure_ready,44
ORD-C,RST-B,secure_ready_to_auth_dma_req,10
ORD-C,RST-B,secure_ready_to_auth_commit,18
ORD-D,RST-A,epoch_to_cpu_release,30
ORD-D,RST-A,epoch_to_dma_release,10
ORD-D,RST-A,epoch_to_iopmp_release,15
ORD-D,RST-A,epoch_to_sec_release,18
ORD-D,RST-A,epoch_to_ic_release,22
ORD-D,RST-A,iopmp_release_to_iopmp_ready,34
ORD-D,RST-A,last_security_milestone_to_secure_ready,31
ORD-D,RST-A,epoch_start_to_secure_ready,49
ORD-D,RST-A,secure_ready_to_auth_dma_req,10
ORD-D,RST-B,epoch_to_cpu_release,30
ORD-D,RST-B,epoch_to_dma_release,10
ORD-D,RST-B,epoch_to_iopmp_release,15
ORD-D,RST-B,epoch_to_sec_release,18
ORD-D,RST-B,epoch_to_ic_release,22
ORD-D,RST-B,iopmp_release_to_iopmp_ready,27
ORD-D,RST-B,last_security_milestone_to_secure_ready,24
ORD-D,RST-B,epoch_start_to_secure_ready,42
ORD-D,RST-B,secure_ready_to_auth_dma_req,10
ORD-D,RST-B,secure_ready_to_auth_commit,18
ORD-E,RST-A,epoch_to_cpu_release,15
ORD-E,RST-A,epoch_to_dma_release,15
ORD-E,RST-A,epoch_to_iopmp_release,15
ORD-E,RST-A,epoch_to_sec_release,15
ORD-E,RST-A,epoch_to_ic_release,15
ORD-E,RST-A,iopmp_release_to_iopmp_ready,19
ORD-E,RST-A,last_security_milestone_to_secure_ready,19
ORD-E,RST-A,epoch_start_to_secure_ready,34
ORD-E,RST-A,secure_ready_to_auth_dma_req,10
ORD-E,RST-B,epoch_to_cpu_release,15
ORD-E,RST-B,epoch_to_dma_release,15
ORD-E,RST-B,epoch_to_iopmp_release,15
ORD-E,RST-B,epoch_to_sec_release,15
ORD-E,RST-B,epoch_to_ic_release,15
ORD-E,RST-B,iopmp_release_to_iopmp_ready,12
ORD-E,RST-B,last_security_milestone_to_secure_ready,12
ORD-E,RST-B,epoch_start_to_secure_ready,27
ORD-E,RST-B,secure_ready_to_auth_dma_req,10
ORD-E,RST-B,secure_ready_to_auth_commit,18
ORD-F,RST-A,epoch_to_cpu_release,10
ORD-F,RST-A,epoch_to_dma_release,12
ORD-F,RST-A,epoch_to_iopmp_release,30
ORD-F,RST-A,epoch_to_sec_release,25
ORD-F,RST-A,epoch_to_ic_release,18
ORD-F,RST-A,iopmp_release_to_iopmp_ready,19
ORD-F,RST-A,last_security_milestone_to_secure_ready,24
ORD-F,RST-A,epoch_start_to_secure_ready,49
ORD-F,RST-A,secure_ready_to_auth_dma_req,10
ORD-F,RST-B,epoch_to_cpu_release,10
ORD-F,RST-B,epoch_to_dma_release,12
ORD-F,RST-B,epoch_to_iopmp_release,30
ORD-F,RST-B,epoch_to_sec_release,25
ORD-F,RST-B,epoch_to_ic_release,18
ORD-F,RST-B,iopmp_release_to_iopmp_ready,12
ORD-F,RST-B,last_security_milestone_to_secure_ready,17
ORD-F,RST-B,epoch_start_to_secure_ready,42
ORD-F,RST-B,secure_ready_to_auth_dma_req,10
ORD-F,RST-B,secure_ready_to_auth_commit,18
ORD-G,RST-A,epoch_to_cpu_release,10
ORD-G,RST-A,epoch_to_dma_release,14
ORD-G,RST-A,epoch_to_iopmp_release,12
ORD-G,RST-A,epoch_to_sec_release,30
ORD-G,RST-A,epoch_to_ic_release,16
ORD-G,RST-A,iopmp_release_to_iopmp_ready,37
ORD-G,RST-A,last_security_milestone_to_secure_ready,19
ORD-G,RST-A,epoch_start_to_secure_ready,49
ORD-G,RST-A,secure_ready_to_auth_dma_req,10
ORD-G,RST-B,epoch_to_cpu_release,10
ORD-G,RST-B,epoch_to_dma_release,14
ORD-G,RST-B,epoch_to_iopmp_release,12
ORD-G,RST-B,epoch_to_sec_release,30
ORD-G,RST-B,epoch_to_ic_release,16
ORD-G,RST-B,iopmp_release_to_iopmp_ready,30
ORD-G,RST-B,last_security_milestone_to_secure_ready,12
ORD-G,RST-B,epoch_start_to_secure_ready,42
ORD-G,RST-B,secure_ready_to_auth_dma_req,10
ORD-G,RST-B,secure_ready_to_auth_commit,18
ORD-H,RST-A,epoch_to_cpu_release,10
ORD-H,RST-A,epoch_to_dma_release,14
ORD-H,RST-A,epoch_to_iopmp_release,12
ORD-H,RST-A,epoch_to_sec_release,16
ORD-H,RST-A,epoch_to_ic_release,30
ORD-H,RST-A,iopmp_release_to_iopmp_ready,37
ORD-H,RST-A,last_security_milestone_to_secure_ready,33
ORD-H,RST-A,epoch_start_to_secure_ready,49
ORD-H,RST-A,secure_ready_to_auth_dma_req,10
ORD-H,RST-B,epoch_to_cpu_release,10
ORD-H,RST-B,epoch_to_dma_release,14
ORD-H,RST-B,epoch_to_iopmp_release,12
ORD-H,RST-B,epoch_to_sec_release,16
ORD-H,RST-B,epoch_to_ic_release,30
ORD-H,RST-B,iopmp_release_to_iopmp_ready,30
ORD-H,RST-B,last_security_milestone_to_secure_ready,26
ORD-H,RST-B,epoch_start_to_secure_ready,42
ORD-H,RST-B,secure_ready_to_auth_dma_req,10
ORD-H,RST-B,secure_ready_to_auth_commit,18
RAND-ORD,RST-A,epoch_to_cpu_release,8
RAND-ORD,RST-A,epoch_to_dma_release,8
RAND-ORD,RST-A,epoch_to_iopmp_release,8
RAND-ORD,RST-A,epoch_to_sec_release,8
RAND-ORD,RST-A,epoch_to_ic_release,8
RAND-ORD,RST-A,iopmp_release_to_iopmp_ready,19
RAND-ORD,RST-A,last_security_milestone_to_secure_ready,19
RAND-ORD,RST-A,epoch_start_to_secure_ready,27
RAND-ORD,RST-A,secure_ready_to_auth_dma_req,10
RAND-ORD,RST-B,epoch_to_cpu_release,29
RAND-ORD,RST-B,epoch_to_dma_release,36
RAND-ORD,RST-B,epoch_to_iopmp_release,10
RAND-ORD,RST-B,epoch_to_sec_release,17
RAND-ORD,RST-B,epoch_to_ic_release,24
RAND-ORD,RST-B,iopmp_release_to_iopmp_ready,38
RAND-ORD,RST-B,last_security_milestone_to_secure_ready,31
RAND-ORD,RST-B,epoch_start_to_secure_ready,48
RAND-ORD,RST-B,secure_ready_to_auth_dma_req,10
RAND-ORD,RST-B,secure_ready_to_auth_commit,18
RAND-ORD,RST-A,epoch_to_cpu_release,17
RAND-ORD,RST-A,epoch_to_dma_release,31
RAND-ORD,RST-A,epoch_to_iopmp_release,12
RAND-ORD,RST-A,epoch_to_sec_release,26
RAND-ORD,RST-A,epoch_to_ic_release,40
RAND-ORD,RST-A,iopmp_release_to_iopmp_ready,47
RAND-ORD,RST-A,last_security_milestone_to_secure_ready,33
RAND-ORD,RST-A,epoch_start_to_secure_ready,59
RAND-ORD,RST-A,secure_ready_to_auth_dma_req,10
RAND-ORD,RST-B,epoch_to_cpu_release,38
RAND-ORD,RST-B,epoch_to_dma_release,26
RAND-ORD,RST-B,epoch_to_iopmp_release,14
RAND-ORD,RST-B,epoch_to_sec_release,35
RAND-ORD,RST-B,epoch_to_ic_release,23
RAND-ORD,RST-B,iopmp_release_to_iopmp_ready,36
RAND-ORD,RST-B,last_security_milestone_to_secure_ready,15
RAND-ORD,RST-B,epoch_start_to_secure_ready,50
RAND-ORD,RST-B,secure_ready_to_auth_dma_req,10
RAND-ORD,RST-B,secure_ready_to_auth_commit,18
RAND-ORD,RST-A,epoch_to_cpu_release,26
RAND-ORD,RST-A,epoch_to_dma_release,21
RAND-ORD,RST-A,epoch_to_iopmp_release,16
RAND-ORD,RST-A,epoch_to_sec_release,11
RAND-ORD,RST-A,epoch_to_ic_release,39
RAND-ORD,RST-A,iopmp_release_to_iopmp_ready,42
RAND-ORD,RST-A,last_security_milestone_to_secure_ready,47
RAND-ORD,RST-A,epoch_start_to_secure_ready,58
RAND-ORD,RST-A,secure_ready_to_auth_dma_req,10
RAND-ORD,RST-B,epoch_to_cpu_release,14
RAND-ORD,RST-B,epoch_to_dma_release,16
RAND-ORD,RST-B,epoch_to_iopmp_release,18
RAND-ORD,RST-B,epoch_to_sec_release,20
RAND-ORD,RST-B,epoch_to_ic_release,22
RAND-ORD,RST-B,iopmp_release_to_iopmp_ready,16
RAND-ORD,RST-B,last_security_milestone_to_secure_ready,14
RAND-ORD,RST-B,epoch_start_to_secure_ready,34
RAND-ORD,RST-B,secure_ready_to_auth_dma_req,10
RAND-ORD,RST-B,secure_ready_to_auth_commit,18
RAND-ORD,RST-A,epoch_to_cpu_release,35
RAND-ORD,RST-A,epoch_to_dma_release,11
RAND-ORD,RST-A,epoch_to_iopmp_release,20
RAND-ORD,RST-A,epoch_to_sec_release,29
RAND-ORD,RST-A,epoch_to_ic_release,38
RAND-ORD,RST-A,iopmp_release_to_iopmp_ready,37
RAND-ORD,RST-A,last_security_milestone_to_secure_ready,28
RAND-ORD,RST-A,epoch_start_to_secure_ready,57
RAND-ORD,RST-A,secure_ready_to_auth_dma_req,10
RAND-ORD,RST-B,epoch_to_cpu_release,23
RAND-ORD,RST-B,epoch_to_dma_release,39
RAND-ORD,RST-B,epoch_to_iopmp_release,22
RAND-ORD,RST-B,epoch_to_sec_release,38
RAND-ORD,RST-B,epoch_to_ic_release,21
RAND-ORD,RST-B,iopmp_release_to_iopmp_ready,29
RAND-ORD,RST-B,last_security_milestone_to_secure_ready,13
RAND-ORD,RST-B,epoch_start_to_secure_ready,51
RAND-ORD,RST-B,secure_ready_to_auth_dma_req,10
RAND-ORD,RST-B,secure_ready_to_auth_commit,18
RAND-ORD,RST-A,epoch_to_cpu_release,11
RAND-ORD,RST-A,epoch_to_dma_release,34
RAND-ORD,RST-A,epoch_to_iopmp_release,24
RAND-ORD,RST-A,epoch_to_sec_release,14
RAND-ORD,RST-A,epoch_to_ic_release,37
RAND-ORD,RST-A,iopmp_release_to_iopmp_ready,32
RAND-ORD,RST-A,last_security_milestone_to_secure_ready,42
RAND-ORD,RST-A,epoch_start_to_secure_ready,56
RAND-ORD,RST-A,secure_ready_to_auth_dma_req,10
RAND-ORD,RST-B,epoch_to_cpu_release,32
RAND-ORD,RST-B,epoch_to_dma_release,29
RAND-ORD,RST-B,epoch_to_iopmp_release,26
RAND-ORD,RST-B,epoch_to_sec_release,23
RAND-ORD,RST-B,epoch_to_ic_release,20
RAND-ORD,RST-B,iopmp_release_to_iopmp_ready,18
RAND-ORD,RST-B,last_security_milestone_to_secure_ready,21
RAND-ORD,RST-B,epoch_start_to_secure_ready,44
RAND-ORD,RST-B,secure_ready_to_auth_dma_req,10
RAND-ORD,RST-B,secure_ready_to_auth_commit,18
RAND-ORD,RST-A,epoch_to_cpu_release,20
RAND-ORD,RST-A,epoch_to_dma_release,24
RAND-ORD,RST-A,epoch_to_iopmp_release,28
RAND-ORD,RST-A,epoch_to_sec_release,32
RAND-ORD,RST-A,epoch_to_ic_release,36
RAND-ORD,RST-A,iopmp_release_to_iopmp_ready,27
RAND-ORD,RST-A,last_security_milestone_to_secure_ready,23
RAND-ORD,RST-A,epoch_start_to_secure_ready,55
RAND-ORD,RST-A,secure_ready_to_auth_dma_req,10
RAND-ORD,RST-B,epoch_to_cpu_release,8
RAND-ORD,RST-B,epoch_to_dma_release,19
RAND-ORD,RST-B,epoch_to_iopmp_release,30
RAND-ORD,RST-B,epoch_to_sec_release,8
RAND-ORD,RST-B,epoch_to_ic_release,19
RAND-ORD,RST-B,iopmp_release_to_iopmp_ready,12
RAND-ORD,RST-B,last_security_milestone_to_secure_ready,34
RAND-ORD,RST-B,epoch_start_to_secure_ready,42
RAND-ORD,RST-B,secure_ready_to_auth_dma_req,10
RAND-ORD,RST-B,secure_ready_to_auth_commit,18
RAND-ORD,RST-A,epoch_to_cpu_release,29
RAND-ORD,RST-A,epoch_to_dma_release,14
RAND-ORD,RST-A,epoch_to_iopmp_release,32
RAND-ORD,RST-A,epoch_to_sec_release,17
RAND-ORD,RST-A,epoch_to_ic_release,35
RAND-ORD,RST-A,iopmp_release_to_iopmp_ready,22
RAND-ORD,RST-A,last_security_milestone_to_secure_ready,37
RAND-ORD,RST-A,epoch_start_to_secure_ready,54
RAND-ORD,RST-A,secure_ready_to_auth_dma_req,10
RAND-ORD,RST-B,epoch_to_cpu_release,17
RAND-ORD,RST-B,epoch_to_dma_release,9
RAND-ORD,RST-B,epoch_to_iopmp_release,34
RAND-ORD,RST-B,epoch_to_sec_release,26
RAND-ORD,RST-B,epoch_to_ic_release,18
RAND-ORD,RST-B,iopmp_release_to_iopmp_ready,12
RAND-ORD,RST-B,last_security_milestone_to_secure_ready,20
RAND-ORD,RST-B,epoch_start_to_secure_ready,46
RAND-ORD,RST-B,secure_ready_to_auth_dma_req,10
RAND-ORD,RST-B,secure_ready_to_auth_commit,18
RAND-ORD,RST-A,epoch_to_cpu_release,38
RAND-ORD,RST-A,epoch_to_dma_release,37
RAND-ORD,RST-A,epoch_to_iopmp_release,36
RAND-ORD,RST-A,epoch_to_sec_release,35
RAND-ORD,RST-A,epoch_to_ic_release,34
RAND-ORD,RST-A,iopmp_release_to_iopmp_ready,21
RAND-ORD,RST-A,last_security_milestone_to_secure_ready,22
RAND-ORD,RST-A,epoch_start_to_secure_ready,57
RAND-ORD,RST-A,secure_ready_to_auth_dma_req,10
RAND-ORD,RST-B,epoch_to_cpu_release,26
RAND-ORD,RST-B,epoch_to_dma_release,32
RAND-ORD,RST-B,epoch_to_iopmp_release,38
RAND-ORD,RST-B,epoch_to_sec_release,11
RAND-ORD,RST-B,epoch_to_ic_release,17
RAND-ORD,RST-B,iopmp_release_to_iopmp_ready,12
RAND-ORD,RST-B,last_security_milestone_to_secure_ready,39
RAND-ORD,RST-B,epoch_start_to_secure_ready,50
RAND-ORD,RST-B,secure_ready_to_auth_dma_req,10
RAND-ORD,RST-B,secure_ready_to_auth_commit,18
RAND-ORD,RST-A,epoch_to_cpu_release,14
RAND-ORD,RST-A,epoch_to_dma_release,27
RAND-ORD,RST-A,epoch_to_iopmp_release,40
RAND-ORD,RST-A,epoch_to_sec_release,20
RAND-ORD,RST-A,epoch_to_ic_release,33
RAND-ORD,RST-A,iopmp_release_to_iopmp_ready,19
RAND-ORD,RST-A,last_security_milestone_to_secure_ready,39
RAND-ORD,RST-A,epoch_start_to_secure_ready,59
RAND-ORD,RST-A,secure_ready_to_auth_dma_req,10
RAND-ORD,RST-B,epoch_to_cpu_release,35
RAND-ORD,RST-B,epoch_to_dma_release,22
RAND-ORD,RST-B,epoch_to_iopmp_release,9
RAND-ORD,RST-B,epoch_to_sec_release,29
RAND-ORD,RST-B,epoch_to_ic_release,16
RAND-ORD,RST-B,iopmp_release_to_iopmp_ready,38
RAND-ORD,RST-B,last_security_milestone_to_secure_ready,18
RAND-ORD,RST-B,epoch_start_to_secure_ready,47
RAND-ORD,RST-B,secure_ready_to_auth_dma_req,10
RAND-ORD,RST-B,secure_ready_to_auth_commit,18
RAND-ORD,RST-A,epoch_to_cpu_release,23
RAND-ORD,RST-A,epoch_to_dma_release,17
RAND-ORD,RST-A,epoch_to_iopmp_release,11
RAND-ORD,RST-A,epoch_to_sec_release,38
RAND-ORD,RST-A,epoch_to_ic_release,32
RAND-ORD,RST-A,iopmp_release_to_iopmp_ready,46
RAND-ORD,RST-A,last_security_milestone_to_secure_ready,19
RAND-ORD,RST-A,epoch_start_to_secure_ready,57
RAND-ORD,RST-A,secure_ready_to_auth_dma_req,10
RAND-ORD,RST-B,epoch_to_cpu_release,11
RAND-ORD,RST-B,epoch_to_dma_release,12
RAND-ORD,RST-B,epoch_to_iopmp_release,13
RAND-ORD,RST-B,epoch_to_sec_release,14
RAND-ORD,RST-B,epoch_to_ic_release,15
RAND-ORD,RST-B,iopmp_release_to_iopmp_ready,14
RAND-ORD,RST-B,last_security_milestone_to_secure_ready,13
RAND-ORD,RST-B,epoch_start_to_secure_ready,27
RAND-ORD,RST-B,secure_ready_to_auth_dma_req,10
RAND-ORD,RST-B,secure_ready_to_auth_commit,18
RAND-ORD,RST-A,epoch_to_cpu_release,32
RAND-ORD,RST-A,epoch_to_dma_release,40
RAND-ORD,RST-A,epoch_to_iopmp_release,15
RAND-ORD,RST-A,epoch_to_sec_release,23
RAND-ORD,RST-A,epoch_to_ic_release,31
RAND-ORD,RST-A,iopmp_release_to_iopmp_ready,44
RAND-ORD,RST-A,last_security_milestone_to_secure_ready,36
RAND-ORD,RST-A,epoch_start_to_secure_ready,59
RAND-ORD,RST-A,secure_ready_to_auth_dma_req,10
RAND-ORD,RST-B,epoch_to_cpu_release,20
RAND-ORD,RST-B,epoch_to_dma_release,35
RAND-ORD,RST-B,epoch_to_iopmp_release,17
RAND-ORD,RST-B,epoch_to_sec_release,32
RAND-ORD,RST-B,epoch_to_ic_release,14
RAND-ORD,RST-B,iopmp_release_to_iopmp_ready,30
RAND-ORD,RST-B,last_security_milestone_to_secure_ready,15
RAND-ORD,RST-B,epoch_start_to_secure_ready,47
RAND-ORD,RST-B,secure_ready_to_auth_dma_req,10
RAND-ORD,RST-B,secure_ready_to_auth_commit,18
RAND-ORD,RST-A,epoch_to_cpu_release,8
RAND-ORD,RST-A,epoch_to_dma_release,30
RAND-ORD,RST-A,epoch_to_iopmp_release,19
RAND-ORD,RST-A,epoch_to_sec_release,8
RAND-ORD,RST-A,epoch_to_ic_release,30
RAND-ORD,RST-A,iopmp_release_to_iopmp_ready,30
RAND-ORD,RST-A,last_security_milestone_to_secure_ready,41
RAND-ORD,RST-A,epoch_start_to_secure_ready,49
RAND-ORD,RST-A,secure_ready_to_auth_dma_req,10
RAND-ORD,RST-B,epoch_to_cpu_release,29
RAND-ORD,RST-B,epoch_to_dma_release,25
RAND-ORD,RST-B,epoch_to_iopmp_release,21
RAND-ORD,RST-B,epoch_to_sec_release,17
RAND-ORD,RST-B,epoch_to_ic_release,13
RAND-ORD,RST-B,iopmp_release_to_iopmp_ready,20
RAND-ORD,RST-B,last_security_milestone_to_secure_ready,24
RAND-ORD,RST-B,epoch_start_to_secure_ready,41
RAND-ORD,RST-B,secure_ready_to_auth_dma_req,10
RAND-ORD,RST-B,secure_ready_to_auth_commit,18
RAND-ORD,RST-A,epoch_to_cpu_release,17
RAND-ORD,RST-A,epoch_to_dma_release,20
RAND-ORD,RST-A,epoch_to_iopmp_release,23
RAND-ORD,RST-A,epoch_to_sec_release,26
RAND-ORD,RST-A,epoch_to_ic_release,29
RAND-ORD,RST-A,iopmp_release_to_iopmp_ready,25
RAND-ORD,RST-A,last_security_milestone_to_secure_ready,22
RAND-ORD,RST-A,epoch_start_to_secure_ready,48
RAND-ORD,RST-A,secure_ready_to_auth_dma_req,10
RAND-ORD,RST-B,epoch_to_cpu_release,38
RAND-ORD,RST-B,epoch_to_dma_release,15
RAND-ORD,RST-B,epoch_to_iopmp_release,25
RAND-ORD,RST-B,epoch_to_sec_release,35
RAND-ORD,RST-B,epoch_to_ic_release,12
RAND-ORD,RST-B,iopmp_release_to_iopmp_ready,25
RAND-ORD,RST-B,last_security_milestone_to_secure_ready,15
RAND-ORD,RST-B,epoch_start_to_secure_ready,50
RAND-ORD,RST-B,secure_ready_to_auth_dma_req,10
RAND-ORD,RST-B,secure_ready_to_auth_commit,18
RAND-ORD,RST-A,epoch_to_cpu_release,26
RAND-ORD,RST-A,epoch_to_dma_release,10
RAND-ORD,RST-A,epoch_to_iopmp_release,27
RAND-ORD,RST-A,epoch_to_sec_release,11
RAND-ORD,RST-A,epoch_to_ic_release,28
RAND-ORD,RST-A,iopmp_release_to_iopmp_ready,20
RAND-ORD,RST-A,last_security_milestone_to_secure_ready,36
RAND-ORD,RST-A,epoch_start_to_secure_ready,47
RAND-ORD,RST-A,secure_ready_to_auth_dma_req,10
RAND-ORD,RST-B,epoch_to_cpu_release,14
RAND-ORD,RST-B,epoch_to_dma_release,38
RAND-ORD,RST-B,epoch_to_iopmp_release,29
RAND-ORD,RST-B,epoch_to_sec_release,20
RAND-ORD,RST-B,epoch_to_ic_release,11
RAND-ORD,RST-B,iopmp_release_to_iopmp_ready,21
RAND-ORD,RST-B,last_security_milestone_to_secure_ready,30
RAND-ORD,RST-B,epoch_start_to_secure_ready,50
RAND-ORD,RST-B,secure_ready_to_auth_dma_req,10
RAND-ORD,RST-B,secure_ready_to_auth_commit,18
RAND-ORD,RST-A,epoch_to_cpu_release,35
RAND-ORD,RST-A,epoch_to_dma_release,33
RAND-ORD,RST-A,epoch_to_iopmp_release,31
RAND-ORD,RST-A,epoch_to_sec_release,29
RAND-ORD,RST-A,epoch_to_ic_release,27
RAND-ORD,RST-A,iopmp_release_to_iopmp_ready,23
RAND-ORD,RST-A,last_security_milestone_to_secure_ready,25
RAND-ORD,RST-A,epoch_start_to_secure_ready,54
RAND-ORD,RST-A,secure_ready_to_auth_dma_req,10
RAND-ORD,RST-B,epoch_to_cpu_release,23
RAND-ORD,RST-B,epoch_to_dma_release,28
RAND-ORD,RST-B,epoch_to_iopmp_release,33
RAND-ORD,RST-B,epoch_to_sec_release,38
RAND-ORD,RST-B,epoch_to_ic_release,10
RAND-ORD,RST-B,iopmp_release_to_iopmp_ready,17
RAND-ORD,RST-B,last_security_milestone_to_secure_ready,12
RAND-ORD,RST-B,epoch_start_to_secure_ready,50
RAND-ORD,RST-B,secure_ready_to_auth_dma_req,10
RAND-ORD,RST-B,secure_ready_to_auth_commit,18
RAND-ORD,RST-A,epoch_to_cpu_release,11
RAND-ORD,RST-A,epoch_to_dma_release,23
RAND-ORD,RST-A,epoch_to_iopmp_release,35
RAND-ORD,RST-A,epoch_to_sec_release,14
RAND-ORD,RST-A,epoch_to_ic_release,26
RAND-ORD,RST-A,iopmp_release_to_iopmp_ready,19
RAND-ORD,RST-A,last_security_milestone_to_secure_ready,40
RAND-ORD,RST-A,epoch_start_to_secure_ready,54
RAND-ORD,RST-A,secure_ready_to_auth_dma_req,10
RAND-ORD,RST-B,epoch_to_cpu_release,32
RAND-ORD,RST-B,epoch_to_dma_release,18
RAND-ORD,RST-B,epoch_to_iopmp_release,37
RAND-ORD,RST-B,epoch_to_sec_release,23
RAND-ORD,RST-B,epoch_to_ic_release,9
RAND-ORD,RST-B,iopmp_release_to_iopmp_ready,12
RAND-ORD,RST-B,last_security_milestone_to_secure_ready,26
RAND-ORD,RST-B,epoch_start_to_secure_ready,49
RAND-ORD,RST-B,secure_ready_to_auth_dma_req,10
RAND-ORD,RST-B,secure_ready_to_auth_commit,18
RAND-ORD,RST-A,epoch_to_cpu_release,20
RAND-ORD,RST-A,epoch_to_dma_release,13
RAND-ORD,RST-A,epoch_to_iopmp_release,39
RAND-ORD,RST-A,epoch_to_sec_release,32
RAND-ORD,RST-A,epoch_to_ic_release,25
RAND-ORD,RST-A,iopmp_release_to_iopmp_ready,19
RAND-ORD,RST-A,last_security_milestone_to_secure_ready,26
RAND-ORD,RST-A,epoch_start_to_secure_ready,58
RAND-ORD,RST-A,secure_ready_to_auth_dma_req,10
RAND-ORD,RST-B,epoch_to_cpu_release,8
RAND-ORD,RST-B,epoch_to_dma_release,8
RAND-ORD,RST-B,epoch_to_iopmp_release,8
RAND-ORD,RST-B,epoch_to_sec_release,8
RAND-ORD,RST-B,epoch_to_ic_release,8
RAND-ORD,RST-B,iopmp_release_to_iopmp_ready,12
RAND-ORD,RST-B,last_security_milestone_to_secure_ready,12
RAND-ORD,RST-B,epoch_start_to_secure_ready,20
RAND-ORD,RST-B,secure_ready_to_auth_dma_req,10
RAND-ORD,RST-B,secure_ready_to_auth_commit,18
RAND-ORD,RST-A,epoch_to_cpu_release,29
RAND-ORD,RST-A,epoch_to_dma_release,36
RAND-ORD,RST-A,epoch_to_iopmp_release,10
RAND-ORD,RST-A,epoch_to_sec_release,17
RAND-ORD,RST-A,epoch_to_ic_release,24
RAND-ORD,RST-A,iopmp_release_to_iopmp_ready,45
RAND-ORD,RST-A,last_security_milestone_to_secure_ready,38
RAND-ORD,RST-A,epoch_start_to_secure_ready,55
RAND-ORD,RST-A,secure_ready_to_auth_dma_req,10
RAND-ORD,RST-B,epoch_to_cpu_release,17
RAND-ORD,RST-B,epoch_to_dma_release,31
RAND-ORD,RST-B,epoch_to_iopmp_release,12
RAND-ORD,RST-B,epoch_to_sec_release,26
RAND-ORD,RST-B,epoch_to_ic_release,40
RAND-ORD,RST-B,iopmp_release_to_iopmp_ready,40
RAND-ORD,RST-B,last_security_milestone_to_secure_ready,26
RAND-ORD,RST-B,epoch_start_to_secure_ready,52
RAND-ORD,RST-B,secure_ready_to_auth_dma_req,10
RAND-ORD,RST-B,secure_ready_to_auth_commit,18
RAND-ORD,RST-A,epoch_to_cpu_release,38
RAND-ORD,RST-A,epoch_to_dma_release,26
RAND-ORD,RST-A,epoch_to_iopmp_release,14
RAND-ORD,RST-A,epoch_to_sec_release,35
RAND-ORD,RST-A,epoch_to_ic_release,23
RAND-ORD,RST-A,iopmp_release_to_iopmp_ready,43
RAND-ORD,RST-A,last_security_milestone_to_secure_ready,22
RAND-ORD,RST-A,epoch_start_to_secure_ready,57
RAND-ORD,RST-A,secure_ready_to_auth_dma_req,10
RAND-ORD,RST-B,epoch_to_cpu_release,26
RAND-ORD,RST-B,epoch_to_dma_release,21
RAND-ORD,RST-B,epoch_to_iopmp_release,16
RAND-ORD,RST-B,epoch_to_sec_release,11
RAND-ORD,RST-B,epoch_to_ic_release,39
RAND-ORD,RST-B,iopmp_release_to_iopmp_ready,35
RAND-ORD,RST-B,last_security_milestone_to_secure_ready,40
RAND-ORD,RST-B,epoch_start_to_secure_ready,51
RAND-ORD,RST-B,secure_ready_to_auth_dma_req,10
RAND-ORD,RST-B,secure_ready_to_auth_commit,18
RAND-ORD,RST-A,epoch_to_cpu_release,14
RAND-ORD,RST-A,epoch_to_dma_release,16
RAND-ORD,RST-A,epoch_to_iopmp_release,18
RAND-ORD,RST-A,epoch_to_sec_release,20
RAND-ORD,RST-A,epoch_to_ic_release,22
RAND-ORD,RST-A,iopmp_release_to_iopmp_ready,23
RAND-ORD,RST-A,last_security_milestone_to_secure_ready,21
RAND-ORD,RST-A,epoch_start_to_secure_ready,41
RAND-ORD,RST-A,secure_ready_to_auth_dma_req,10
RAND-ORD,RST-B,epoch_to_cpu_release,35
RAND-ORD,RST-B,epoch_to_dma_release,11
RAND-ORD,RST-B,epoch_to_iopmp_release,20
RAND-ORD,RST-B,epoch_to_sec_release,29
RAND-ORD,RST-B,epoch_to_ic_release,38
RAND-ORD,RST-B,iopmp_release_to_iopmp_ready,30
RAND-ORD,RST-B,last_security_milestone_to_secure_ready,21
RAND-ORD,RST-B,epoch_start_to_secure_ready,50
RAND-ORD,RST-B,secure_ready_to_auth_dma_req,10
RAND-ORD,RST-B,secure_ready_to_auth_commit,18
RAND-ORD,RST-A,epoch_to_cpu_release,23
RAND-ORD,RST-A,epoch_to_dma_release,39
RAND-ORD,RST-A,epoch_to_iopmp_release,22
RAND-ORD,RST-A,epoch_to_sec_release,38
RAND-ORD,RST-A,epoch_to_ic_release,21
RAND-ORD,RST-A,iopmp_release_to_iopmp_ready,36
RAND-ORD,RST-A,last_security_milestone_to_secure_ready,20
RAND-ORD,RST-A,epoch_start_to_secure_ready,58
RAND-ORD,RST-A,secure_ready_to_auth_dma_req,10
RAND-ORD,RST-B,epoch_to_cpu_release,11
RAND-ORD,RST-B,epoch_to_dma_release,34
RAND-ORD,RST-B,epoch_to_iopmp_release,24
RAND-ORD,RST-B,epoch_to_sec_release,14
RAND-ORD,RST-B,epoch_to_ic_release,37
RAND-ORD,RST-B,iopmp_release_to_iopmp_ready,25
RAND-ORD,RST-B,last_security_milestone_to_secure_ready,35
RAND-ORD,RST-B,epoch_start_to_secure_ready,49
RAND-ORD,RST-B,secure_ready_to_auth_dma_req,10
RAND-ORD,RST-B,secure_ready_to_auth_commit,18
RAND-ORD,RST-A,epoch_to_cpu_release,32
RAND-ORD,RST-A,epoch_to_dma_release,29
RAND-ORD,RST-A,epoch_to_iopmp_release,26
RAND-ORD,RST-A,epoch_to_sec_release,23
RAND-ORD,RST-A,epoch_to_ic_release,20
RAND-ORD,RST-A,iopmp_release_to_iopmp_ready,25
RAND-ORD,RST-A,last_security_milestone_to_secure_ready,28
RAND-ORD,RST-A,epoch_start_to_secure_ready,51
RAND-ORD,RST-A,secure_ready_to_auth_dma_req,10
RAND-ORD,RST-B,epoch_to_cpu_release,20
RAND-ORD,RST-B,epoch_to_dma_release,24
RAND-ORD,RST-B,epoch_to_iopmp_release,28
RAND-ORD,RST-B,epoch_to_sec_release,32
RAND-ORD,RST-B,epoch_to_ic_release,36
RAND-ORD,RST-B,iopmp_release_to_iopmp_ready,20
RAND-ORD,RST-B,last_security_milestone_to_secure_ready,16
RAND-ORD,RST-B,epoch_start_to_secure_ready,48
RAND-ORD,RST-B,secure_ready_to_auth_dma_req,10
RAND-ORD,RST-B,secure_ready_to_auth_commit,18
RAND-ORD,RST-A,epoch_to_cpu_release,8
RAND-ORD,RST-A,epoch_to_dma_release,19
RAND-ORD,RST-A,epoch_to_iopmp_release,30
RAND-ORD,RST-A,epoch_to_sec_release,8
RAND-ORD,RST-A,epoch_to_ic_release,19
RAND-ORD,RST-A,iopmp_release_to_iopmp_ready,19
RAND-ORD,RST-A,last_security_milestone_to_secure_ready,41
RAND-ORD,RST-A,epoch_start_to_secure_ready,49
RAND-ORD,RST-A,secure_ready_to_auth_dma_req,10
RAND-ORD,RST-B,epoch_to_cpu_release,29
RAND-ORD,RST-B,epoch_to_dma_release,14
RAND-ORD,RST-B,epoch_to_iopmp_release,32
RAND-ORD,RST-B,epoch_to_sec_release,17
RAND-ORD,RST-B,epoch_to_ic_release,35
RAND-ORD,RST-B,iopmp_release_to_iopmp_ready,15
RAND-ORD,RST-B,last_security_milestone_to_secure_ready,30
RAND-ORD,RST-B,epoch_start_to_secure_ready,47
RAND-ORD,RST-B,secure_ready_to_auth_dma_req,10
RAND-ORD,RST-B,secure_ready_to_auth_commit,18
RAND-ORD,RST-A,epoch_to_cpu_release,17
RAND-ORD,RST-A,epoch_to_dma_release,9
RAND-ORD,RST-A,epoch_to_iopmp_release,34
RAND-ORD,RST-A,epoch_to_sec_release,26
RAND-ORD,RST-A,epoch_to_ic_release,18
RAND-ORD,RST-A,iopmp_release_to_iopmp_ready,19
RAND-ORD,RST-A,last_security_milestone_to_secure_ready,27
RAND-ORD,RST-A,epoch_start_to_secure_ready,53
RAND-ORD,RST-A,secure_ready_to_auth_dma_req,10
RAND-ORD,RST-B,epoch_to_cpu_release,38
RAND-ORD,RST-B,epoch_to_dma_release,37
RAND-ORD,RST-B,epoch_to_iopmp_release,36
RAND-ORD,RST-B,epoch_to_sec_release,35
RAND-ORD,RST-B,epoch_to_ic_release,34
RAND-ORD,RST-B,iopmp_release_to_iopmp_ready,14
RAND-ORD,RST-B,last_security_milestone_to_secure_ready,15
RAND-ORD,RST-B,epoch_start_to_secure_ready,50
RAND-ORD,RST-B,secure_ready_to_auth_dma_req,10
RAND-ORD,RST-B,secure_ready_to_auth_commit,18
RAND-ORD,RST-A,epoch_to_cpu_release,26
RAND-ORD,RST-A,epoch_to_dma_release,32
RAND-ORD,RST-A,epoch_to_iopmp_release,38
RAND-ORD,RST-A,epoch_to_sec_release,11
RAND-ORD,RST-A,epoch_to_ic_release,17
RAND-ORD,RST-A,iopmp_release_to_iopmp_ready,19
RAND-ORD,RST-A,last_security_milestone_to_secure_ready,46
RAND-ORD,RST-A,epoch_start_to_secure_ready,57
RAND-ORD,RST-A,secure_ready_to_auth_dma_req,10
RAND-ORD,RST-B,epoch_to_cpu_release,14
RAND-ORD,RST-B,epoch_to_dma_release,27
RAND-ORD,RST-B,epoch_to_iopmp_release,40
RAND-ORD,RST-B,epoch_to_sec_release,20
RAND-ORD,RST-B,epoch_to_ic_release,33
RAND-ORD,RST-B,iopmp_release_to_iopmp_ready,12
RAND-ORD,RST-B,last_security_milestone_to_secure_ready,32
RAND-ORD,RST-B,epoch_start_to_secure_ready,52
RAND-ORD,RST-B,secure_ready_to_auth_dma_req,10
RAND-ORD,RST-B,secure_ready_to_auth_commit,18
RAND-ORD,RST-A,epoch_to_cpu_release,35
RAND-ORD,RST-A,epoch_to_dma_release,22
RAND-ORD,RST-A,epoch_to_iopmp_release,9
RAND-ORD,RST-A,epoch_to_sec_release,29
RAND-ORD,RST-A,epoch_to_ic_release,16
RAND-ORD,RST-A,iopmp_release_to_iopmp_ready,45
RAND-ORD,RST-A,last_security_milestone_to_secure_ready,25
RAND-ORD,RST-A,epoch_start_to_secure_ready,54
RAND-ORD,RST-A,secure_ready_to_auth_dma_req,10
RAND-ORD,RST-B,epoch_to_cpu_release,23
RAND-ORD,RST-B,epoch_to_dma_release,17
RAND-ORD,RST-B,epoch_to_iopmp_release,11
RAND-ORD,RST-B,epoch_to_sec_release,38
RAND-ORD,RST-B,epoch_to_ic_release,32
RAND-ORD,RST-B,iopmp_release_to_iopmp_ready,39
RAND-ORD,RST-B,last_security_milestone_to_secure_ready,12
RAND-ORD,RST-B,epoch_start_to_secure_ready,50
RAND-ORD,RST-B,secure_ready_to_auth_dma_req,10
RAND-ORD,RST-B,secure_ready_to_auth_commit,18
RAND-ORD,RST-A,epoch_to_cpu_release,11
RAND-ORD,RST-A,epoch_to_dma_release,12
RAND-ORD,RST-A,epoch_to_iopmp_release,13
RAND-ORD,RST-A,epoch_to_sec_release,14
RAND-ORD,RST-A,epoch_to_ic_release,15
RAND-ORD,RST-A,iopmp_release_to_iopmp_ready,21
RAND-ORD,RST-A,last_security_milestone_to_secure_ready,20
RAND-ORD,RST-A,epoch_start_to_secure_ready,34
RAND-ORD,RST-A,secure_ready_to_auth_dma_req,10
RAND-ORD,RST-B,epoch_to_cpu_release,32
RAND-ORD,RST-B,epoch_to_dma_release,40
RAND-ORD,RST-B,epoch_to_iopmp_release,15
RAND-ORD,RST-B,epoch_to_sec_release,23
RAND-ORD,RST-B,epoch_to_ic_release,31
RAND-ORD,RST-B,iopmp_release_to_iopmp_ready,37
RAND-ORD,RST-B,last_security_milestone_to_secure_ready,29
RAND-ORD,RST-B,epoch_start_to_secure_ready,52
RAND-ORD,RST-B,secure_ready_to_auth_dma_req,10
RAND-ORD,RST-B,secure_ready_to_auth_commit,18
RAND-ORD,RST-A,epoch_to_cpu_release,20
RAND-ORD,RST-A,epoch_to_dma_release,35
RAND-ORD,RST-A,epoch_to_iopmp_release,17
RAND-ORD,RST-A,epoch_to_sec_release,32
RAND-ORD,RST-A,epoch_to_ic_release,14
RAND-ORD,RST-A,iopmp_release_to_iopmp_ready,37
RAND-ORD,RST-A,last_security_milestone_to_secure_ready,22
RAND-ORD,RST-A,epoch_start_to_secure_ready,54
RAND-ORD,RST-A,secure_ready_to_auth_dma_req,10
RAND-ORD,RST-B,epoch_to_cpu_release,8
RAND-ORD,RST-B,epoch_to_dma_release,30
RAND-ORD,RST-B,epoch_to_iopmp_release,19
RAND-ORD,RST-B,epoch_to_sec_release,8
RAND-ORD,RST-B,epoch_to_ic_release,30
RAND-ORD,RST-B,iopmp_release_to_iopmp_ready,23
RAND-ORD,RST-B,last_security_milestone_to_secure_ready,34
RAND-ORD,RST-B,epoch_start_to_secure_ready,42
RAND-ORD,RST-B,secure_ready_to_auth_dma_req,10
RAND-ORD,RST-B,secure_ready_to_auth_commit,18
RAND-ORD,RST-A,epoch_to_cpu_release,29
RAND-ORD,RST-A,epoch_to_dma_release,25
RAND-ORD,RST-A,epoch_to_iopmp_release,21
RAND-ORD,RST-A,epoch_to_sec_release,17
RAND-ORD,RST-A,epoch_to_ic_release,13
RAND-ORD,RST-A,iopmp_release_to_iopmp_ready,27
RAND-ORD,RST-A,last_security_milestone_to_secure_ready,31
RAND-ORD,RST-A,epoch_start_to_secure_ready,48
RAND-ORD,RST-A,secure_ready_to_auth_dma_req,10
RAND-ORD,RST-B,epoch_to_cpu_release,17
RAND-ORD,RST-B,epoch_to_dma_release,20
RAND-ORD,RST-B,epoch_to_iopmp_release,23
RAND-ORD,RST-B,epoch_to_sec_release,26
RAND-ORD,RST-B,epoch_to_ic_release,29
RAND-ORD,RST-B,iopmp_release_to_iopmp_ready,18
RAND-ORD,RST-B,last_security_milestone_to_secure_ready,15
RAND-ORD,RST-B,epoch_start_to_secure_ready,41
RAND-ORD,RST-B,secure_ready_to_auth_dma_req,10
RAND-ORD,RST-B,secure_ready_to_auth_commit,18
RAND-ORD,RST-A,epoch_to_cpu_release,38
RAND-ORD,RST-A,epoch_to_dma_release,15
RAND-ORD,RST-A,epoch_to_iopmp_release,25
RAND-ORD,RST-A,epoch_to_sec_release,35
RAND-ORD,RST-A,epoch_to_ic_release,12
RAND-ORD,RST-A,iopmp_release_to_iopmp_ready,32
RAND-ORD,RST-A,last_security_milestone_to_secure_ready,22
RAND-ORD,RST-A,epoch_start_to_secure_ready,57
RAND-ORD,RST-A,secure_ready_to_auth_dma_req,10
RAND-ORD,RST-B,epoch_to_cpu_release,26
RAND-ORD,RST-B,epoch_to_dma_release,10
RAND-ORD,RST-B,epoch_to_iopmp_release,27
RAND-ORD,RST-B,epoch_to_sec_release,11
RAND-ORD,RST-B,epoch_to_ic_release,28
RAND-ORD,RST-B,iopmp_release_to_iopmp_ready,13
RAND-ORD,RST-B,last_security_milestone_to_secure_ready,29
RAND-ORD,RST-B,epoch_start_to_secure_ready,40
RAND-ORD,RST-B,secure_ready_to_auth_dma_req,10
RAND-ORD,RST-B,secure_ready_to_auth_commit,18
RAND-ORD,RST-A,epoch_to_cpu_release,14
RAND-ORD,RST-A,epoch_to_dma_release,38
RAND-ORD,RST-A,epoch_to_iopmp_release,29
RAND-ORD,RST-A,epoch_to_sec_release,20
RAND-ORD,RST-A,epoch_to_ic_release,11
RAND-ORD,RST-A,iopmp_release_to_iopmp_ready,28
RAND-ORD,RST-A,last_security_milestone_to_secure_ready,37
RAND-ORD,RST-A,epoch_start_to_secure_ready,57
RAND-ORD,RST-A,secure_ready_to_auth_dma_req,10
RAND-ORD,RST-B,epoch_to_cpu_release,35
RAND-ORD,RST-B,epoch_to_dma_release,33
RAND-ORD,RST-B,epoch_to_iopmp_release,31
RAND-ORD,RST-B,epoch_to_sec_release,29
RAND-ORD,RST-B,epoch_to_ic_release,27
RAND-ORD,RST-B,iopmp_release_to_iopmp_ready,16
RAND-ORD,RST-B,last_security_milestone_to_secure_ready,18
RAND-ORD,RST-B,epoch_start_to_secure_ready,47
RAND-ORD,RST-B,secure_ready_to_auth_dma_req,10
RAND-ORD,RST-B,secure_ready_to_auth_commit,18
RAND-ORD,RST-A,epoch_to_cpu_release,23
RAND-ORD,RST-A,epoch_to_dma_release,28
RAND-ORD,RST-A,epoch_to_iopmp_release,33
RAND-ORD,RST-A,epoch_to_sec_release,38
RAND-ORD,RST-A,epoch_to_ic_release,10
RAND-ORD,RST-A,iopmp_release_to_iopmp_ready,24
RAND-ORD,RST-A,last_security_milestone_to_secure_ready,19
RAND-ORD,RST-A,epoch_start_to_secure_ready,57
RAND-ORD,RST-A,secure_ready_to_auth_dma_req,10
RAND-ORD,RST-B,epoch_to_cpu_release,11
RAND-ORD,RST-B,epoch_to_dma_release,23
RAND-ORD,RST-B,epoch_to_iopmp_release,35
RAND-ORD,RST-B,epoch_to_sec_release,14
RAND-ORD,RST-B,epoch_to_ic_release,26
RAND-ORD,RST-B,iopmp_release_to_iopmp_ready,12
RAND-ORD,RST-B,last_security_milestone_to_secure_ready,33
RAND-ORD,RST-B,epoch_start_to_secure_ready,47
RAND-ORD,RST-B,secure_ready_to_auth_dma_req,10
RAND-ORD,RST-B,secure_ready_to_auth_commit,18
RAND-ORD,RST-A,epoch_to_cpu_release,32
RAND-ORD,RST-A,epoch_to_dma_release,18
RAND-ORD,RST-A,epoch_to_iopmp_release,37
RAND-ORD,RST-A,epoch_to_sec_release,23
RAND-ORD,RST-A,epoch_to_ic_release,9
RAND-ORD,RST-A,iopmp_release_to_iopmp_ready,19
RAND-ORD,RST-A,last_security_milestone_to_secure_ready,33
RAND-ORD,RST-A,epoch_start_to_secure_ready,56
RAND-ORD,RST-A,secure_ready_to_auth_dma_req,10
RAND-ORD,RST-B,epoch_to_cpu_release,20
RAND-ORD,RST-B,epoch_to_dma_release,13
RAND-ORD,RST-B,epoch_to_iopmp_release,39
RAND-ORD,RST-B,epoch_to_sec_release,32
RAND-ORD,RST-B,epoch_to_ic_release,25
RAND-ORD,RST-B,iopmp_release_to_iopmp_ready,12
RAND-ORD,RST-B,last_security_milestone_to_secure_ready,19
RAND-ORD,RST-B,epoch_start_to_secure_ready,51
RAND-ORD,RST-B,secure_ready_to_auth_dma_req,10
RAND-ORD,RST-B,secure_ready_to_auth_commit,18
RAND-ORD,RST-A,epoch_to_cpu_release,8
RAND-ORD,RST-A,epoch_to_dma_release,8
RAND-ORD,RST-A,epoch_to_iopmp_release,8
RAND-ORD,RST-A,epoch_to_sec_release,8
RAND-ORD,RST-A,epoch_to_ic_release,8
RAND-ORD,RST-A,iopmp_release_to_iopmp_ready,19
RAND-ORD,RST-A,last_security_milestone_to_secure_ready,19
RAND-ORD,RST-A,epoch_start_to_secure_ready,27
RAND-ORD,RST-A,secure_ready_to_auth_dma_req,10
RAND-ORD,RST-B,epoch_to_cpu_release,29
RAND-ORD,RST-B,epoch_to_dma_release,36
RAND-ORD,RST-B,epoch_to_iopmp_release,10
RAND-ORD,RST-B,epoch_to_sec_release,17
RAND-ORD,RST-B,epoch_to_ic_release,24
RAND-ORD,RST-B,iopmp_release_to_iopmp_ready,38
RAND-ORD,RST-B,last_security_milestone_to_secure_ready,31
RAND-ORD,RST-B,epoch_start_to_secure_ready,48
RAND-ORD,RST-B,secure_ready_to_auth_dma_req,10
RAND-ORD,RST-B,secure_ready_to_auth_commit,18
RAND-ORD,RST-A,epoch_to_cpu_release,17
RAND-ORD,RST-A,epoch_to_dma_release,31
RAND-ORD,RST-A,epoch_to_iopmp_release,12
RAND-ORD,RST-A,epoch_to_sec_release,26
RAND-ORD,RST-A,epoch_to_ic_release,40
RAND-ORD,RST-A,iopmp_release_to_iopmp_ready,47
RAND-ORD,RST-A,last_security_milestone_to_secure_ready,33
RAND-ORD,RST-A,epoch_start_to_secure_ready,59
RAND-ORD,RST-A,secure_ready_to_auth_dma_req,10
RAND-ORD,RST-B,epoch_to_cpu_release,38
RAND-ORD,RST-B,epoch_to_dma_release,26
RAND-ORD,RST-B,epoch_to_iopmp_release,14
RAND-ORD,RST-B,epoch_to_sec_release,35
RAND-ORD,RST-B,epoch_to_ic_release,23
RAND-ORD,RST-B,iopmp_release_to_iopmp_ready,36
RAND-ORD,RST-B,last_security_milestone_to_secure_ready,15
RAND-ORD,RST-B,epoch_start_to_secure_ready,50
RAND-ORD,RST-B,secure_ready_to_auth_dma_req,10
RAND-ORD,RST-B,secure_ready_to_auth_commit,18
RAND-ORD,RST-A,epoch_to_cpu_release,26
RAND-ORD,RST-A,epoch_to_dma_release,21
RAND-ORD,RST-A,epoch_to_iopmp_release,16
RAND-ORD,RST-A,epoch_to_sec_release,11
RAND-ORD,RST-A,epoch_to_ic_release,39
RAND-ORD,RST-A,iopmp_release_to_iopmp_ready,42
RAND-ORD,RST-A,last_security_milestone_to_secure_ready,47
RAND-ORD,RST-A,epoch_start_to_secure_ready,58
RAND-ORD,RST-A,secure_ready_to_auth_dma_req,10
RAND-ORD,RST-B,epoch_to_cpu_release,14
RAND-ORD,RST-B,epoch_to_dma_release,16
RAND-ORD,RST-B,epoch_to_iopmp_release,18
RAND-ORD,RST-B,epoch_to_sec_release,20
RAND-ORD,RST-B,epoch_to_ic_release,22
RAND-ORD,RST-B,iopmp_release_to_iopmp_ready,16
RAND-ORD,RST-B,last_security_milestone_to_secure_ready,14
RAND-ORD,RST-B,epoch_start_to_secure_ready,34
RAND-ORD,RST-B,secure_ready_to_auth_dma_req,10
RAND-ORD,RST-B,secure_ready_to_auth_commit,18
RAND-ORD,RST-A,epoch_to_cpu_release,35
RAND-ORD,RST-A,epoch_to_dma_release,11
RAND-ORD,RST-A,epoch_to_iopmp_release,20
RAND-ORD,RST-A,epoch_to_sec_release,29
RAND-ORD,RST-A,epoch_to_ic_release,38
RAND-ORD,RST-A,iopmp_release_to_iopmp_ready,37
RAND-ORD,RST-A,last_security_milestone_to_secure_ready,28
RAND-ORD,RST-A,epoch_start_to_secure_ready,57
RAND-ORD,RST-A,secure_ready_to_auth_dma_req,10
RAND-ORD,RST-B,epoch_to_cpu_release,23
RAND-ORD,RST-B,epoch_to_dma_release,39
RAND-ORD,RST-B,epoch_to_iopmp_release,22
RAND-ORD,RST-B,epoch_to_sec_release,38
RAND-ORD,RST-B,epoch_to_ic_release,21
RAND-ORD,RST-B,iopmp_release_to_iopmp_ready,29
RAND-ORD,RST-B,last_security_milestone_to_secure_ready,13
RAND-ORD,RST-B,epoch_start_to_secure_ready,51
RAND-ORD,RST-B,secure_ready_to_auth_dma_req,10
RAND-ORD,RST-B,secure_ready_to_auth_commit,18
RAND-ORD,RST-A,epoch_to_cpu_release,11
RAND-ORD,RST-A,epoch_to_dma_release,34
RAND-ORD,RST-A,epoch_to_iopmp_release,24
RAND-ORD,RST-A,epoch_to_sec_release,14
RAND-ORD,RST-A,epoch_to_ic_release,37
RAND-ORD,RST-A,iopmp_release_to_iopmp_ready,32
RAND-ORD,RST-A,last_security_milestone_to_secure_ready,42
RAND-ORD,RST-A,epoch_start_to_secure_ready,56
RAND-ORD,RST-A,secure_ready_to_auth_dma_req,10
RAND-ORD,RST-B,epoch_to_cpu_release,32
RAND-ORD,RST-B,epoch_to_dma_release,29
RAND-ORD,RST-B,epoch_to_iopmp_release,26
RAND-ORD,RST-B,epoch_to_sec_release,23
RAND-ORD,RST-B,epoch_to_ic_release,20
RAND-ORD,RST-B,iopmp_release_to_iopmp_ready,18
RAND-ORD,RST-B,last_security_milestone_to_secure_ready,21
RAND-ORD,RST-B,epoch_start_to_secure_ready,44
RAND-ORD,RST-B,secure_ready_to_auth_dma_req,10
RAND-ORD,RST-B,secure_ready_to_auth_commit,18
RAND-ORD,RST-A,epoch_to_cpu_release,20
RAND-ORD,RST-A,epoch_to_dma_release,24
RAND-ORD,RST-A,epoch_to_iopmp_release,28
RAND-ORD,RST-A,epoch_to_sec_release,32
RAND-ORD,RST-A,epoch_to_ic_release,36
RAND-ORD,RST-A,iopmp_release_to_iopmp_ready,27
RAND-ORD,RST-A,last_security_milestone_to_secure_ready,23
RAND-ORD,RST-A,epoch_start_to_secure_ready,55
RAND-ORD,RST-A,secure_ready_to_auth_dma_req,10
RAND-ORD,RST-B,epoch_to_cpu_release,8
RAND-ORD,RST-B,epoch_to_dma_release,19
RAND-ORD,RST-B,epoch_to_iopmp_release,30
RAND-ORD,RST-B,epoch_to_sec_release,8
RAND-ORD,RST-B,epoch_to_ic_release,19
RAND-ORD,RST-B,iopmp_release_to_iopmp_ready,12
RAND-ORD,RST-B,last_security_milestone_to_secure_ready,34
RAND-ORD,RST-B,epoch_start_to_secure_ready,42
RAND-ORD,RST-B,secure_ready_to_auth_dma_req,10
RAND-ORD,RST-B,secure_ready_to_auth_commit,18
RAND-ORD,RST-A,epoch_to_cpu_release,29
RAND-ORD,RST-A,epoch_to_dma_release,14
RAND-ORD,RST-A,epoch_to_iopmp_release,32
RAND-ORD,RST-A,epoch_to_sec_release,17
RAND-ORD,RST-A,epoch_to_ic_release,35
RAND-ORD,RST-A,iopmp_release_to_iopmp_ready,22
RAND-ORD,RST-A,last_security_milestone_to_secure_ready,37
RAND-ORD,RST-A,epoch_start_to_secure_ready,54
RAND-ORD,RST-A,secure_ready_to_auth_dma_req,10
RAND-ORD,RST-B,epoch_to_cpu_release,17
RAND-ORD,RST-B,epoch_to_dma_release,9
RAND-ORD,RST-B,epoch_to_iopmp_release,34
RAND-ORD,RST-B,epoch_to_sec_release,26
RAND-ORD,RST-B,epoch_to_ic_release,18
RAND-ORD,RST-B,iopmp_release_to_iopmp_ready,12
RAND-ORD,RST-B,last_security_milestone_to_secure_ready,20
RAND-ORD,RST-B,epoch_start_to_secure_ready,46
RAND-ORD,RST-B,secure_ready_to_auth_dma_req,10
RAND-ORD,RST-B,secure_ready_to_auth_commit,18
RAND-ORD,RST-A,epoch_to_cpu_release,38
RAND-ORD,RST-A,epoch_to_dma_release,37
RAND-ORD,RST-A,epoch_to_iopmp_release,36
RAND-ORD,RST-A,epoch_to_sec_release,35
RAND-ORD,RST-A,epoch_to_ic_release,34
RAND-ORD,RST-A,iopmp_release_to_iopmp_ready,21
RAND-ORD,RST-A,last_security_milestone_to_secure_ready,22
RAND-ORD,RST-A,epoch_start_to_secure_ready,57
RAND-ORD,RST-A,secure_ready_to_auth_dma_req,10
RAND-ORD,RST-B,epoch_to_cpu_release,26
RAND-ORD,RST-B,epoch_to_dma_release,32
RAND-ORD,RST-B,epoch_to_iopmp_release,38
RAND-ORD,RST-B,epoch_to_sec_release,11
RAND-ORD,RST-B,epoch_to_ic_release,17
RAND-ORD,RST-B,iopmp_release_to_iopmp_ready,12
RAND-ORD,RST-B,last_security_milestone_to_secure_ready,39
RAND-ORD,RST-B,epoch_start_to_secure_ready,50
RAND-ORD,RST-B,secure_ready_to_auth_dma_req,10
RAND-ORD,RST-B,secure_ready_to_auth_commit,18
RAND-ORD,RST-A,epoch_to_cpu_release,14
RAND-ORD,RST-A,epoch_to_dma_release,27
RAND-ORD,RST-A,epoch_to_iopmp_release,40
RAND-ORD,RST-A,epoch_to_sec_release,20
RAND-ORD,RST-A,epoch_to_ic_release,33
RAND-ORD,RST-A,iopmp_release_to_iopmp_ready,19
RAND-ORD,RST-A,last_security_milestone_to_secure_ready,39
RAND-ORD,RST-A,epoch_start_to_secure_ready,59
RAND-ORD,RST-A,secure_ready_to_auth_dma_req,10
RAND-ORD,RST-B,epoch_to_cpu_release,35
RAND-ORD,RST-B,epoch_to_dma_release,22
RAND-ORD,RST-B,epoch_to_iopmp_release,9
RAND-ORD,RST-B,epoch_to_sec_release,29
RAND-ORD,RST-B,epoch_to_ic_release,16
RAND-ORD,RST-B,iopmp_release_to_iopmp_ready,38
RAND-ORD,RST-B,last_security_milestone_to_secure_ready,18
RAND-ORD,RST-B,epoch_start_to_secure_ready,47
RAND-ORD,RST-B,secure_ready_to_auth_dma_req,10
RAND-ORD,RST-B,secure_ready_to_auth_commit,18
RAND-ORD,RST-A,epoch_to_cpu_release,23
RAND-ORD,RST-A,epoch_to_dma_release,17
RAND-ORD,RST-A,epoch_to_iopmp_release,11
RAND-ORD,RST-A,epoch_to_sec_release,38
RAND-ORD,RST-A,epoch_to_ic_release,32
RAND-ORD,RST-A,iopmp_release_to_iopmp_ready,46
RAND-ORD,RST-A,last_security_milestone_to_secure_ready,19
RAND-ORD,RST-A,epoch_start_to_secure_ready,57
RAND-ORD,RST-A,secure_ready_to_auth_dma_req,10
RAND-ORD,RST-B,epoch_to_cpu_release,11
RAND-ORD,RST-B,epoch_to_dma_release,12
RAND-ORD,RST-B,epoch_to_iopmp_release,13
RAND-ORD,RST-B,epoch_to_sec_release,14
RAND-ORD,RST-B,epoch_to_ic_release,15
RAND-ORD,RST-B,iopmp_release_to_iopmp_ready,14
RAND-ORD,RST-B,last_security_milestone_to_secure_ready,13
RAND-ORD,RST-B,epoch_start_to_secure_ready,27
RAND-ORD,RST-B,secure_ready_to_auth_dma_req,10
RAND-ORD,RST-B,secure_ready_to_auth_commit,18
RAND-ORD,RST-A,epoch_to_cpu_release,32
RAND-ORD,RST-A,epoch_to_dma_release,40
RAND-ORD,RST-A,epoch_to_iopmp_release,15
RAND-ORD,RST-A,epoch_to_sec_release,23
RAND-ORD,RST-A,epoch_to_ic_release,31
RAND-ORD,RST-A,iopmp_release_to_iopmp_ready,44
RAND-ORD,RST-A,last_security_milestone_to_secure_ready,36
RAND-ORD,RST-A,epoch_start_to_secure_ready,59
RAND-ORD,RST-A,secure_ready_to_auth_dma_req,10
RAND-ORD,RST-B,epoch_to_cpu_release,20
RAND-ORD,RST-B,epoch_to_dma_release,35
RAND-ORD,RST-B,epoch_to_iopmp_release,17
RAND-ORD,RST-B,epoch_to_sec_release,32
RAND-ORD,RST-B,epoch_to_ic_release,14
RAND-ORD,RST-B,iopmp_release_to_iopmp_ready,30
RAND-ORD,RST-B,last_security_milestone_to_secure_ready,15
RAND-ORD,RST-B,epoch_start_to_secure_ready,47
RAND-ORD,RST-B,secure_ready_to_auth_dma_req,10
RAND-ORD,RST-B,secure_ready_to_auth_commit,18
RAND-ORD,RST-A,epoch_to_cpu_release,8
RAND-ORD,RST-A,epoch_to_dma_release,30
RAND-ORD,RST-A,epoch_to_iopmp_release,19
RAND-ORD,RST-A,epoch_to_sec_release,8
RAND-ORD,RST-A,epoch_to_ic_release,30
RAND-ORD,RST-A,iopmp_release_to_iopmp_ready,30
RAND-ORD,RST-A,last_security_milestone_to_secure_ready,41
RAND-ORD,RST-A,epoch_start_to_secure_ready,49
RAND-ORD,RST-A,secure_ready_to_auth_dma_req,10
RAND-ORD,RST-B,epoch_to_cpu_release,29
RAND-ORD,RST-B,epoch_to_dma_release,25
RAND-ORD,RST-B,epoch_to_iopmp_release,21
RAND-ORD,RST-B,epoch_to_sec_release,17
RAND-ORD,RST-B,epoch_to_ic_release,13
RAND-ORD,RST-B,iopmp_release_to_iopmp_ready,20
RAND-ORD,RST-B,last_security_milestone_to_secure_ready,24
RAND-ORD,RST-B,epoch_start_to_secure_ready,41
RAND-ORD,RST-B,secure_ready_to_auth_dma_req,10
RAND-ORD,RST-B,secure_ready_to_auth_commit,18
RAND-ORD,RST-A,epoch_to_cpu_release,17
RAND-ORD,RST-A,epoch_to_dma_release,20
RAND-ORD,RST-A,epoch_to_iopmp_release,23
RAND-ORD,RST-A,epoch_to_sec_release,26
RAND-ORD,RST-A,epoch_to_ic_release,29
RAND-ORD,RST-A,iopmp_release_to_iopmp_ready,25
RAND-ORD,RST-A,last_security_milestone_to_secure_ready,22
RAND-ORD,RST-A,epoch_start_to_secure_ready,48
RAND-ORD,RST-A,secure_ready_to_auth_dma_req,10
RAND-ORD,RST-B,epoch_to_cpu_release,38
RAND-ORD,RST-B,epoch_to_dma_release,15
RAND-ORD,RST-B,epoch_to_iopmp_release,25
RAND-ORD,RST-B,epoch_to_sec_release,35
RAND-ORD,RST-B,epoch_to_ic_release,12
RAND-ORD,RST-B,iopmp_release_to_iopmp_ready,25
RAND-ORD,RST-B,last_security_milestone_to_secure_ready,15
RAND-ORD,RST-B,epoch_start_to_secure_ready,50
RAND-ORD,RST-B,secure_ready_to_auth_dma_req,10
RAND-ORD,RST-B,secure_ready_to_auth_commit,18
RAND-ORD,RST-A,epoch_to_cpu_release,26
RAND-ORD,RST-A,epoch_to_dma_release,10
RAND-ORD,RST-A,epoch_to_iopmp_release,27
RAND-ORD,RST-A,epoch_to_sec_release,11
RAND-ORD,RST-A,epoch_to_ic_release,28
RAND-ORD,RST-A,iopmp_release_to_iopmp_ready,20
RAND-ORD,RST-A,last_security_milestone_to_secure_ready,36
RAND-ORD,RST-A,epoch_start_to_secure_ready,47
RAND-ORD,RST-A,secure_ready_to_auth_dma_req,10
RAND-ORD,RST-B,epoch_to_cpu_release,14
RAND-ORD,RST-B,epoch_to_dma_release,38
RAND-ORD,RST-B,epoch_to_iopmp_release,29
RAND-ORD,RST-B,epoch_to_sec_release,20
RAND-ORD,RST-B,epoch_to_ic_release,11
RAND-ORD,RST-B,iopmp_release_to_iopmp_ready,21
RAND-ORD,RST-B,last_security_milestone_to_secure_ready,30
RAND-ORD,RST-B,epoch_start_to_secure_ready,50
RAND-ORD,RST-B,secure_ready_to_auth_dma_req,10
RAND-ORD,RST-B,secure_ready_to_auth_commit,18
RAND-ORD,RST-A,epoch_to_cpu_release,35
RAND-ORD,RST-A,epoch_to_dma_release,33
RAND-ORD,RST-A,epoch_to_iopmp_release,31
RAND-ORD,RST-A,epoch_to_sec_release,29
RAND-ORD,RST-A,epoch_to_ic_release,27
RAND-ORD,RST-A,iopmp_release_to_iopmp_ready,23
RAND-ORD,RST-A,last_security_milestone_to_secure_ready,25
RAND-ORD,RST-A,epoch_start_to_secure_ready,54
RAND-ORD,RST-A,secure_ready_to_auth_dma_req,10
RAND-ORD,RST-B,epoch_to_cpu_release,23
RAND-ORD,RST-B,epoch_to_dma_release,28
RAND-ORD,RST-B,epoch_to_iopmp_release,33
RAND-ORD,RST-B,epoch_to_sec_release,38
RAND-ORD,RST-B,epoch_to_ic_release,10
RAND-ORD,RST-B,iopmp_release_to_iopmp_ready,17
RAND-ORD,RST-B,last_security_milestone_to_secure_ready,12
RAND-ORD,RST-B,epoch_start_to_secure_ready,50
RAND-ORD,RST-B,secure_ready_to_auth_dma_req,10
RAND-ORD,RST-B,secure_ready_to_auth_commit,18
RAND-ORD,RST-A,epoch_to_cpu_release,11
RAND-ORD,RST-A,epoch_to_dma_release,23
RAND-ORD,RST-A,epoch_to_iopmp_release,35
RAND-ORD,RST-A,epoch_to_sec_release,14
RAND-ORD,RST-A,epoch_to_ic_release,26
RAND-ORD,RST-A,iopmp_release_to_iopmp_ready,19
RAND-ORD,RST-A,last_security_milestone_to_secure_ready,40
RAND-ORD,RST-A,epoch_start_to_secure_ready,54
RAND-ORD,RST-A,secure_ready_to_auth_dma_req,10
RAND-ORD,RST-B,epoch_to_cpu_release,32
RAND-ORD,RST-B,epoch_to_dma_release,18
RAND-ORD,RST-B,epoch_to_iopmp_release,37
RAND-ORD,RST-B,epoch_to_sec_release,23
RAND-ORD,RST-B,epoch_to_ic_release,9
RAND-ORD,RST-B,iopmp_release_to_iopmp_ready,12
RAND-ORD,RST-B,last_security_milestone_to_secure_ready,26
RAND-ORD,RST-B,epoch_start_to_secure_ready,49
RAND-ORD,RST-B,secure_ready_to_auth_dma_req,10
RAND-ORD,RST-B,secure_ready_to_auth_commit,18
RAND-ORD,RST-A,epoch_to_cpu_release,20
RAND-ORD,RST-A,epoch_to_dma_release,13
RAND-ORD,RST-A,epoch_to_iopmp_release,39
RAND-ORD,RST-A,epoch_to_sec_release,32
RAND-ORD,RST-A,epoch_to_ic_release,25
RAND-ORD,RST-A,iopmp_release_to_iopmp_ready,19
RAND-ORD,RST-A,last_security_milestone_to_secure_ready,26
RAND-ORD,RST-A,epoch_start_to_secure_ready,58
RAND-ORD,RST-A,secure_ready_to_auth_dma_req,10
RAND-ORD,RST-B,epoch_to_cpu_release,8
RAND-ORD,RST-B,epoch_to_dma_release,8
RAND-ORD,RST-B,epoch_to_iopmp_release,8
RAND-ORD,RST-B,epoch_to_sec_release,8
RAND-ORD,RST-B,epoch_to_ic_release,8
RAND-ORD,RST-B,iopmp_release_to_iopmp_ready,12
RAND-ORD,RST-B,last_security_milestone_to_secure_ready,12
RAND-ORD,RST-B,epoch_start_to_secure_ready,20
RAND-ORD,RST-B,secure_ready_to_auth_dma_req,10
RAND-ORD,RST-B,secure_ready_to_auth_commit,18
RAND-ORD,RST-A,epoch_to_cpu_release,29
RAND-ORD,RST-A,epoch_to_dma_release,36
RAND-ORD,RST-A,epoch_to_iopmp_release,10
RAND-ORD,RST-A,epoch_to_sec_release,17
RAND-ORD,RST-A,epoch_to_ic_release,24
RAND-ORD,RST-A,iopmp_release_to_iopmp_ready,45
RAND-ORD,RST-A,last_security_milestone_to_secure_ready,38
RAND-ORD,RST-A,epoch_start_to_secure_ready,55
RAND-ORD,RST-A,secure_ready_to_auth_dma_req,10
RAND-ORD,RST-B,epoch_to_cpu_release,17
RAND-ORD,RST-B,epoch_to_dma_release,31
RAND-ORD,RST-B,epoch_to_iopmp_release,12
RAND-ORD,RST-B,epoch_to_sec_release,26
RAND-ORD,RST-B,epoch_to_ic_release,40
RAND-ORD,RST-B,iopmp_release_to_iopmp_ready,40
RAND-ORD,RST-B,last_security_milestone_to_secure_ready,26
RAND-ORD,RST-B,epoch_start_to_secure_ready,52
RAND-ORD,RST-B,secure_ready_to_auth_dma_req,10
RAND-ORD,RST-B,secure_ready_to_auth_commit,18
RAND-ORD,RST-A,epoch_to_cpu_release,38
RAND-ORD,RST-A,epoch_to_dma_release,26
RAND-ORD,RST-A,epoch_to_iopmp_release,14
RAND-ORD,RST-A,epoch_to_sec_release,35
RAND-ORD,RST-A,epoch_to_ic_release,23
RAND-ORD,RST-A,iopmp_release_to_iopmp_ready,43
RAND-ORD,RST-A,last_security_milestone_to_secure_ready,22
RAND-ORD,RST-A,epoch_start_to_secure_ready,57
RAND-ORD,RST-A,secure_ready_to_auth_dma_req,10
RAND-ORD,RST-B,epoch_to_cpu_release,26
RAND-ORD,RST-B,epoch_to_dma_release,21
RAND-ORD,RST-B,epoch_to_iopmp_release,16
RAND-ORD,RST-B,epoch_to_sec_release,11
RAND-ORD,RST-B,epoch_to_ic_release,39
RAND-ORD,RST-B,iopmp_release_to_iopmp_ready,35
RAND-ORD,RST-B,last_security_milestone_to_secure_ready,40
RAND-ORD,RST-B,epoch_start_to_secure_ready,51
RAND-ORD,RST-B,secure_ready_to_auth_dma_req,10
RAND-ORD,RST-B,secure_ready_to_auth_commit,18
RAND-ORD,RST-A,epoch_to_cpu_release,14
RAND-ORD,RST-A,epoch_to_dma_release,16
RAND-ORD,RST-A,epoch_to_iopmp_release,18
RAND-ORD,RST-A,epoch_to_sec_release,20
RAND-ORD,RST-A,epoch_to_ic_release,22
RAND-ORD,RST-A,iopmp_release_to_iopmp_ready,23
RAND-ORD,RST-A,last_security_milestone_to_secure_ready,21
RAND-ORD,RST-A,epoch_start_to_secure_ready,41
RAND-ORD,RST-A,secure_ready_to_auth_dma_req,10
RAND-ORD,RST-B,epoch_to_cpu_release,35
RAND-ORD,RST-B,epoch_to_dma_release,11
RAND-ORD,RST-B,epoch_to_iopmp_release,20
RAND-ORD,RST-B,epoch_to_sec_release,29
RAND-ORD,RST-B,epoch_to_ic_release,38
RAND-ORD,RST-B,iopmp_release_to_iopmp_ready,30
RAND-ORD,RST-B,last_security_milestone_to_secure_ready,21
RAND-ORD,RST-B,epoch_start_to_secure_ready,50
RAND-ORD,RST-B,secure_ready_to_auth_dma_req,10
RAND-ORD,RST-B,secure_ready_to_auth_commit,18
RAND-ORD,RST-A,epoch_to_cpu_release,23
RAND-ORD,RST-A,epoch_to_dma_release,39
RAND-ORD,RST-A,epoch_to_iopmp_release,22
RAND-ORD,RST-A,epoch_to_sec_release,38
RAND-ORD,RST-A,epoch_to_ic_release,21
RAND-ORD,RST-A,iopmp_release_to_iopmp_ready,36
RAND-ORD,RST-A,last_security_milestone_to_secure_ready,20
RAND-ORD,RST-A,epoch_start_to_secure_ready,58
RAND-ORD,RST-A,secure_ready_to_auth_dma_req,10
RAND-ORD,RST-B,epoch_to_cpu_release,11
RAND-ORD,RST-B,epoch_to_dma_release,34
RAND-ORD,RST-B,epoch_to_iopmp_release,24
RAND-ORD,RST-B,epoch_to_sec_release,14
RAND-ORD,RST-B,epoch_to_ic_release,37
RAND-ORD,RST-B,iopmp_release_to_iopmp_ready,25
RAND-ORD,RST-B,last_security_milestone_to_secure_ready,35
RAND-ORD,RST-B,epoch_start_to_secure_ready,49
RAND-ORD,RST-B,secure_ready_to_auth_dma_req,10
RAND-ORD,RST-B,secure_ready_to_auth_commit,18
RAND-ORD,RST-A,epoch_to_cpu_release,32
RAND-ORD,RST-A,epoch_to_dma_release,29
RAND-ORD,RST-A,epoch_to_iopmp_release,26
RAND-ORD,RST-A,epoch_to_sec_release,23
RAND-ORD,RST-A,epoch_to_ic_release,20
RAND-ORD,RST-A,iopmp_release_to_iopmp_ready,25
RAND-ORD,RST-A,last_security_milestone_to_secure_ready,28
RAND-ORD,RST-A,epoch_start_to_secure_ready,51
RAND-ORD,RST-A,secure_ready_to_auth_dma_req,10
RAND-ORD,RST-B,epoch_to_cpu_release,20
RAND-ORD,RST-B,epoch_to_dma_release,24
RAND-ORD,RST-B,epoch_to_iopmp_release,28
RAND-ORD,RST-B,epoch_to_sec_release,32
RAND-ORD,RST-B,epoch_to_ic_release,36
RAND-ORD,RST-B,iopmp_release_to_iopmp_ready,20
RAND-ORD,RST-B,last_security_milestone_to_secure_ready,16
RAND-ORD,RST-B,epoch_start_to_secure_ready,48
RAND-ORD,RST-B,secure_ready_to_auth_dma_req,10
RAND-ORD,RST-B,secure_ready_to_auth_commit,18
RAND-ORD,RST-A,epoch_to_cpu_release,8
RAND-ORD,RST-A,epoch_to_dma_release,19
RAND-ORD,RST-A,epoch_to_iopmp_release,30
RAND-ORD,RST-A,epoch_to_sec_release,8
RAND-ORD,RST-A,epoch_to_ic_release,19
RAND-ORD,RST-A,iopmp_release_to_iopmp_ready,19
RAND-ORD,RST-A,last_security_milestone_to_secure_ready,41
RAND-ORD,RST-A,epoch_start_to_secure_ready,49
RAND-ORD,RST-A,secure_ready_to_auth_dma_req,10
RAND-ORD,RST-B,epoch_to_cpu_release,29
RAND-ORD,RST-B,epoch_to_dma_release,14
RAND-ORD,RST-B,epoch_to_iopmp_release,32
RAND-ORD,RST-B,epoch_to_sec_release,17
RAND-ORD,RST-B,epoch_to_ic_release,35
RAND-ORD,RST-B,iopmp_release_to_iopmp_ready,15
RAND-ORD,RST-B,last_security_milestone_to_secure_ready,30
RAND-ORD,RST-B,epoch_start_to_secure_ready,47
RAND-ORD,RST-B,secure_ready_to_auth_dma_req,10
RAND-ORD,RST-B,secure_ready_to_auth_commit,18
RAND-ORD,RST-A,epoch_to_cpu_release,17
RAND-ORD,RST-A,epoch_to_dma_release,9
RAND-ORD,RST-A,epoch_to_iopmp_release,34
RAND-ORD,RST-A,epoch_to_sec_release,26
RAND-ORD,RST-A,epoch_to_ic_release,18
RAND-ORD,RST-A,iopmp_release_to_iopmp_ready,19
RAND-ORD,RST-A,last_security_milestone_to_secure_ready,27
RAND-ORD,RST-A,epoch_start_to_secure_ready,53
RAND-ORD,RST-A,secure_ready_to_auth_dma_req,10
RAND-ORD,RST-B,epoch_to_cpu_release,38
RAND-ORD,RST-B,epoch_to_dma_release,37
RAND-ORD,RST-B,epoch_to_iopmp_release,36
RAND-ORD,RST-B,epoch_to_sec_release,35
RAND-ORD,RST-B,epoch_to_ic_release,34
RAND-ORD,RST-B,iopmp_release_to_iopmp_ready,14
RAND-ORD,RST-B,last_security_milestone_to_secure_ready,15
RAND-ORD,RST-B,epoch_start_to_secure_ready,50
RAND-ORD,RST-B,secure_ready_to_auth_dma_req,10
RAND-ORD,RST-B,secure_ready_to_auth_commit,18
RAND-ORD,RST-A,epoch_to_cpu_release,26
RAND-ORD,RST-A,epoch_to_dma_release,32
RAND-ORD,RST-A,epoch_to_iopmp_release,38
RAND-ORD,RST-A,epoch_to_sec_release,11
RAND-ORD,RST-A,epoch_to_ic_release,17
RAND-ORD,RST-A,iopmp_release_to_iopmp_ready,19
RAND-ORD,RST-A,last_security_milestone_to_secure_ready,46
RAND-ORD,RST-A,epoch_start_to_secure_ready,57
RAND-ORD,RST-A,secure_ready_to_auth_dma_req,10
RAND-ORD,RST-B,epoch_to_cpu_release,14
RAND-ORD,RST-B,epoch_to_dma_release,27
RAND-ORD,RST-B,epoch_to_iopmp_release,40
RAND-ORD,RST-B,epoch_to_sec_release,20
RAND-ORD,RST-B,epoch_to_ic_release,33
RAND-ORD,RST-B,iopmp_release_to_iopmp_ready,12
RAND-ORD,RST-B,last_security_milestone_to_secure_ready,32
RAND-ORD,RST-B,epoch_start_to_secure_ready,52
RAND-ORD,RST-B,secure_ready_to_auth_dma_req,10
RAND-ORD,RST-B,secure_ready_to_auth_commit,18
RAND-ORD,RST-A,epoch_to_cpu_release,35
RAND-ORD,RST-A,epoch_to_dma_release,22
RAND-ORD,RST-A,epoch_to_iopmp_release,9
RAND-ORD,RST-A,epoch_to_sec_release,29
RAND-ORD,RST-A,epoch_to_ic_release,16
RAND-ORD,RST-A,iopmp_release_to_iopmp_ready,45
RAND-ORD,RST-A,last_security_milestone_to_secure_ready,25
RAND-ORD,RST-A,epoch_start_to_secure_ready,54
RAND-ORD,RST-A,secure_ready_to_auth_dma_req,10
RAND-ORD,RST-B,epoch_to_cpu_release,23
RAND-ORD,RST-B,epoch_to_dma_release,17
RAND-ORD,RST-B,epoch_to_iopmp_release,11
RAND-ORD,RST-B,epoch_to_sec_release,38
RAND-ORD,RST-B,epoch_to_ic_release,32
RAND-ORD,RST-B,iopmp_release_to_iopmp_ready,39
RAND-ORD,RST-B,last_security_milestone_to_secure_ready,12
RAND-ORD,RST-B,epoch_start_to_secure_ready,50
RAND-ORD,RST-B,secure_ready_to_auth_dma_req,10
RAND-ORD,RST-B,secure_ready_to_auth_commit,18
RAND-ORD,RST-A,epoch_to_cpu_release,11
RAND-ORD,RST-A,epoch_to_dma_release,12
RAND-ORD,RST-A,epoch_to_iopmp_release,13
RAND-ORD,RST-A,epoch_to_sec_release,14
RAND-ORD,RST-A,epoch_to_ic_release,15
RAND-ORD,RST-A,iopmp_release_to_iopmp_ready,21
RAND-ORD,RST-A,last_security_milestone_to_secure_ready,20
RAND-ORD,RST-A,epoch_start_to_secure_ready,34
RAND-ORD,RST-A,secure_ready_to_auth_dma_req,10
RAND-ORD,RST-B,epoch_to_cpu_release,32
RAND-ORD,RST-B,epoch_to_dma_release,40
RAND-ORD,RST-B,epoch_to_iopmp_release,15
RAND-ORD,RST-B,epoch_to_sec_release,23
RAND-ORD,RST-B,epoch_to_ic_release,31
RAND-ORD,RST-B,iopmp_release_to_iopmp_ready,37
RAND-ORD,RST-B,last_security_milestone_to_secure_ready,29
RAND-ORD,RST-B,epoch_start_to_secure_ready,52
RAND-ORD,RST-B,secure_ready_to_auth_dma_req,10
RAND-ORD,RST-B,secure_ready_to_auth_commit,18
RAND-ORD,RST-A,epoch_to_cpu_release,20
RAND-ORD,RST-A,epoch_to_dma_release,35
RAND-ORD,RST-A,epoch_to_iopmp_release,17
RAND-ORD,RST-A,epoch_to_sec_release,32
RAND-ORD,RST-A,epoch_to_ic_release,14
RAND-ORD,RST-A,iopmp_release_to_iopmp_ready,37
RAND-ORD,RST-A,last_security_milestone_to_secure_ready,22
RAND-ORD,RST-A,epoch_start_to_secure_ready,54
RAND-ORD,RST-A,secure_ready_to_auth_dma_req,10
RAND-ORD,RST-B,epoch_to_cpu_release,8
RAND-ORD,RST-B,epoch_to_dma_release,30
RAND-ORD,RST-B,epoch_to_iopmp_release,19
RAND-ORD,RST-B,epoch_to_sec_release,8
RAND-ORD,RST-B,epoch_to_ic_release,30
RAND-ORD,RST-B,iopmp_release_to_iopmp_ready,23
RAND-ORD,RST-B,last_security_milestone_to_secure_ready,34
RAND-ORD,RST-B,epoch_start_to_secure_ready,42
RAND-ORD,RST-B,secure_ready_to_auth_dma_req,10
RAND-ORD,RST-B,secure_ready_to_auth_commit,18
RAND-ORD,RST-A,epoch_to_cpu_release,29
RAND-ORD,RST-A,epoch_to_dma_release,25
RAND-ORD,RST-A,epoch_to_iopmp_release,21
RAND-ORD,RST-A,epoch_to_sec_release,17
RAND-ORD,RST-A,epoch_to_ic_release,13
RAND-ORD,RST-A,iopmp_release_to_iopmp_ready,27
RAND-ORD,RST-A,last_security_milestone_to_secure_ready,31
RAND-ORD,RST-A,epoch_start_to_secure_ready,48
RAND-ORD,RST-A,secure_ready_to_auth_dma_req,10
RAND-ORD,RST-B,epoch_to_cpu_release,17
RAND-ORD,RST-B,epoch_to_dma_release,20
RAND-ORD,RST-B,epoch_to_iopmp_release,23
RAND-ORD,RST-B,epoch_to_sec_release,26
RAND-ORD,RST-B,epoch_to_ic_release,29
RAND-ORD,RST-B,iopmp_release_to_iopmp_ready,18
RAND-ORD,RST-B,last_security_milestone_to_secure_ready,15
RAND-ORD,RST-B,epoch_start_to_secure_ready,41
RAND-ORD,RST-B,secure_ready_to_auth_dma_req,10
RAND-ORD,RST-B,secure_ready_to_auth_commit,18
RAND-ORD,RST-A,epoch_to_cpu_release,38
RAND-ORD,RST-A,epoch_to_dma_release,15
RAND-ORD,RST-A,epoch_to_iopmp_release,25
RAND-ORD,RST-A,epoch_to_sec_release,35
RAND-ORD,RST-A,epoch_to_ic_release,12
RAND-ORD,RST-A,iopmp_release_to_iopmp_ready,32
RAND-ORD,RST-A,last_security_milestone_to_secure_ready,22
RAND-ORD,RST-A,epoch_start_to_secure_ready,57
RAND-ORD,RST-A,secure_ready_to_auth_dma_req,10
RAND-ORD,RST-B,epoch_to_cpu_release,26
RAND-ORD,RST-B,epoch_to_dma_release,10
RAND-ORD,RST-B,epoch_to_iopmp_release,27
RAND-ORD,RST-B,epoch_to_sec_release,11
RAND-ORD,RST-B,epoch_to_ic_release,28
RAND-ORD,RST-B,iopmp_release_to_iopmp_ready,13
RAND-ORD,RST-B,last_security_milestone_to_secure_ready,29
RAND-ORD,RST-B,epoch_start_to_secure_ready,40
RAND-ORD,RST-B,secure_ready_to_auth_dma_req,10
RAND-ORD,RST-B,secure_ready_to_auth_commit,18
RAND-ORD,RST-A,epoch_to_cpu_release,14
RAND-ORD,RST-A,epoch_to_dma_release,38
RAND-ORD,RST-A,epoch_to_iopmp_release,29
RAND-ORD,RST-A,epoch_to_sec_release,20
RAND-ORD,RST-A,epoch_to_ic_release,11
RAND-ORD,RST-A,iopmp_release_to_iopmp_ready,28
RAND-ORD,RST-A,last_security_milestone_to_secure_ready,37
RAND-ORD,RST-A,epoch_start_to_secure_ready,57
RAND-ORD,RST-A,secure_ready_to_auth_dma_req,10
RAND-ORD,RST-B,epoch_to_cpu_release,35
RAND-ORD,RST-B,epoch_to_dma_release,33
RAND-ORD,RST-B,epoch_to_iopmp_release,31
RAND-ORD,RST-B,epoch_to_sec_release,29
RAND-ORD,RST-B,epoch_to_ic_release,27
RAND-ORD,RST-B,iopmp_release_to_iopmp_ready,16
RAND-ORD,RST-B,last_security_milestone_to_secure_ready,18
RAND-ORD,RST-B,epoch_start_to_secure_ready,47
RAND-ORD,RST-B,secure_ready_to_auth_dma_req,10
RAND-ORD,RST-B,secure_ready_to_auth_commit,18
RAND-ORD,RST-A,epoch_to_cpu_release,23
RAND-ORD,RST-A,epoch_to_dma_release,28
RAND-ORD,RST-A,epoch_to_iopmp_release,33
RAND-ORD,RST-A,epoch_to_sec_release,38
RAND-ORD,RST-A,epoch_to_ic_release,10
RAND-ORD,RST-A,iopmp_release_to_iopmp_ready,24
RAND-ORD,RST-A,last_security_milestone_to_secure_ready,19
RAND-ORD,RST-A,epoch_start_to_secure_ready,57
RAND-ORD,RST-A,secure_ready_to_auth_dma_req,10
RAND-ORD,RST-B,epoch_to_cpu_release,11
RAND-ORD,RST-B,epoch_to_dma_release,23
RAND-ORD,RST-B,epoch_to_iopmp_release,35
RAND-ORD,RST-B,epoch_to_sec_release,14
RAND-ORD,RST-B,epoch_to_ic_release,26
RAND-ORD,RST-B,iopmp_release_to_iopmp_ready,12
RAND-ORD,RST-B,last_security_milestone_to_secure_ready,33
RAND-ORD,RST-B,epoch_start_to_secure_ready,47
RAND-ORD,RST-B,secure_ready_to_auth_dma_req,10
RAND-ORD,RST-B,secure_ready_to_auth_commit,18
RAND-ORD,RST-A,epoch_to_cpu_release,32
RAND-ORD,RST-A,epoch_to_dma_release,18
RAND-ORD,RST-A,epoch_to_iopmp_release,37
RAND-ORD,RST-A,epoch_to_sec_release,23
RAND-ORD,RST-A,epoch_to_ic_release,9
RAND-ORD,RST-A,iopmp_release_to_iopmp_ready,19
RAND-ORD,RST-A,last_security_milestone_to_secure_ready,33
RAND-ORD,RST-A,epoch_start_to_secure_ready,56
RAND-ORD,RST-A,secure_ready_to_auth_dma_req,10
RAND-ORD,RST-B,epoch_to_cpu_release,20
RAND-ORD,RST-B,epoch_to_dma_release,13
RAND-ORD,RST-B,epoch_to_iopmp_release,39
RAND-ORD,RST-B,epoch_to_sec_release,32
RAND-ORD,RST-B,epoch_to_ic_release,25
RAND-ORD,RST-B,iopmp_release_to_iopmp_ready,12
RAND-ORD,RST-B,last_security_milestone_to_secure_ready,19
RAND-ORD,RST-B,epoch_start_to_secure_ready,51
RAND-ORD,RST-B,secure_ready_to_auth_dma_req,10
RAND-ORD,RST-B,secure_ready_to_auth_commit,18
RAND-ORD,RST-A,epoch_to_cpu_release,8
RAND-ORD,RST-A,epoch_to_dma_release,8
RAND-ORD,RST-A,epoch_to_iopmp_release,8
RAND-ORD,RST-A,epoch_to_sec_release,8
RAND-ORD,RST-A,epoch_to_ic_release,8
RAND-ORD,RST-A,iopmp_release_to_iopmp_ready,19
RAND-ORD,RST-A,last_security_milestone_to_secure_ready,19
RAND-ORD,RST-A,epoch_start_to_secure_ready,27
RAND-ORD,RST-A,secure_ready_to_auth_dma_req,10
RAND-ORD,RST-B,epoch_to_cpu_release,29
RAND-ORD,RST-B,epoch_to_dma_release,36
RAND-ORD,RST-B,epoch_to_iopmp_release,10
RAND-ORD,RST-B,epoch_to_sec_release,17
RAND-ORD,RST-B,epoch_to_ic_release,24
RAND-ORD,RST-B,iopmp_release_to_iopmp_ready,38
RAND-ORD,RST-B,last_security_milestone_to_secure_ready,31
RAND-ORD,RST-B,epoch_start_to_secure_ready,48
RAND-ORD,RST-B,secure_ready_to_auth_dma_req,10
RAND-ORD,RST-B,secure_ready_to_auth_commit,18
RAND-ORD,RST-A,epoch_to_cpu_release,17
RAND-ORD,RST-A,epoch_to_dma_release,31
RAND-ORD,RST-A,epoch_to_iopmp_release,12
RAND-ORD,RST-A,epoch_to_sec_release,26
RAND-ORD,RST-A,epoch_to_ic_release,40
RAND-ORD,RST-A,iopmp_release_to_iopmp_ready,47
RAND-ORD,RST-A,last_security_milestone_to_secure_ready,33
RAND-ORD,RST-A,epoch_start_to_secure_ready,59
RAND-ORD,RST-A,secure_ready_to_auth_dma_req,10
RAND-ORD,RST-B,epoch_to_cpu_release,38
RAND-ORD,RST-B,epoch_to_dma_release,26
RAND-ORD,RST-B,epoch_to_iopmp_release,14
RAND-ORD,RST-B,epoch_to_sec_release,35
RAND-ORD,RST-B,epoch_to_ic_release,23
RAND-ORD,RST-B,iopmp_release_to_iopmp_ready,36
RAND-ORD,RST-B,last_security_milestone_to_secure_ready,15
RAND-ORD,RST-B,epoch_start_to_secure_ready,50
RAND-ORD,RST-B,secure_ready_to_auth_dma_req,10
RAND-ORD,RST-B,secure_ready_to_auth_commit,18
RAND-ORD,RST-A,epoch_to_cpu_release,26
RAND-ORD,RST-A,epoch_to_dma_release,21
RAND-ORD,RST-A,epoch_to_iopmp_release,16
RAND-ORD,RST-A,epoch_to_sec_release,11
RAND-ORD,RST-A,epoch_to_ic_release,39
RAND-ORD,RST-A,iopmp_release_to_iopmp_ready,42
RAND-ORD,RST-A,last_security_milestone_to_secure_ready,47
RAND-ORD,RST-A,epoch_start_to_secure_ready,58
RAND-ORD,RST-A,secure_ready_to_auth_dma_req,10
RAND-ORD,RST-B,epoch_to_cpu_release,14
RAND-ORD,RST-B,epoch_to_dma_release,16
RAND-ORD,RST-B,epoch_to_iopmp_release,18
RAND-ORD,RST-B,epoch_to_sec_release,20
RAND-ORD,RST-B,epoch_to_ic_release,22
RAND-ORD,RST-B,iopmp_release_to_iopmp_ready,16
RAND-ORD,RST-B,last_security_milestone_to_secure_ready,14
RAND-ORD,RST-B,epoch_start_to_secure_ready,34
RAND-ORD,RST-B,secure_ready_to_auth_dma_req,10
RAND-ORD,RST-B,secure_ready_to_auth_commit,18
RAND-ORD,RST-A,epoch_to_cpu_release,35
RAND-ORD,RST-A,epoch_to_dma_release,11
RAND-ORD,RST-A,epoch_to_iopmp_release,20
RAND-ORD,RST-A,epoch_to_sec_release,29
RAND-ORD,RST-A,epoch_to_ic_release,38
RAND-ORD,RST-A,iopmp_release_to_iopmp_ready,37
RAND-ORD,RST-A,last_security_milestone_to_secure_ready,28
RAND-ORD,RST-A,epoch_start_to_secure_ready,57
RAND-ORD,RST-A,secure_ready_to_auth_dma_req,10
RAND-ORD,RST-B,epoch_to_cpu_release,23
RAND-ORD,RST-B,epoch_to_dma_release,39
RAND-ORD,RST-B,epoch_to_iopmp_release,22
RAND-ORD,RST-B,epoch_to_sec_release,38
RAND-ORD,RST-B,epoch_to_ic_release,21
RAND-ORD,RST-B,iopmp_release_to_iopmp_ready,29
RAND-ORD,RST-B,last_security_milestone_to_secure_ready,13
RAND-ORD,RST-B,epoch_start_to_secure_ready,51
RAND-ORD,RST-B,secure_ready_to_auth_dma_req,10
RAND-ORD,RST-B,secure_ready_to_auth_commit,18
RAND-ORD,RST-A,epoch_to_cpu_release,11
RAND-ORD,RST-A,epoch_to_dma_release,34
RAND-ORD,RST-A,epoch_to_iopmp_release,24
RAND-ORD,RST-A,epoch_to_sec_release,14
RAND-ORD,RST-A,epoch_to_ic_release,37
RAND-ORD,RST-A,iopmp_release_to_iopmp_ready,32
RAND-ORD,RST-A,last_security_milestone_to_secure_ready,42
RAND-ORD,RST-A,epoch_start_to_secure_ready,56
RAND-ORD,RST-A,secure_ready_to_auth_dma_req,10
RAND-ORD,RST-B,epoch_to_cpu_release,32
RAND-ORD,RST-B,epoch_to_dma_release,29
RAND-ORD,RST-B,epoch_to_iopmp_release,26
RAND-ORD,RST-B,epoch_to_sec_release,23
RAND-ORD,RST-B,epoch_to_ic_release,20
RAND-ORD,RST-B,iopmp_release_to_iopmp_ready,18
RAND-ORD,RST-B,last_security_milestone_to_secure_ready,21
RAND-ORD,RST-B,epoch_start_to_secure_ready,44
RAND-ORD,RST-B,secure_ready_to_auth_dma_req,10
RAND-ORD,RST-B,secure_ready_to_auth_commit,18
RAND-ORD,RST-A,epoch_to_cpu_release,20
RAND-ORD,RST-A,epoch_to_dma_release,24
RAND-ORD,RST-A,epoch_to_iopmp_release,28
RAND-ORD,RST-A,epoch_to_sec_release,32
RAND-ORD,RST-A,epoch_to_ic_release,36
RAND-ORD,RST-A,iopmp_release_to_iopmp_ready,27
RAND-ORD,RST-A,last_security_milestone_to_secure_ready,23
RAND-ORD,RST-A,epoch_start_to_secure_ready,55
RAND-ORD,RST-A,secure_ready_to_auth_dma_req,10
RAND-ORD,RST-B,epoch_to_cpu_release,8
RAND-ORD,RST-B,epoch_to_dma_release,19
RAND-ORD,RST-B,epoch_to_iopmp_release,30
RAND-ORD,RST-B,epoch_to_sec_release,8
RAND-ORD,RST-B,epoch_to_ic_release,19
RAND-ORD,RST-B,iopmp_release_to_iopmp_ready,12
RAND-ORD,RST-B,last_security_milestone_to_secure_ready,34
RAND-ORD,RST-B,epoch_start_to_secure_ready,42
RAND-ORD,RST-B,secure_ready_to_auth_dma_req,10
RAND-ORD,RST-B,secure_ready_to_auth_commit,18
RAND-ORD,RST-A,epoch_to_cpu_release,29
RAND-ORD,RST-A,epoch_to_dma_release,14
RAND-ORD,RST-A,epoch_to_iopmp_release,32
RAND-ORD,RST-A,epoch_to_sec_release,17
RAND-ORD,RST-A,epoch_to_ic_release,35
RAND-ORD,RST-A,iopmp_release_to_iopmp_ready,22
RAND-ORD,RST-A,last_security_milestone_to_secure_ready,37
RAND-ORD,RST-A,epoch_start_to_secure_ready,54
RAND-ORD,RST-A,secure_ready_to_auth_dma_req,10
RAND-ORD,RST-B,epoch_to_cpu_release,17
RAND-ORD,RST-B,epoch_to_dma_release,9
RAND-ORD,RST-B,epoch_to_iopmp_release,34
RAND-ORD,RST-B,epoch_to_sec_release,26
RAND-ORD,RST-B,epoch_to_ic_release,18
RAND-ORD,RST-B,iopmp_release_to_iopmp_ready,12
RAND-ORD,RST-B,last_security_milestone_to_secure_ready,20
RAND-ORD,RST-B,epoch_start_to_secure_ready,46
RAND-ORD,RST-B,secure_ready_to_auth_dma_req,10
RAND-ORD,RST-B,secure_ready_to_auth_commit,18
RAND-ORD,RST-A,epoch_to_cpu_release,38
RAND-ORD,RST-A,epoch_to_dma_release,37
RAND-ORD,RST-A,epoch_to_iopmp_release,36
RAND-ORD,RST-A,epoch_to_sec_release,35
RAND-ORD,RST-A,epoch_to_ic_release,34
RAND-ORD,RST-A,iopmp_release_to_iopmp_ready,21
RAND-ORD,RST-A,last_security_milestone_to_secure_ready,22
RAND-ORD,RST-A,epoch_start_to_secure_ready,57
RAND-ORD,RST-A,secure_ready_to_auth_dma_req,10
RAND-ORD,RST-B,epoch_to_cpu_release,26
RAND-ORD,RST-B,epoch_to_dma_release,32
RAND-ORD,RST-B,epoch_to_iopmp_release,38
RAND-ORD,RST-B,epoch_to_sec_release,11
RAND-ORD,RST-B,epoch_to_ic_release,17
RAND-ORD,RST-B,iopmp_release_to_iopmp_ready,12
RAND-ORD,RST-B,last_security_milestone_to_secure_ready,39
RAND-ORD,RST-B,epoch_start_to_secure_ready,50
RAND-ORD,RST-B,secure_ready_to_auth_dma_req,10
RAND-ORD,RST-B,secure_ready_to_auth_commit,18
RAND-ORD,RST-A,epoch_to_cpu_release,14
RAND-ORD,RST-A,epoch_to_dma_release,27
RAND-ORD,RST-A,epoch_to_iopmp_release,40
RAND-ORD,RST-A,epoch_to_sec_release,20
RAND-ORD,RST-A,epoch_to_ic_release,33
RAND-ORD,RST-A,iopmp_release_to_iopmp_ready,19
RAND-ORD,RST-A,last_security_milestone_to_secure_ready,39
RAND-ORD,RST-A,epoch_start_to_secure_ready,59
RAND-ORD,RST-A,secure_ready_to_auth_dma_req,10
RAND-ORD,RST-B,epoch_to_cpu_release,35
RAND-ORD,RST-B,epoch_to_dma_release,22
RAND-ORD,RST-B,epoch_to_iopmp_release,9
RAND-ORD,RST-B,epoch_to_sec_release,29
RAND-ORD,RST-B,epoch_to_ic_release,16
RAND-ORD,RST-B,iopmp_release_to_iopmp_ready,38
RAND-ORD,RST-B,last_security_milestone_to_secure_ready,18
RAND-ORD,RST-B,epoch_start_to_secure_ready,47
RAND-ORD,RST-B,secure_ready_to_auth_dma_req,10
RAND-ORD,RST-B,secure_ready_to_auth_commit,18
RAND-ORD,RST-A,epoch_to_cpu_release,23
RAND-ORD,RST-A,epoch_to_dma_release,17
RAND-ORD,RST-A,epoch_to_iopmp_release,11
RAND-ORD,RST-A,epoch_to_sec_release,38
RAND-ORD,RST-A,epoch_to_ic_release,32
RAND-ORD,RST-A,iopmp_release_to_iopmp_ready,46
RAND-ORD,RST-A,last_security_milestone_to_secure_ready,19
RAND-ORD,RST-A,epoch_start_to_secure_ready,57
RAND-ORD,RST-A,secure_ready_to_auth_dma_req,10
RAND-ORD,RST-B,epoch_to_cpu_release,11
RAND-ORD,RST-B,epoch_to_dma_release,12
RAND-ORD,RST-B,epoch_to_iopmp_release,13
RAND-ORD,RST-B,epoch_to_sec_release,14
RAND-ORD,RST-B,epoch_to_ic_release,15
RAND-ORD,RST-B,iopmp_release_to_iopmp_ready,14
RAND-ORD,RST-B,last_security_milestone_to_secure_ready,13
RAND-ORD,RST-B,epoch_start_to_secure_ready,27
RAND-ORD,RST-B,secure_ready_to_auth_dma_req,10
RAND-ORD,RST-B,secure_ready_to_auth_commit,18
RAND-ORD,RST-A,epoch_to_cpu_release,32
RAND-ORD,RST-A,epoch_to_dma_release,40
RAND-ORD,RST-A,epoch_to_iopmp_release,15
RAND-ORD,RST-A,epoch_to_sec_release,23
RAND-ORD,RST-A,epoch_to_ic_release,31
RAND-ORD,RST-A,iopmp_release_to_iopmp_ready,44
RAND-ORD,RST-A,last_security_milestone_to_secure_ready,36
RAND-ORD,RST-A,epoch_start_to_secure_ready,59
RAND-ORD,RST-A,secure_ready_to_auth_dma_req,10
RAND-ORD,RST-B,epoch_to_cpu_release,20
RAND-ORD,RST-B,epoch_to_dma_release,35
RAND-ORD,RST-B,epoch_to_iopmp_release,17
RAND-ORD,RST-B,epoch_to_sec_release,32
RAND-ORD,RST-B,epoch_to_ic_release,14
RAND-ORD,RST-B,iopmp_release_to_iopmp_ready,30
RAND-ORD,RST-B,last_security_milestone_to_secure_ready,15
RAND-ORD,RST-B,epoch_start_to_secure_ready,47
RAND-ORD,RST-B,secure_ready_to_auth_dma_req,10
RAND-ORD,RST-B,secure_ready_to_auth_commit,18
RAND-ORD,RST-A,epoch_to_cpu_release,8
RAND-ORD,RST-A,epoch_to_dma_release,30
RAND-ORD,RST-A,epoch_to_iopmp_release,19
RAND-ORD,RST-A,epoch_to_sec_release,8
RAND-ORD,RST-A,epoch_to_ic_release,30
RAND-ORD,RST-A,iopmp_release_to_iopmp_ready,30
RAND-ORD,RST-A,last_security_milestone_to_secure_ready,41
RAND-ORD,RST-A,epoch_start_to_secure_ready,49
RAND-ORD,RST-A,secure_ready_to_auth_dma_req,10
RAND-ORD,RST-B,epoch_to_cpu_release,29
RAND-ORD,RST-B,epoch_to_dma_release,25
RAND-ORD,RST-B,epoch_to_iopmp_release,21
RAND-ORD,RST-B,epoch_to_sec_release,17
RAND-ORD,RST-B,epoch_to_ic_release,13
RAND-ORD,RST-B,iopmp_release_to_iopmp_ready,20
RAND-ORD,RST-B,last_security_milestone_to_secure_ready,24
RAND-ORD,RST-B,epoch_start_to_secure_ready,41
RAND-ORD,RST-B,secure_ready_to_auth_dma_req,10
RAND-ORD,RST-B,secure_ready_to_auth_commit,18
RAND-ORD,RST-A,epoch_to_cpu_release,17
RAND-ORD,RST-A,epoch_to_dma_release,20
RAND-ORD,RST-A,epoch_to_iopmp_release,23
RAND-ORD,RST-A,epoch_to_sec_release,26
RAND-ORD,RST-A,epoch_to_ic_release,29
RAND-ORD,RST-A,iopmp_release_to_iopmp_ready,25
RAND-ORD,RST-A,last_security_milestone_to_secure_ready,22
RAND-ORD,RST-A,epoch_start_to_secure_ready,48
RAND-ORD,RST-A,secure_ready_to_auth_dma_req,10
RAND-ORD,RST-B,epoch_to_cpu_release,38
RAND-ORD,RST-B,epoch_to_dma_release,15
RAND-ORD,RST-B,epoch_to_iopmp_release,25
RAND-ORD,RST-B,epoch_to_sec_release,35
RAND-ORD,RST-B,epoch_to_ic_release,12
RAND-ORD,RST-B,iopmp_release_to_iopmp_ready,25
RAND-ORD,RST-B,last_security_milestone_to_secure_ready,15
RAND-ORD,RST-B,epoch_start_to_secure_ready,50
RAND-ORD,RST-B,secure_ready_to_auth_dma_req,10
RAND-ORD,RST-B,secure_ready_to_auth_commit,18
RAND-ORD,RST-A,epoch_to_cpu_release,26
RAND-ORD,RST-A,epoch_to_dma_release,10
RAND-ORD,RST-A,epoch_to_iopmp_release,27
RAND-ORD,RST-A,epoch_to_sec_release,11
RAND-ORD,RST-A,epoch_to_ic_release,28
RAND-ORD,RST-A,iopmp_release_to_iopmp_ready,20
RAND-ORD,RST-A,last_security_milestone_to_secure_ready,36
RAND-ORD,RST-A,epoch_start_to_secure_ready,47
RAND-ORD,RST-A,secure_ready_to_auth_dma_req,10
RAND-ORD,RST-B,epoch_to_cpu_release,14
RAND-ORD,RST-B,epoch_to_dma_release,38
RAND-ORD,RST-B,epoch_to_iopmp_release,29
RAND-ORD,RST-B,epoch_to_sec_release,20
RAND-ORD,RST-B,epoch_to_ic_release,11
RAND-ORD,RST-B,iopmp_release_to_iopmp_ready,21
RAND-ORD,RST-B,last_security_milestone_to_secure_ready,30
RAND-ORD,RST-B,epoch_start_to_secure_ready,50
RAND-ORD,RST-B,secure_ready_to_auth_dma_req,10
RAND-ORD,RST-B,secure_ready_to_auth_commit,18
RAND-ORD,RST-A,epoch_to_cpu_release,35
RAND-ORD,RST-A,epoch_to_dma_release,33
RAND-ORD,RST-A,epoch_to_iopmp_release,31
RAND-ORD,RST-A,epoch_to_sec_release,29
RAND-ORD,RST-A,epoch_to_ic_release,27
RAND-ORD,RST-A,iopmp_release_to_iopmp_ready,23
RAND-ORD,RST-A,last_security_milestone_to_secure_ready,25
RAND-ORD,RST-A,epoch_start_to_secure_ready,54
RAND-ORD,RST-A,secure_ready_to_auth_dma_req,10
RAND-ORD,RST-B,epoch_to_cpu_release,23
RAND-ORD,RST-B,epoch_to_dma_release,28
RAND-ORD,RST-B,epoch_to_iopmp_release,33
RAND-ORD,RST-B,epoch_to_sec_release,38
RAND-ORD,RST-B,epoch_to_ic_release,10
RAND-ORD,RST-B,iopmp_release_to_iopmp_ready,17
RAND-ORD,RST-B,last_security_milestone_to_secure_ready,12
RAND-ORD,RST-B,epoch_start_to_secure_ready,50
RAND-ORD,RST-B,secure_ready_to_auth_dma_req,10
RAND-ORD,RST-B,secure_ready_to_auth_commit,18
RAND-ORD,RST-A,epoch_to_cpu_release,11
RAND-ORD,RST-A,epoch_to_dma_release,23
RAND-ORD,RST-A,epoch_to_iopmp_release,35
RAND-ORD,RST-A,epoch_to_sec_release,14
RAND-ORD,RST-A,epoch_to_ic_release,26
RAND-ORD,RST-A,iopmp_release_to_iopmp_ready,19
RAND-ORD,RST-A,last_security_milestone_to_secure_ready,40
RAND-ORD,RST-A,epoch_start_to_secure_ready,54
RAND-ORD,RST-A,secure_ready_to_auth_dma_req,10
RAND-ORD,RST-B,epoch_to_cpu_release,32
RAND-ORD,RST-B,epoch_to_dma_release,18
RAND-ORD,RST-B,epoch_to_iopmp_release,37
RAND-ORD,RST-B,epoch_to_sec_release,23
RAND-ORD,RST-B,epoch_to_ic_release,9
RAND-ORD,RST-B,iopmp_release_to_iopmp_ready,12
RAND-ORD,RST-B,last_security_milestone_to_secure_ready,26
RAND-ORD,RST-B,epoch_start_to_secure_ready,49
RAND-ORD,RST-B,secure_ready_to_auth_dma_req,10
RAND-ORD,RST-B,secure_ready_to_auth_commit,18
RAND-ORD,RST-A,epoch_to_cpu_release,20
RAND-ORD,RST-A,epoch_to_dma_release,13
RAND-ORD,RST-A,epoch_to_iopmp_release,39
RAND-ORD,RST-A,epoch_to_sec_release,32
RAND-ORD,RST-A,epoch_to_ic_release,25
RAND-ORD,RST-A,iopmp_release_to_iopmp_ready,19
RAND-ORD,RST-A,last_security_milestone_to_secure_ready,26
RAND-ORD,RST-A,epoch_start_to_secure_ready,58
RAND-ORD,RST-A,secure_ready_to_auth_dma_req,10
RAND-ORD,RST-B,epoch_to_cpu_release,8
RAND-ORD,RST-B,epoch_to_dma_release,8
RAND-ORD,RST-B,epoch_to_iopmp_release,8
RAND-ORD,RST-B,epoch_to_sec_release,8
RAND-ORD,RST-B,epoch_to_ic_release,8
RAND-ORD,RST-B,iopmp_release_to_iopmp_ready,12
RAND-ORD,RST-B,last_security_milestone_to_secure_ready,12
RAND-ORD,RST-B,epoch_start_to_secure_ready,20
RAND-ORD,RST-B,secure_ready_to_auth_dma_req,10
RAND-ORD,RST-B,secure_ready_to_auth_commit,18
RAND-ORD,RST-A,epoch_to_cpu_release,29
RAND-ORD,RST-A,epoch_to_dma_release,36
RAND-ORD,RST-A,epoch_to_iopmp_release,10
RAND-ORD,RST-A,epoch_to_sec_release,17
RAND-ORD,RST-A,epoch_to_ic_release,24
RAND-ORD,RST-A,iopmp_release_to_iopmp_ready,45
RAND-ORD,RST-A,last_security_milestone_to_secure_ready,38
RAND-ORD,RST-A,epoch_start_to_secure_ready,55
RAND-ORD,RST-A,secure_ready_to_auth_dma_req,10
RAND-ORD,RST-B,epoch_to_cpu_release,17
RAND-ORD,RST-B,epoch_to_dma_release,31
RAND-ORD,RST-B,epoch_to_iopmp_release,12
RAND-ORD,RST-B,epoch_to_sec_release,26
RAND-ORD,RST-B,epoch_to_ic_release,40
RAND-ORD,RST-B,iopmp_release_to_iopmp_ready,40
RAND-ORD,RST-B,last_security_milestone_to_secure_ready,26
RAND-ORD,RST-B,epoch_start_to_secure_ready,52
RAND-ORD,RST-B,secure_ready_to_auth_dma_req,10
RAND-ORD,RST-B,secure_ready_to_auth_commit,18
RAND-ORD,RST-A,epoch_to_cpu_release,38
RAND-ORD,RST-A,epoch_to_dma_release,26
RAND-ORD,RST-A,epoch_to_iopmp_release,14
RAND-ORD,RST-A,epoch_to_sec_release,35
RAND-ORD,RST-A,epoch_to_ic_release,23
RAND-ORD,RST-A,iopmp_release_to_iopmp_ready,43
RAND-ORD,RST-A,last_security_milestone_to_secure_ready,22
RAND-ORD,RST-A,epoch_start_to_secure_ready,57
RAND-ORD,RST-A,secure_ready_to_auth_dma_req,10
RAND-ORD,RST-B,epoch_to_cpu_release,26
RAND-ORD,RST-B,epoch_to_dma_release,21
RAND-ORD,RST-B,epoch_to_iopmp_release,16
RAND-ORD,RST-B,epoch_to_sec_release,11
RAND-ORD,RST-B,epoch_to_ic_release,39
RAND-ORD,RST-B,iopmp_release_to_iopmp_ready,35
RAND-ORD,RST-B,last_security_milestone_to_secure_ready,40
RAND-ORD,RST-B,epoch_start_to_secure_ready,51
RAND-ORD,RST-B,secure_ready_to_auth_dma_req,10
RAND-ORD,RST-B,secure_ready_to_auth_commit,18
RAND-ORD,RST-A,epoch_to_cpu_release,14
RAND-ORD,RST-A,epoch_to_dma_release,16
RAND-ORD,RST-A,epoch_to_iopmp_release,18
RAND-ORD,RST-A,epoch_to_sec_release,20
RAND-ORD,RST-A,epoch_to_ic_release,22
RAND-ORD,RST-A,iopmp_release_to_iopmp_ready,23
RAND-ORD,RST-A,last_security_milestone_to_secure_ready,21
RAND-ORD,RST-A,epoch_start_to_secure_ready,41
RAND-ORD,RST-A,secure_ready_to_auth_dma_req,10
RAND-ORD,RST-B,epoch_to_cpu_release,35
RAND-ORD,RST-B,epoch_to_dma_release,11
RAND-ORD,RST-B,epoch_to_iopmp_release,20
RAND-ORD,RST-B,epoch_to_sec_release,29
RAND-ORD,RST-B,epoch_to_ic_release,38
RAND-ORD,RST-B,iopmp_release_to_iopmp_ready,30
RAND-ORD,RST-B,last_security_milestone_to_secure_ready,21
RAND-ORD,RST-B,epoch_start_to_secure_ready,50
RAND-ORD,RST-B,secure_ready_to_auth_dma_req,10
RAND-ORD,RST-B,secure_ready_to_auth_commit,18
RAND-ORD,RST-A,epoch_to_cpu_release,23
RAND-ORD,RST-A,epoch_to_dma_release,39
RAND-ORD,RST-A,epoch_to_iopmp_release,22
RAND-ORD,RST-A,epoch_to_sec_release,38
RAND-ORD,RST-A,epoch_to_ic_release,21
RAND-ORD,RST-A,iopmp_release_to_iopmp_ready,36
RAND-ORD,RST-A,last_security_milestone_to_secure_ready,20
RAND-ORD,RST-A,epoch_start_to_secure_ready,58
RAND-ORD,RST-A,secure_ready_to_auth_dma_req,10
RAND-ORD,RST-B,epoch_to_cpu_release,11
RAND-ORD,RST-B,epoch_to_dma_release,34
RAND-ORD,RST-B,epoch_to_iopmp_release,24
RAND-ORD,RST-B,epoch_to_sec_release,14
RAND-ORD,RST-B,epoch_to_ic_release,37
RAND-ORD,RST-B,iopmp_release_to_iopmp_ready,25
RAND-ORD,RST-B,last_security_milestone_to_secure_ready,35
RAND-ORD,RST-B,epoch_start_to_secure_ready,49
RAND-ORD,RST-B,secure_ready_to_auth_dma_req,10
RAND-ORD,RST-B,secure_ready_to_auth_commit,18
RAND-ORD,RST-A,epoch_to_cpu_release,32
RAND-ORD,RST-A,epoch_to_dma_release,29
RAND-ORD,RST-A,epoch_to_iopmp_release,26
RAND-ORD,RST-A,epoch_to_sec_release,23
RAND-ORD,RST-A,epoch_to_ic_release,20
RAND-ORD,RST-A,iopmp_release_to_iopmp_ready,25
RAND-ORD,RST-A,last_security_milestone_to_secure_ready,28
RAND-ORD,RST-A,epoch_start_to_secure_ready,51
RAND-ORD,RST-A,secure_ready_to_auth_dma_req,10
RAND-ORD,RST-B,epoch_to_cpu_release,20
RAND-ORD,RST-B,epoch_to_dma_release,24
RAND-ORD,RST-B,epoch_to_iopmp_release,28
RAND-ORD,RST-B,epoch_to_sec_release,32
RAND-ORD,RST-B,epoch_to_ic_release,36
RAND-ORD,RST-B,iopmp_release_to_iopmp_ready,20
RAND-ORD,RST-B,last_security_milestone_to_secure_ready,16
RAND-ORD,RST-B,epoch_start_to_secure_ready,48
RAND-ORD,RST-B,secure_ready_to_auth_dma_req,10
RAND-ORD,RST-B,secure_ready_to_auth_commit,18
RAND-ORD,RST-A,epoch_to_cpu_release,8
RAND-ORD,RST-A,epoch_to_dma_release,19
RAND-ORD,RST-A,epoch_to_iopmp_release,30
RAND-ORD,RST-A,epoch_to_sec_release,8
RAND-ORD,RST-A,epoch_to_ic_release,19
RAND-ORD,RST-A,iopmp_release_to_iopmp_ready,19
RAND-ORD,RST-A,last_security_milestone_to_secure_ready,41
RAND-ORD,RST-A,epoch_start_to_secure_ready,49
RAND-ORD,RST-A,secure_ready_to_auth_dma_req,10
RAND-ORD,RST-B,epoch_to_cpu_release,29
RAND-ORD,RST-B,epoch_to_dma_release,14
RAND-ORD,RST-B,epoch_to_iopmp_release,32
RAND-ORD,RST-B,epoch_to_sec_release,17
RAND-ORD,RST-B,epoch_to_ic_release,35
RAND-ORD,RST-B,iopmp_release_to_iopmp_ready,15
RAND-ORD,RST-B,last_security_milestone_to_secure_ready,30
RAND-ORD,RST-B,epoch_start_to_secure_ready,47
RAND-ORD,RST-B,secure_ready_to_auth_dma_req,10
RAND-ORD,RST-B,secure_ready_to_auth_commit,18
RAND-ORD,RST-A,epoch_to_cpu_release,17
RAND-ORD,RST-A,epoch_to_dma_release,9
RAND-ORD,RST-A,epoch_to_iopmp_release,34
RAND-ORD,RST-A,epoch_to_sec_release,26
RAND-ORD,RST-A,epoch_to_ic_release,18
RAND-ORD,RST-A,iopmp_release_to_iopmp_ready,19
RAND-ORD,RST-A,last_security_milestone_to_secure_ready,27
RAND-ORD,RST-A,epoch_start_to_secure_ready,53
RAND-ORD,RST-A,secure_ready_to_auth_dma_req,10
RAND-ORD,RST-B,epoch_to_cpu_release,38
RAND-ORD,RST-B,epoch_to_dma_release,37
RAND-ORD,RST-B,epoch_to_iopmp_release,36
RAND-ORD,RST-B,epoch_to_sec_release,35
RAND-ORD,RST-B,epoch_to_ic_release,34
RAND-ORD,RST-B,iopmp_release_to_iopmp_ready,14
RAND-ORD,RST-B,last_security_milestone_to_secure_ready,15
RAND-ORD,RST-B,epoch_start_to_secure_ready,50
RAND-ORD,RST-B,secure_ready_to_auth_dma_req,10
RAND-ORD,RST-B,secure_ready_to_auth_commit,18
RAND-ORD,RST-A,epoch_to_cpu_release,26
RAND-ORD,RST-A,epoch_to_dma_release,32
RAND-ORD,RST-A,epoch_to_iopmp_release,38
RAND-ORD,RST-A,epoch_to_sec_release,11
RAND-ORD,RST-A,epoch_to_ic_release,17
RAND-ORD,RST-A,iopmp_release_to_iopmp_ready,19
RAND-ORD,RST-A,last_security_milestone_to_secure_ready,46
RAND-ORD,RST-A,epoch_start_to_secure_ready,57
RAND-ORD,RST-A,secure_ready_to_auth_dma_req,10
RAND-ORD,RST-B,epoch_to_cpu_release,14
RAND-ORD,RST-B,epoch_to_dma_release,27
RAND-ORD,RST-B,epoch_to_iopmp_release,40
RAND-ORD,RST-B,epoch_to_sec_release,20
RAND-ORD,RST-B,epoch_to_ic_release,33
RAND-ORD,RST-B,iopmp_release_to_iopmp_ready,12
RAND-ORD,RST-B,last_security_milestone_to_secure_ready,32
RAND-ORD,RST-B,epoch_start_to_secure_ready,52
RAND-ORD,RST-B,secure_ready_to_auth_dma_req,10
RAND-ORD,RST-B,secure_ready_to_auth_commit,18
RAND-ORD,RST-A,epoch_to_cpu_release,35
RAND-ORD,RST-A,epoch_to_dma_release,22
RAND-ORD,RST-A,epoch_to_iopmp_release,9
RAND-ORD,RST-A,epoch_to_sec_release,29
RAND-ORD,RST-A,epoch_to_ic_release,16
RAND-ORD,RST-A,iopmp_release_to_iopmp_ready,45
RAND-ORD,RST-A,last_security_milestone_to_secure_ready,25
RAND-ORD,RST-A,epoch_start_to_secure_ready,54
RAND-ORD,RST-A,secure_ready_to_auth_dma_req,10
RAND-ORD,RST-B,epoch_to_cpu_release,23
RAND-ORD,RST-B,epoch_to_dma_release,17
RAND-ORD,RST-B,epoch_to_iopmp_release,11
RAND-ORD,RST-B,epoch_to_sec_release,38
RAND-ORD,RST-B,epoch_to_ic_release,32
RAND-ORD,RST-B,iopmp_release_to_iopmp_ready,39
RAND-ORD,RST-B,last_security_milestone_to_secure_ready,12
RAND-ORD,RST-B,epoch_start_to_secure_ready,50
RAND-ORD,RST-B,secure_ready_to_auth_dma_req,10
RAND-ORD,RST-B,secure_ready_to_auth_commit,18
RAND-ORD,RST-A,epoch_to_cpu_release,11
RAND-ORD,RST-A,epoch_to_dma_release,12
RAND-ORD,RST-A,epoch_to_iopmp_release,13
RAND-ORD,RST-A,epoch_to_sec_release,14
RAND-ORD,RST-A,epoch_to_ic_release,15
RAND-ORD,RST-A,iopmp_release_to_iopmp_ready,21
RAND-ORD,RST-A,last_security_milestone_to_secure_ready,20
RAND-ORD,RST-A,epoch_start_to_secure_ready,34
RAND-ORD,RST-A,secure_ready_to_auth_dma_req,10
RAND-ORD,RST-B,epoch_to_cpu_release,32
RAND-ORD,RST-B,epoch_to_dma_release,40
RAND-ORD,RST-B,epoch_to_iopmp_release,15
RAND-ORD,RST-B,epoch_to_sec_release,23
RAND-ORD,RST-B,epoch_to_ic_release,31
RAND-ORD,RST-B,iopmp_release_to_iopmp_ready,37
RAND-ORD,RST-B,last_security_milestone_to_secure_ready,29
RAND-ORD,RST-B,epoch_start_to_secure_ready,52
RAND-ORD,RST-B,secure_ready_to_auth_dma_req,10
RAND-ORD,RST-B,secure_ready_to_auth_commit,18
RAND-ORD,RST-A,epoch_to_cpu_release,20
RAND-ORD,RST-A,epoch_to_dma_release,35
RAND-ORD,RST-A,epoch_to_iopmp_release,17
RAND-ORD,RST-A,epoch_to_sec_release,32
RAND-ORD,RST-A,epoch_to_ic_release,14
RAND-ORD,RST-A,iopmp_release_to_iopmp_ready,37
RAND-ORD,RST-A,last_security_milestone_to_secure_ready,22
RAND-ORD,RST-A,epoch_start_to_secure_ready,54
RAND-ORD,RST-A,secure_ready_to_auth_dma_req,10
RAND-ORD,RST-B,epoch_to_cpu_release,8
RAND-ORD,RST-B,epoch_to_dma_release,30
RAND-ORD,RST-B,epoch_to_iopmp_release,19
RAND-ORD,RST-B,epoch_to_sec_release,8
RAND-ORD,RST-B,epoch_to_ic_release,30
RAND-ORD,RST-B,iopmp_release_to_iopmp_ready,23
RAND-ORD,RST-B,last_security_milestone_to_secure_ready,34
RAND-ORD,RST-B,epoch_start_to_secure_ready,42
RAND-ORD,RST-B,secure_ready_to_auth_dma_req,10
RAND-ORD,RST-B,secure_ready_to_auth_commit,18
RAND-ORD,RST-A,epoch_to_cpu_release,29
RAND-ORD,RST-A,epoch_to_dma_release,25
RAND-ORD,RST-A,epoch_to_iopmp_release,21
RAND-ORD,RST-A,epoch_to_sec_release,17
RAND-ORD,RST-A,epoch_to_ic_release,13
RAND-ORD,RST-A,iopmp_release_to_iopmp_ready,27
RAND-ORD,RST-A,last_security_milestone_to_secure_ready,31
RAND-ORD,RST-A,epoch_start_to_secure_ready,48
RAND-ORD,RST-A,secure_ready_to_auth_dma_req,10
RAND-ORD,RST-B,epoch_to_cpu_release,17
RAND-ORD,RST-B,epoch_to_dma_release,20
RAND-ORD,RST-B,epoch_to_iopmp_release,23
RAND-ORD,RST-B,epoch_to_sec_release,26
RAND-ORD,RST-B,epoch_to_ic_release,29
RAND-ORD,RST-B,iopmp_release_to_iopmp_ready,18
RAND-ORD,RST-B,last_security_milestone_to_secure_ready,15
RAND-ORD,RST-B,epoch_start_to_secure_ready,41
RAND-ORD,RST-B,secure_ready_to_auth_dma_req,10
RAND-ORD,RST-B,secure_ready_to_auth_commit,18
RAND-ORD,RST-A,epoch_to_cpu_release,38
RAND-ORD,RST-A,epoch_to_dma_release,15
RAND-ORD,RST-A,epoch_to_iopmp_release,25
RAND-ORD,RST-A,epoch_to_sec_release,35
RAND-ORD,RST-A,epoch_to_ic_release,12
RAND-ORD,RST-A,iopmp_release_to_iopmp_ready,32
RAND-ORD,RST-A,last_security_milestone_to_secure_ready,22
RAND-ORD,RST-A,epoch_start_to_secure_ready,57
RAND-ORD,RST-A,secure_ready_to_auth_dma_req,10
RAND-ORD,RST-B,epoch_to_cpu_release,26
RAND-ORD,RST-B,epoch_to_dma_release,10
RAND-ORD,RST-B,epoch_to_iopmp_release,27
RAND-ORD,RST-B,epoch_to_sec_release,11
RAND-ORD,RST-B,epoch_to_ic_release,28
RAND-ORD,RST-B,iopmp_release_to_iopmp_ready,13
RAND-ORD,RST-B,last_security_milestone_to_secure_ready,29
RAND-ORD,RST-B,epoch_start_to_secure_ready,40
RAND-ORD,RST-B,secure_ready_to_auth_dma_req,10
RAND-ORD,RST-B,secure_ready_to_auth_commit,18
RAND-ORD,RST-A,epoch_to_cpu_release,14
RAND-ORD,RST-A,epoch_to_dma_release,38
RAND-ORD,RST-A,epoch_to_iopmp_release,29
RAND-ORD,RST-A,epoch_to_sec_release,20
RAND-ORD,RST-A,epoch_to_ic_release,11
RAND-ORD,RST-A,iopmp_release_to_iopmp_ready,28
RAND-ORD,RST-A,last_security_milestone_to_secure_ready,37
RAND-ORD,RST-A,epoch_start_to_secure_ready,57
RAND-ORD,RST-A,secure_ready_to_auth_dma_req,10
RAND-ORD,RST-B,epoch_to_cpu_release,35
RAND-ORD,RST-B,epoch_to_dma_release,33
RAND-ORD,RST-B,epoch_to_iopmp_release,31
RAND-ORD,RST-B,epoch_to_sec_release,29
RAND-ORD,RST-B,epoch_to_ic_release,27
RAND-ORD,RST-B,iopmp_release_to_iopmp_ready,16
RAND-ORD,RST-B,last_security_milestone_to_secure_ready,18
RAND-ORD,RST-B,epoch_start_to_secure_ready,47
RAND-ORD,RST-B,secure_ready_to_auth_dma_req,10
RAND-ORD,RST-B,secure_ready_to_auth_commit,18
RAND-ORD,RST-A,epoch_to_cpu_release,23
RAND-ORD,RST-A,epoch_to_dma_release,28
RAND-ORD,RST-A,epoch_to_iopmp_release,33
RAND-ORD,RST-A,epoch_to_sec_release,38
RAND-ORD,RST-A,epoch_to_ic_release,10
RAND-ORD,RST-A,iopmp_release_to_iopmp_ready,24
RAND-ORD,RST-A,last_security_milestone_to_secure_ready,19
RAND-ORD,RST-A,epoch_start_to_secure_ready,57
RAND-ORD,RST-A,secure_ready_to_auth_dma_req,10
RAND-ORD,RST-B,epoch_to_cpu_release,11
RAND-ORD,RST-B,epoch_to_dma_release,23
RAND-ORD,RST-B,epoch_to_iopmp_release,35
RAND-ORD,RST-B,epoch_to_sec_release,14
RAND-ORD,RST-B,epoch_to_ic_release,26
RAND-ORD,RST-B,iopmp_release_to_iopmp_ready,12
RAND-ORD,RST-B,last_security_milestone_to_secure_ready,33
RAND-ORD,RST-B,epoch_start_to_secure_ready,47
RAND-ORD,RST-B,secure_ready_to_auth_dma_req,10
RAND-ORD,RST-B,secure_ready_to_auth_commit,18
RAND-ORD,RST-A,epoch_to_cpu_release,32
RAND-ORD,RST-A,epoch_to_dma_release,18
RAND-ORD,RST-A,epoch_to_iopmp_release,37
RAND-ORD,RST-A,epoch_to_sec_release,23
RAND-ORD,RST-A,epoch_to_ic_release,9
RAND-ORD,RST-A,iopmp_release_to_iopmp_ready,19
RAND-ORD,RST-A,last_security_milestone_to_secure_ready,33
RAND-ORD,RST-A,epoch_start_to_secure_ready,56
RAND-ORD,RST-A,secure_ready_to_auth_dma_req,10
RAND-ORD,RST-B,epoch_to_cpu_release,20
RAND-ORD,RST-B,epoch_to_dma_release,13
RAND-ORD,RST-B,epoch_to_iopmp_release,39
RAND-ORD,RST-B,epoch_to_sec_release,32
RAND-ORD,RST-B,epoch_to_ic_release,25
RAND-ORD,RST-B,iopmp_release_to_iopmp_ready,12
RAND-ORD,RST-B,last_security_milestone_to_secure_ready,19
RAND-ORD,RST-B,epoch_start_to_secure_ready,51
RAND-ORD,RST-B,secure_ready_to_auth_dma_req,10
RAND-ORD,RST-B,secure_ready_to_auth_commit,18
RAND-ORD,RST-A,epoch_to_cpu_release,8
RAND-ORD,RST-A,epoch_to_dma_release,8
RAND-ORD,RST-A,epoch_to_iopmp_release,8
RAND-ORD,RST-A,epoch_to_sec_release,8
RAND-ORD,RST-A,epoch_to_ic_release,8
RAND-ORD,RST-A,iopmp_release_to_iopmp_ready,19
RAND-ORD,RST-A,last_security_milestone_to_secure_ready,19
RAND-ORD,RST-A,epoch_start_to_secure_ready,27
RAND-ORD,RST-A,secure_ready_to_auth_dma_req,10
RAND-ORD,RST-B,epoch_to_cpu_release,29
RAND-ORD,RST-B,epoch_to_dma_release,36
RAND-ORD,RST-B,epoch_to_iopmp_release,10
RAND-ORD,RST-B,epoch_to_sec_release,17
RAND-ORD,RST-B,epoch_to_ic_release,24
RAND-ORD,RST-B,iopmp_release_to_iopmp_ready,38
RAND-ORD,RST-B,last_security_milestone_to_secure_ready,31
RAND-ORD,RST-B,epoch_start_to_secure_ready,48
RAND-ORD,RST-B,secure_ready_to_auth_dma_req,10
RAND-ORD,RST-B,secure_ready_to_auth_commit,18
