seq_id,model,configuration,reset_sequence,classification,unsafe_reachable,t_reset_assert,t_secure_ready,t_dma_enable,t_first_dma_accept,protection_init_latency,secure_ready_latency,notes
R1,RST-A,C0,dma_active_before_secure_ready,EXPECTED_BY_MODEL,NO,0,-1,-1,-1,-1,-1,dma_error=1; cfg=C0
R2,RST-A,C0,config_then_dma,EXPECTED_BY_MODEL,NO,0,-1,-1,-1,-1,-1,PASS
R10,RST-A,C0,"staggered_{'iopmp_rst_n': 0, 'dma_rst_n': 1}",RESET_ASSUMPTION_DEPENDENCY,YES,0,1,-1,-1,-1,1,"delays={'iopmp_rst_n': 0, 'dma_rst_n': 1}; dma_err=0"
R11,RST-A,C0,"staggered_{'dma_rst_n': 0, 'iopmp_rst_n': 1}",RESET_ASSUMPTION_DEPENDENCY,YES,0,1,-1,-1,-1,1,"delays={'dma_rst_n': 0, 'iopmp_rst_n': 1}; dma_err=0"
R16-seed0,RST-A,C0,"staggered_{'ic_rst_n': 4, 'iopmp_rst_n': 3, 'sec_rst_n': 3, 'dma_rst_n': 2, 'cpu_rst_n': 3}",RESET_ASSUMPTION_DEPENDENCY,YES,0,15,-1,-1,-1,15,"delays={'ic_rst_n': 4, 'iopmp_rst_n': 3, 'sec_rst_n': 3, 'dma_rst_n': 2, 'cpu_rst_n': 3}; dma_err=0; seed=0; order=['ic_rst_n', 'iopmp_rst_n', 'sec_rst_n', 'dma_rst_n', 'cpu_rst_n']"
R16-seed1,RST-A,C0,"staggered_{'ic_rst_n': 3, 'cpu_rst_n': 3, 'dma_rst_n': 3, 'sec_rst_n': 3, 'iopmp_rst_n': 1}",RESET_ASSUMPTION_DEPENDENCY,YES,0,13,-1,-1,-1,13,"delays={'ic_rst_n': 3, 'cpu_rst_n': 3, 'dma_rst_n': 3, 'sec_rst_n': 3, 'iopmp_rst_n': 1}; dma_err=0; seed=1; order=['ic_rst_n', 'cpu_rst_n', 'dma_rst_n', 'sec_rst_n', 'iopmp_rst_n']"
R16-seed2,RST-A,C0,"staggered_{'ic_rst_n': 1, 'iopmp_rst_n': 2, 'cpu_rst_n': 2, 'dma_rst_n': 4, 'sec_rst_n': 1}",RESET_ASSUMPTION_DEPENDENCY,YES,0,10,-1,-1,-1,10,"delays={'ic_rst_n': 1, 'iopmp_rst_n': 2, 'cpu_rst_n': 2, 'dma_rst_n': 4, 'sec_rst_n': 1}; dma_err=0; seed=2; order=['ic_rst_n', 'iopmp_rst_n', 'cpu_rst_n', 'dma_rst_n', 'sec_rst_n']"
R16-seed3,RST-A,C0,"staggered_{'sec_rst_n': 4, 'ic_rst_n': 0, 'cpu_rst_n': 4, 'dma_rst_n': 0, 'iopmp_rst_n': 3}",RESET_ASSUMPTION_DEPENDENCY,YES,0,11,-1,-1,-1,11,"delays={'sec_rst_n': 4, 'ic_rst_n': 0, 'cpu_rst_n': 4, 'dma_rst_n': 0, 'iopmp_rst_n': 3}; dma_err=0; seed=3; order=['sec_rst_n', 'ic_rst_n', 'cpu_rst_n', 'dma_rst_n', 'iopmp_rst_n']"
R16-seed4,RST-A,C0,"staggered_{'cpu_rst_n': 3, 'dma_rst_n': 1, 'sec_rst_n': 0, 'ic_rst_n': 0, 'iopmp_rst_n': 0}",RESET_ASSUMPTION_DEPENDENCY,YES,0,4,-1,-1,-1,4,"delays={'cpu_rst_n': 3, 'dma_rst_n': 1, 'sec_rst_n': 0, 'ic_rst_n': 0, 'iopmp_rst_n': 0}; dma_err=0; seed=4; order=['cpu_rst_n', 'dma_rst_n', 'sec_rst_n', 'ic_rst_n', 'iopmp_rst_n']"
R16-seed5,RST-A,C0,"staggered_{'sec_rst_n': 4, 'iopmp_rst_n': 0, 'cpu_rst_n': 3, 'ic_rst_n': 1, 'dma_rst_n': 0}",RESET_ASSUMPTION_DEPENDENCY,YES,0,8,-1,-1,-1,8,"delays={'sec_rst_n': 4, 'iopmp_rst_n': 0, 'cpu_rst_n': 3, 'ic_rst_n': 1, 'dma_rst_n': 0}; dma_err=0; seed=5; order=['sec_rst_n', 'iopmp_rst_n', 'cpu_rst_n', 'ic_rst_n', 'dma_rst_n']"
R16-seed6,RST-A,C0,"staggered_{'cpu_rst_n': 0, 'ic_rst_n': 0, 'iopmp_rst_n': 1, 'sec_rst_n': 4, 'dma_rst_n': 3}",RESET_ASSUMPTION_DEPENDENCY,YES,0,8,-1,-1,-1,8,"delays={'cpu_rst_n': 0, 'ic_rst_n': 0, 'iopmp_rst_n': 1, 'sec_rst_n': 4, 'dma_rst_n': 3}; dma_err=0; seed=6; order=['cpu_rst_n', 'ic_rst_n', 'iopmp_rst_n', 'sec_rst_n', 'dma_rst_n']"
R16-seed7,RST-A,C0,"staggered_{'dma_rst_n': 0, 'sec_rst_n': 4, 'cpu_rst_n': 0, 'iopmp_rst_n': 2, 'ic_rst_n': 4}",RESET_ASSUMPTION_DEPENDENCY,YES,0,10,-1,-1,-1,10,"delays={'dma_rst_n': 0, 'sec_rst_n': 4, 'cpu_rst_n': 0, 'iopmp_rst_n': 2, 'ic_rst_n': 4}; dma_err=0; seed=7; order=['dma_rst_n', 'sec_rst_n', 'cpu_rst_n', 'iopmp_rst_n', 'ic_rst_n']"
R16-seed8,RST-A,C0,"staggered_{'cpu_rst_n': 1, 'sec_rst_n': 0, 'dma_rst_n': 0, 'ic_rst_n': 1, 'iopmp_rst_n': 1}",RESET_ASSUMPTION_DEPENDENCY,YES,0,3,-1,-1,-1,3,"delays={'cpu_rst_n': 1, 'sec_rst_n': 0, 'dma_rst_n': 0, 'ic_rst_n': 1, 'iopmp_rst_n': 1}; dma_err=0; seed=8; order=['cpu_rst_n', 'sec_rst_n', 'dma_rst_n', 'ic_rst_n', 'iopmp_rst_n']"
R16-seed9,RST-A,C0,"staggered_{'dma_rst_n': 1, 'sec_rst_n': 0, 'iopmp_rst_n': 2, 'ic_rst_n': 4, 'cpu_rst_n': 3}",RESET_ASSUMPTION_DEPENDENCY,YES,0,10,-1,-1,-1,10,"delays={'dma_rst_n': 1, 'sec_rst_n': 0, 'iopmp_rst_n': 2, 'ic_rst_n': 4, 'cpu_rst_n': 3}; dma_err=0; seed=9; order=['dma_rst_n', 'sec_rst_n', 'iopmp_rst_n', 'ic_rst_n', 'cpu_rst_n']"
R16-seed10,RST-A,C0,"staggered_{'cpu_rst_n': 4, 'ic_rst_n': 0, 'iopmp_rst_n': 1, 'sec_rst_n': 3, 'dma_rst_n': 3}",RESET_ASSUMPTION_DEPENDENCY,YES,0,11,-1,-1,-1,11,"delays={'cpu_rst_n': 4, 'ic_rst_n': 0, 'iopmp_rst_n': 1, 'sec_rst_n': 3, 'dma_rst_n': 3}; dma_err=0; seed=10; order=['cpu_rst_n', 'ic_rst_n', 'iopmp_rst_n', 'sec_rst_n', 'dma_rst_n']"
R16-seed11,RST-A,C0,"staggered_{'ic_rst_n': 1, 'sec_rst_n': 4, 'iopmp_rst_n': 3, 'dma_rst_n': 4, 'cpu_rst_n': 1}",RESET_ASSUMPTION_DEPENDENCY,YES,0,13,-1,-1,-1,13,"delays={'ic_rst_n': 1, 'sec_rst_n': 4, 'iopmp_rst_n': 3, 'dma_rst_n': 4, 'cpu_rst_n': 1}; dma_err=0; seed=11; order=['ic_rst_n', 'sec_rst_n', 'iopmp_rst_n', 'dma_rst_n', 'cpu_rst_n']"
R16-seed12,RST-A,C0,"staggered_{'sec_rst_n': 1, 'iopmp_rst_n': 3, 'dma_rst_n': 0, 'ic_rst_n': 2, 'cpu_rst_n': 3}",RESET_ASSUMPTION_DEPENDENCY,YES,0,9,-1,-1,-1,9,"delays={'sec_rst_n': 1, 'iopmp_rst_n': 3, 'dma_rst_n': 0, 'ic_rst_n': 2, 'cpu_rst_n': 3}; dma_err=0; seed=12; order=['sec_rst_n', 'iopmp_rst_n', 'dma_rst_n', 'ic_rst_n', 'cpu_rst_n']"
R16-seed13,RST-A,C0,"staggered_{'iopmp_rst_n': 1, 'sec_rst_n': 1, 'cpu_rst_n': 1, 'dma_rst_n': 1, 'ic_rst_n': 1}",RESET_ASSUMPTION_DEPENDENCY,YES,0,5,-1,-1,-1,5,"delays={'iopmp_rst_n': 1, 'sec_rst_n': 1, 'cpu_rst_n': 1, 'dma_rst_n': 1, 'ic_rst_n': 1}; dma_err=0; seed=13; order=['iopmp_rst_n', 'sec_rst_n', 'cpu_rst_n', 'dma_rst_n', 'ic_rst_n']"
R16-seed14,RST-A,C0,"staggered_{'dma_rst_n': 2, 'ic_rst_n': 0, 'cpu_rst_n': 3, 'iopmp_rst_n': 2, 'sec_rst_n': 3}",RESET_ASSUMPTION_DEPENDENCY,YES,0,10,-1,-1,-1,10,"delays={'dma_rst_n': 2, 'ic_rst_n': 0, 'cpu_rst_n': 3, 'iopmp_rst_n': 2, 'sec_rst_n': 3}; dma_err=0; seed=14; order=['dma_rst_n', 'ic_rst_n', 'cpu_rst_n', 'iopmp_rst_n', 'sec_rst_n']"
R16-seed15,RST-A,C0,"staggered_{'dma_rst_n': 1, 'cpu_rst_n': 1, 'ic_rst_n': 0, 'sec_rst_n': 0, 'iopmp_rst_n': 1}",RESET_ASSUMPTION_DEPENDENCY,YES,0,3,-1,-1,-1,3,"delays={'dma_rst_n': 1, 'cpu_rst_n': 1, 'ic_rst_n': 0, 'sec_rst_n': 0, 'iopmp_rst_n': 1}; dma_err=0; seed=15; order=['dma_rst_n', 'cpu_rst_n', 'ic_rst_n', 'sec_rst_n', 'iopmp_rst_n']"
R16-seed16,RST-A,C0,"staggered_{'sec_rst_n': 3, 'dma_rst_n': 1, 'iopmp_rst_n': 3, 'cpu_rst_n': 0, 'ic_rst_n': 3}",RESET_ASSUMPTION_DEPENDENCY,YES,0,10,-1,-1,-1,10,"delays={'sec_rst_n': 3, 'dma_rst_n': 1, 'iopmp_rst_n': 3, 'cpu_rst_n': 0, 'ic_rst_n': 3}; dma_err=0; seed=16; order=['sec_rst_n', 'dma_rst_n', 'iopmp_rst_n', 'cpu_rst_n', 'ic_rst_n']"
R16-seed17,RST-A,C0,"staggered_{'sec_rst_n': 2, 'ic_rst_n': 1, 'iopmp_rst_n': 4, 'cpu_rst_n': 2, 'dma_rst_n': 0}",RESET_ASSUMPTION_DEPENDENCY,YES,0,9,-1,-1,-1,9,"delays={'sec_rst_n': 2, 'ic_rst_n': 1, 'iopmp_rst_n': 4, 'cpu_rst_n': 2, 'dma_rst_n': 0}; dma_err=0; seed=17; order=['sec_rst_n', 'ic_rst_n', 'iopmp_rst_n', 'cpu_rst_n', 'dma_rst_n']"
R16-seed18,RST-A,C0,"staggered_{'cpu_rst_n': 2, 'dma_rst_n': 1, 'ic_rst_n': 1, 'sec_rst_n': 3, 'iopmp_rst_n': 3}",RESET_ASSUMPTION_DEPENDENCY,YES,0,10,-1,-1,-1,10,"delays={'cpu_rst_n': 2, 'dma_rst_n': 1, 'ic_rst_n': 1, 'sec_rst_n': 3, 'iopmp_rst_n': 3}; dma_err=0; seed=18; order=['cpu_rst_n', 'dma_rst_n', 'ic_rst_n', 'sec_rst_n', 'iopmp_rst_n']"
R16-seed19,RST-A,C0,"staggered_{'iopmp_rst_n': 3, 'cpu_rst_n': 2, 'ic_rst_n': 4, 'dma_rst_n': 2, 'sec_rst_n': 4}",RESET_ASSUMPTION_DEPENDENCY,YES,0,15,-1,-1,-1,15,"delays={'iopmp_rst_n': 3, 'cpu_rst_n': 2, 'ic_rst_n': 4, 'dma_rst_n': 2, 'sec_rst_n': 4}; dma_err=0; seed=19; order=['iopmp_rst_n', 'cpu_rst_n', 'ic_rst_n', 'dma_rst_n', 'sec_rst_n']"
R16-seed20,RST-A,C0,"staggered_{'dma_rst_n': 2, 'sec_rst_n': 4, 'cpu_rst_n': 1, 'ic_rst_n': 0, 'iopmp_rst_n': 3}",RESET_ASSUMPTION_DEPENDENCY,YES,0,10,-1,-1,-1,10,"delays={'dma_rst_n': 2, 'sec_rst_n': 4, 'cpu_rst_n': 1, 'ic_rst_n': 0, 'iopmp_rst_n': 3}; dma_err=0; seed=20; order=['dma_rst_n', 'sec_rst_n', 'cpu_rst_n', 'ic_rst_n', 'iopmp_rst_n']"
R16-seed21,RST-A,C0,"staggered_{'sec_rst_n': 2, 'dma_rst_n': 3, 'ic_rst_n': 1, 'cpu_rst_n': 3, 'iopmp_rst_n': 4}",RESET_ASSUMPTION_DEPENDENCY,YES,0,13,-1,-1,-1,13,"delays={'sec_rst_n': 2, 'dma_rst_n': 3, 'ic_rst_n': 1, 'cpu_rst_n': 3, 'iopmp_rst_n': 4}; dma_err=0; seed=21; order=['sec_rst_n', 'dma_rst_n', 'ic_rst_n', 'cpu_rst_n', 'iopmp_rst_n']"
R16-seed22,RST-A,C0,"staggered_{'ic_rst_n': 1, 'cpu_rst_n': 0, 'sec_rst_n': 2, 'dma_rst_n': 0, 'iopmp_rst_n': 1}",RESET_ASSUMPTION_DEPENDENCY,YES,0,4,-1,-1,-1,4,"delays={'ic_rst_n': 1, 'cpu_rst_n': 0, 'sec_rst_n': 2, 'dma_rst_n': 0, 'iopmp_rst_n': 1}; dma_err=0; seed=22; order=['ic_rst_n', 'cpu_rst_n', 'sec_rst_n', 'dma_rst_n', 'iopmp_rst_n']"
R16-seed23,RST-A,C0,"staggered_{'dma_rst_n': 3, 'iopmp_rst_n': 3, 'cpu_rst_n': 4, 'sec_rst_n': 2, 'ic_rst_n': 1}",RESET_ASSUMPTION_DEPENDENCY,YES,0,13,-1,-1,-1,13,"delays={'dma_rst_n': 3, 'iopmp_rst_n': 3, 'cpu_rst_n': 4, 'sec_rst_n': 2, 'ic_rst_n': 1}; dma_err=0; seed=23; order=['dma_rst_n', 'iopmp_rst_n', 'cpu_rst_n', 'sec_rst_n', 'ic_rst_n']"
R16-seed24,RST-A,C0,"staggered_{'dma_rst_n': 1, 'ic_rst_n': 1, 'sec_rst_n': 0, 'iopmp_rst_n': 1, 'cpu_rst_n': 2}",RESET_ASSUMPTION_DEPENDENCY,YES,0,5,-1,-1,-1,5,"delays={'dma_rst_n': 1, 'ic_rst_n': 1, 'sec_rst_n': 0, 'iopmp_rst_n': 1, 'cpu_rst_n': 2}; dma_err=0; seed=24; order=['dma_rst_n', 'ic_rst_n', 'sec_rst_n', 'iopmp_rst_n', 'cpu_rst_n']"
R16-seed25,RST-A,C0,"staggered_{'ic_rst_n': 3, 'iopmp_rst_n': 0, 'dma_rst_n': 2, 'sec_rst_n': 0, 'cpu_rst_n': 2}",RESET_ASSUMPTION_DEPENDENCY,YES,0,7,-1,-1,-1,7,"delays={'ic_rst_n': 3, 'iopmp_rst_n': 0, 'dma_rst_n': 2, 'sec_rst_n': 0, 'cpu_rst_n': 2}; dma_err=0; seed=25; order=['ic_rst_n', 'iopmp_rst_n', 'dma_rst_n', 'sec_rst_n', 'cpu_rst_n']"
R16-seed26,RST-A,C0,"staggered_{'ic_rst_n': 1, 'sec_rst_n': 3, 'cpu_rst_n': 0, 'dma_rst_n': 4, 'iopmp_rst_n': 4}",RESET_ASSUMPTION_DEPENDENCY,YES,0,12,-1,-1,-1,12,"delays={'ic_rst_n': 1, 'sec_rst_n': 3, 'cpu_rst_n': 0, 'dma_rst_n': 4, 'iopmp_rst_n': 4}; dma_err=0; seed=26; order=['ic_rst_n', 'sec_rst_n', 'cpu_rst_n', 'dma_rst_n', 'iopmp_rst_n']"
R16-seed27,RST-A,C0,"staggered_{'dma_rst_n': 0, 'sec_rst_n': 0, 'iopmp_rst_n': 2, 'ic_rst_n': 4, 'cpu_rst_n': 2}",RESET_ASSUMPTION_DEPENDENCY,YES,0,8,-1,-1,-1,8,"delays={'dma_rst_n': 0, 'sec_rst_n': 0, 'iopmp_rst_n': 2, 'ic_rst_n': 4, 'cpu_rst_n': 2}; dma_err=0; seed=27; order=['dma_rst_n', 'sec_rst_n', 'iopmp_rst_n', 'ic_rst_n', 'cpu_rst_n']"
R16-seed28,RST-A,C0,"staggered_{'cpu_rst_n': 1, 'dma_rst_n': 1, 'ic_rst_n': 3, 'iopmp_rst_n': 3, 'sec_rst_n': 1}",RESET_ASSUMPTION_DEPENDENCY,YES,0,9,-1,-1,-1,9,"delays={'cpu_rst_n': 1, 'dma_rst_n': 1, 'ic_rst_n': 3, 'iopmp_rst_n': 3, 'sec_rst_n': 1}; dma_err=0; seed=28; order=['cpu_rst_n', 'dma_rst_n', 'ic_rst_n', 'iopmp_rst_n', 'sec_rst_n']"
R16-seed29,RST-A,C0,"staggered_{'cpu_rst_n': 0, 'ic_rst_n': 4, 'iopmp_rst_n': 2, 'sec_rst_n': 3, 'dma_rst_n': 3}",RESET_ASSUMPTION_DEPENDENCY,YES,0,12,-1,-1,-1,12,"delays={'cpu_rst_n': 0, 'ic_rst_n': 4, 'iopmp_rst_n': 2, 'sec_rst_n': 3, 'dma_rst_n': 3}; dma_err=0; seed=29; order=['cpu_rst_n', 'ic_rst_n', 'iopmp_rst_n', 'sec_rst_n', 'dma_rst_n']"
R16-seed30,RST-A,C0,"staggered_{'iopmp_rst_n': 4, 'sec_rst_n': 1, 'cpu_rst_n': 2, 'ic_rst_n': 0, 'dma_rst_n': 3}",RESET_ASSUMPTION_DEPENDENCY,YES,0,10,-1,-1,-1,10,"delays={'iopmp_rst_n': 4, 'sec_rst_n': 1, 'cpu_rst_n': 2, 'ic_rst_n': 0, 'dma_rst_n': 3}; dma_err=0; seed=30; order=['iopmp_rst_n', 'sec_rst_n', 'cpu_rst_n', 'ic_rst_n', 'dma_rst_n']"
R16-seed31,RST-A,C0,"staggered_{'ic_rst_n': 1, 'iopmp_rst_n': 0, 'dma_rst_n': 1, 'cpu_rst_n': 0, 'sec_rst_n': 4}",RESET_ASSUMPTION_DEPENDENCY,YES,0,6,-1,-1,-1,6,"delays={'ic_rst_n': 1, 'iopmp_rst_n': 0, 'dma_rst_n': 1, 'cpu_rst_n': 0, 'sec_rst_n': 4}; dma_err=0; seed=31; order=['ic_rst_n', 'iopmp_rst_n', 'dma_rst_n', 'cpu_rst_n', 'sec_rst_n']"
R1,RST-B,C1,dma_active_before_secure_ready,EXPECTED_BY_MODEL,NO,0,-1,-1,-1,-1,-1,dma_error=1; cfg=C1
R2,RST-B,C1,config_then_dma,EXPECTED_BY_MODEL,NO,0,-1,-1,-1,-1,-1,PASS
R10,RST-B,C1,"staggered_{'iopmp_rst_n': 0, 'dma_rst_n': 1}",EXPECTED_BY_MODEL,NO,0,1,-1,-1,-1,1,"delays={'iopmp_rst_n': 0, 'dma_rst_n': 1}; dma_err=0"
R11,RST-B,C1,"staggered_{'dma_rst_n': 0, 'iopmp_rst_n': 1}",EXPECTED_BY_MODEL,NO,0,1,-1,-1,-1,1,"delays={'dma_rst_n': 0, 'iopmp_rst_n': 1}; dma_err=0"
R16-seed0,RST-B,C1,"staggered_{'ic_rst_n': 4, 'iopmp_rst_n': 3, 'sec_rst_n': 3, 'dma_rst_n': 2, 'cpu_rst_n': 3}",EXPECTED_BY_MODEL,NO,0,15,-1,-1,-1,15,"delays={'ic_rst_n': 4, 'iopmp_rst_n': 3, 'sec_rst_n': 3, 'dma_rst_n': 2, 'cpu_rst_n': 3}; dma_err=0; seed=0; order=['ic_rst_n', 'iopmp_rst_n', 'sec_rst_n', 'dma_rst_n', 'cpu_rst_n']"
R16-seed1,RST-B,C1,"staggered_{'ic_rst_n': 3, 'cpu_rst_n': 3, 'dma_rst_n': 3, 'sec_rst_n': 3, 'iopmp_rst_n': 1}",EXPECTED_BY_MODEL,NO,0,13,-1,-1,-1,13,"delays={'ic_rst_n': 3, 'cpu_rst_n': 3, 'dma_rst_n': 3, 'sec_rst_n': 3, 'iopmp_rst_n': 1}; dma_err=0; seed=1; order=['ic_rst_n', 'cpu_rst_n', 'dma_rst_n', 'sec_rst_n', 'iopmp_rst_n']"
R16-seed2,RST-B,C1,"staggered_{'ic_rst_n': 1, 'iopmp_rst_n': 2, 'cpu_rst_n': 2, 'dma_rst_n': 4, 'sec_rst_n': 1}",EXPECTED_BY_MODEL,NO,0,10,-1,-1,-1,10,"delays={'ic_rst_n': 1, 'iopmp_rst_n': 2, 'cpu_rst_n': 2, 'dma_rst_n': 4, 'sec_rst_n': 1}; dma_err=0; seed=2; order=['ic_rst_n', 'iopmp_rst_n', 'cpu_rst_n', 'dma_rst_n', 'sec_rst_n']"
R16-seed3,RST-B,C1,"staggered_{'sec_rst_n': 4, 'ic_rst_n': 0, 'cpu_rst_n': 4, 'dma_rst_n': 0, 'iopmp_rst_n': 3}",EXPECTED_BY_MODEL,NO,0,11,-1,-1,-1,11,"delays={'sec_rst_n': 4, 'ic_rst_n': 0, 'cpu_rst_n': 4, 'dma_rst_n': 0, 'iopmp_rst_n': 3}; dma_err=0; seed=3; order=['sec_rst_n', 'ic_rst_n', 'cpu_rst_n', 'dma_rst_n', 'iopmp_rst_n']"
R16-seed4,RST-B,C1,"staggered_{'cpu_rst_n': 3, 'dma_rst_n': 1, 'sec_rst_n': 0, 'ic_rst_n': 0, 'iopmp_rst_n': 0}",EXPECTED_BY_MODEL,NO,0,4,-1,-1,-1,4,"delays={'cpu_rst_n': 3, 'dma_rst_n': 1, 'sec_rst_n': 0, 'ic_rst_n': 0, 'iopmp_rst_n': 0}; dma_err=0; seed=4; order=['cpu_rst_n', 'dma_rst_n', 'sec_rst_n', 'ic_rst_n', 'iopmp_rst_n']"
R16-seed5,RST-B,C1,"staggered_{'sec_rst_n': 4, 'iopmp_rst_n': 0, 'cpu_rst_n': 3, 'ic_rst_n': 1, 'dma_rst_n': 0}",EXPECTED_BY_MODEL,NO,0,8,-1,-1,-1,8,"delays={'sec_rst_n': 4, 'iopmp_rst_n': 0, 'cpu_rst_n': 3, 'ic_rst_n': 1, 'dma_rst_n': 0}; dma_err=0; seed=5; order=['sec_rst_n', 'iopmp_rst_n', 'cpu_rst_n', 'ic_rst_n', 'dma_rst_n']"
R16-seed6,RST-B,C1,"staggered_{'cpu_rst_n': 0, 'ic_rst_n': 0, 'iopmp_rst_n': 1, 'sec_rst_n': 4, 'dma_rst_n': 3}",EXPECTED_BY_MODEL,NO,0,8,-1,-1,-1,8,"delays={'cpu_rst_n': 0, 'ic_rst_n': 0, 'iopmp_rst_n': 1, 'sec_rst_n': 4, 'dma_rst_n': 3}; dma_err=0; seed=6; order=['cpu_rst_n', 'ic_rst_n', 'iopmp_rst_n', 'sec_rst_n', 'dma_rst_n']"
R16-seed7,RST-B,C1,"staggered_{'dma_rst_n': 0, 'sec_rst_n': 4, 'cpu_rst_n': 0, 'iopmp_rst_n': 2, 'ic_rst_n': 4}",EXPECTED_BY_MODEL,NO,0,10,-1,-1,-1,10,"delays={'dma_rst_n': 0, 'sec_rst_n': 4, 'cpu_rst_n': 0, 'iopmp_rst_n': 2, 'ic_rst_n': 4}; dma_err=0; seed=7; order=['dma_rst_n', 'sec_rst_n', 'cpu_rst_n', 'iopmp_rst_n', 'ic_rst_n']"
R16-seed8,RST-B,C1,"staggered_{'cpu_rst_n': 1, 'sec_rst_n': 0, 'dma_rst_n': 0, 'ic_rst_n': 1, 'iopmp_rst_n': 1}",EXPECTED_BY_MODEL,NO,0,3,-1,-1,-1,3,"delays={'cpu_rst_n': 1, 'sec_rst_n': 0, 'dma_rst_n': 0, 'ic_rst_n': 1, 'iopmp_rst_n': 1}; dma_err=0; seed=8; order=['cpu_rst_n', 'sec_rst_n', 'dma_rst_n', 'ic_rst_n', 'iopmp_rst_n']"
R16-seed9,RST-B,C1,"staggered_{'dma_rst_n': 1, 'sec_rst_n': 0, 'iopmp_rst_n': 2, 'ic_rst_n': 4, 'cpu_rst_n': 3}",EXPECTED_BY_MODEL,NO,0,10,-1,-1,-1,10,"delays={'dma_rst_n': 1, 'sec_rst_n': 0, 'iopmp_rst_n': 2, 'ic_rst_n': 4, 'cpu_rst_n': 3}; dma_err=0; seed=9; order=['dma_rst_n', 'sec_rst_n', 'iopmp_rst_n', 'ic_rst_n', 'cpu_rst_n']"
R16-seed10,RST-B,C1,"staggered_{'cpu_rst_n': 4, 'ic_rst_n': 0, 'iopmp_rst_n': 1, 'sec_rst_n': 3, 'dma_rst_n': 3}",EXPECTED_BY_MODEL,NO,0,11,-1,-1,-1,11,"delays={'cpu_rst_n': 4, 'ic_rst_n': 0, 'iopmp_rst_n': 1, 'sec_rst_n': 3, 'dma_rst_n': 3}; dma_err=0; seed=10; order=['cpu_rst_n', 'ic_rst_n', 'iopmp_rst_n', 'sec_rst_n', 'dma_rst_n']"
R16-seed11,RST-B,C1,"staggered_{'ic_rst_n': 1, 'sec_rst_n': 4, 'iopmp_rst_n': 3, 'dma_rst_n': 4, 'cpu_rst_n': 1}",EXPECTED_BY_MODEL,NO,0,13,-1,-1,-1,13,"delays={'ic_rst_n': 1, 'sec_rst_n': 4, 'iopmp_rst_n': 3, 'dma_rst_n': 4, 'cpu_rst_n': 1}; dma_err=0; seed=11; order=['ic_rst_n', 'sec_rst_n', 'iopmp_rst_n', 'dma_rst_n', 'cpu_rst_n']"
R16-seed12,RST-B,C1,"staggered_{'sec_rst_n': 1, 'iopmp_rst_n': 3, 'dma_rst_n': 0, 'ic_rst_n': 2, 'cpu_rst_n': 3}",EXPECTED_BY_MODEL,NO,0,9,-1,-1,-1,9,"delays={'sec_rst_n': 1, 'iopmp_rst_n': 3, 'dma_rst_n': 0, 'ic_rst_n': 2, 'cpu_rst_n': 3}; dma_err=0; seed=12; order=['sec_rst_n', 'iopmp_rst_n', 'dma_rst_n', 'ic_rst_n', 'cpu_rst_n']"
R16-seed13,RST-B,C1,"staggered_{'iopmp_rst_n': 1, 'sec_rst_n': 1, 'cpu_rst_n': 1, 'dma_rst_n': 1, 'ic_rst_n': 1}",EXPECTED_BY_MODEL,NO,0,5,-1,-1,-1,5,"delays={'iopmp_rst_n': 1, 'sec_rst_n': 1, 'cpu_rst_n': 1, 'dma_rst_n': 1, 'ic_rst_n': 1}; dma_err=0; seed=13; order=['iopmp_rst_n', 'sec_rst_n', 'cpu_rst_n', 'dma_rst_n', 'ic_rst_n']"
R16-seed14,RST-B,C1,"staggered_{'dma_rst_n': 2, 'ic_rst_n': 0, 'cpu_rst_n': 3, 'iopmp_rst_n': 2, 'sec_rst_n': 3}",EXPECTED_BY_MODEL,NO,0,10,-1,-1,-1,10,"delays={'dma_rst_n': 2, 'ic_rst_n': 0, 'cpu_rst_n': 3, 'iopmp_rst_n': 2, 'sec_rst_n': 3}; dma_err=0; seed=14; order=['dma_rst_n', 'ic_rst_n', 'cpu_rst_n', 'iopmp_rst_n', 'sec_rst_n']"
R16-seed15,RST-B,C1,"staggered_{'dma_rst_n': 1, 'cpu_rst_n': 1, 'ic_rst_n': 0, 'sec_rst_n': 0, 'iopmp_rst_n': 1}",EXPECTED_BY_MODEL,NO,0,3,-1,-1,-1,3,"delays={'dma_rst_n': 1, 'cpu_rst_n': 1, 'ic_rst_n': 0, 'sec_rst_n': 0, 'iopmp_rst_n': 1}; dma_err=0; seed=15; order=['dma_rst_n', 'cpu_rst_n', 'ic_rst_n', 'sec_rst_n', 'iopmp_rst_n']"
R16-seed16,RST-B,C1,"staggered_{'sec_rst_n': 3, 'dma_rst_n': 1, 'iopmp_rst_n': 3, 'cpu_rst_n': 0, 'ic_rst_n': 3}",EXPECTED_BY_MODEL,NO,0,10,-1,-1,-1,10,"delays={'sec_rst_n': 3, 'dma_rst_n': 1, 'iopmp_rst_n': 3, 'cpu_rst_n': 0, 'ic_rst_n': 3}; dma_err=0; seed=16; order=['sec_rst_n', 'dma_rst_n', 'iopmp_rst_n', 'cpu_rst_n', 'ic_rst_n']"
R16-seed17,RST-B,C1,"staggered_{'sec_rst_n': 2, 'ic_rst_n': 1, 'iopmp_rst_n': 4, 'cpu_rst_n': 2, 'dma_rst_n': 0}",EXPECTED_BY_MODEL,NO,0,9,-1,-1,-1,9,"delays={'sec_rst_n': 2, 'ic_rst_n': 1, 'iopmp_rst_n': 4, 'cpu_rst_n': 2, 'dma_rst_n': 0}; dma_err=0; seed=17; order=['sec_rst_n', 'ic_rst_n', 'iopmp_rst_n', 'cpu_rst_n', 'dma_rst_n']"
R16-seed18,RST-B,C1,"staggered_{'cpu_rst_n': 2, 'dma_rst_n': 1, 'ic_rst_n': 1, 'sec_rst_n': 3, 'iopmp_rst_n': 3}",EXPECTED_BY_MODEL,NO,0,10,-1,-1,-1,10,"delays={'cpu_rst_n': 2, 'dma_rst_n': 1, 'ic_rst_n': 1, 'sec_rst_n': 3, 'iopmp_rst_n': 3}; dma_err=0; seed=18; order=['cpu_rst_n', 'dma_rst_n', 'ic_rst_n', 'sec_rst_n', 'iopmp_rst_n']"
R16-seed19,RST-B,C1,"staggered_{'iopmp_rst_n': 3, 'cpu_rst_n': 2, 'ic_rst_n': 4, 'dma_rst_n': 2, 'sec_rst_n': 4}",EXPECTED_BY_MODEL,NO,0,15,-1,-1,-1,15,"delays={'iopmp_rst_n': 3, 'cpu_rst_n': 2, 'ic_rst_n': 4, 'dma_rst_n': 2, 'sec_rst_n': 4}; dma_err=0; seed=19; order=['iopmp_rst_n', 'cpu_rst_n', 'ic_rst_n', 'dma_rst_n', 'sec_rst_n']"
R16-seed20,RST-B,C1,"staggered_{'dma_rst_n': 2, 'sec_rst_n': 4, 'cpu_rst_n': 1, 'ic_rst_n': 0, 'iopmp_rst_n': 3}",EXPECTED_BY_MODEL,NO,0,10,-1,-1,-1,10,"delays={'dma_rst_n': 2, 'sec_rst_n': 4, 'cpu_rst_n': 1, 'ic_rst_n': 0, 'iopmp_rst_n': 3}; dma_err=0; seed=20; order=['dma_rst_n', 'sec_rst_n', 'cpu_rst_n', 'ic_rst_n', 'iopmp_rst_n']"
R16-seed21,RST-B,C1,"staggered_{'sec_rst_n': 2, 'dma_rst_n': 3, 'ic_rst_n': 1, 'cpu_rst_n': 3, 'iopmp_rst_n': 4}",EXPECTED_BY_MODEL,NO,0,13,-1,-1,-1,13,"delays={'sec_rst_n': 2, 'dma_rst_n': 3, 'ic_rst_n': 1, 'cpu_rst_n': 3, 'iopmp_rst_n': 4}; dma_err=0; seed=21; order=['sec_rst_n', 'dma_rst_n', 'ic_rst_n', 'cpu_rst_n', 'iopmp_rst_n']"
R16-seed22,RST-B,C1,"staggered_{'ic_rst_n': 1, 'cpu_rst_n': 0, 'sec_rst_n': 2, 'dma_rst_n': 0, 'iopmp_rst_n': 1}",EXPECTED_BY_MODEL,NO,0,4,-1,-1,-1,4,"delays={'ic_rst_n': 1, 'cpu_rst_n': 0, 'sec_rst_n': 2, 'dma_rst_n': 0, 'iopmp_rst_n': 1}; dma_err=0; seed=22; order=['ic_rst_n', 'cpu_rst_n', 'sec_rst_n', 'dma_rst_n', 'iopmp_rst_n']"
R16-seed23,RST-B,C1,"staggered_{'dma_rst_n': 3, 'iopmp_rst_n': 3, 'cpu_rst_n': 4, 'sec_rst_n': 2, 'ic_rst_n': 1}",EXPECTED_BY_MODEL,NO,0,13,-1,-1,-1,13,"delays={'dma_rst_n': 3, 'iopmp_rst_n': 3, 'cpu_rst_n': 4, 'sec_rst_n': 2, 'ic_rst_n': 1}; dma_err=0; seed=23; order=['dma_rst_n', 'iopmp_rst_n', 'cpu_rst_n', 'sec_rst_n', 'ic_rst_n']"
R16-seed24,RST-B,C1,"staggered_{'dma_rst_n': 1, 'ic_rst_n': 1, 'sec_rst_n': 0, 'iopmp_rst_n': 1, 'cpu_rst_n': 2}",EXPECTED_BY_MODEL,NO,0,5,-1,-1,-1,5,"delays={'dma_rst_n': 1, 'ic_rst_n': 1, 'sec_rst_n': 0, 'iopmp_rst_n': 1, 'cpu_rst_n': 2}; dma_err=0; seed=24; order=['dma_rst_n', 'ic_rst_n', 'sec_rst_n', 'iopmp_rst_n', 'cpu_rst_n']"
R16-seed25,RST-B,C1,"staggered_{'ic_rst_n': 3, 'iopmp_rst_n': 0, 'dma_rst_n': 2, 'sec_rst_n': 0, 'cpu_rst_n': 2}",EXPECTED_BY_MODEL,NO,0,7,-1,-1,-1,7,"delays={'ic_rst_n': 3, 'iopmp_rst_n': 0, 'dma_rst_n': 2, 'sec_rst_n': 0, 'cpu_rst_n': 2}; dma_err=0; seed=25; order=['ic_rst_n', 'iopmp_rst_n', 'dma_rst_n', 'sec_rst_n', 'cpu_rst_n']"
R16-seed26,RST-B,C1,"staggered_{'ic_rst_n': 1, 'sec_rst_n': 3, 'cpu_rst_n': 0, 'dma_rst_n': 4, 'iopmp_rst_n': 4}",EXPECTED_BY_MODEL,NO,0,12,-1,-1,-1,12,"delays={'ic_rst_n': 1, 'sec_rst_n': 3, 'cpu_rst_n': 0, 'dma_rst_n': 4, 'iopmp_rst_n': 4}; dma_err=0; seed=26; order=['ic_rst_n', 'sec_rst_n', 'cpu_rst_n', 'dma_rst_n', 'iopmp_rst_n']"
R16-seed27,RST-B,C1,"staggered_{'dma_rst_n': 0, 'sec_rst_n': 0, 'iopmp_rst_n': 2, 'ic_rst_n': 4, 'cpu_rst_n': 2}",EXPECTED_BY_MODEL,NO,0,8,-1,-1,-1,8,"delays={'dma_rst_n': 0, 'sec_rst_n': 0, 'iopmp_rst_n': 2, 'ic_rst_n': 4, 'cpu_rst_n': 2}; dma_err=0; seed=27; order=['dma_rst_n', 'sec_rst_n', 'iopmp_rst_n', 'ic_rst_n', 'cpu_rst_n']"
R16-seed28,RST-B,C1,"staggered_{'cpu_rst_n': 1, 'dma_rst_n': 1, 'ic_rst_n': 3, 'iopmp_rst_n': 3, 'sec_rst_n': 1}",EXPECTED_BY_MODEL,NO,0,9,-1,-1,-1,9,"delays={'cpu_rst_n': 1, 'dma_rst_n': 1, 'ic_rst_n': 3, 'iopmp_rst_n': 3, 'sec_rst_n': 1}; dma_err=0; seed=28; order=['cpu_rst_n', 'dma_rst_n', 'ic_rst_n', 'iopmp_rst_n', 'sec_rst_n']"
R16-seed29,RST-B,C1,"staggered_{'cpu_rst_n': 0, 'ic_rst_n': 4, 'iopmp_rst_n': 2, 'sec_rst_n': 3, 'dma_rst_n': 3}",EXPECTED_BY_MODEL,NO,0,12,-1,-1,-1,12,"delays={'cpu_rst_n': 0, 'ic_rst_n': 4, 'iopmp_rst_n': 2, 'sec_rst_n': 3, 'dma_rst_n': 3}; dma_err=0; seed=29; order=['cpu_rst_n', 'ic_rst_n', 'iopmp_rst_n', 'sec_rst_n', 'dma_rst_n']"
R16-seed30,RST-B,C1,"staggered_{'iopmp_rst_n': 4, 'sec_rst_n': 1, 'cpu_rst_n': 2, 'ic_rst_n': 0, 'dma_rst_n': 3}",EXPECTED_BY_MODEL,NO,0,10,-1,-1,-1,10,"delays={'iopmp_rst_n': 4, 'sec_rst_n': 1, 'cpu_rst_n': 2, 'ic_rst_n': 0, 'dma_rst_n': 3}; dma_err=0; seed=30; order=['iopmp_rst_n', 'sec_rst_n', 'cpu_rst_n', 'ic_rst_n', 'dma_rst_n']"
R16-seed31,RST-B,C1,"staggered_{'ic_rst_n': 1, 'iopmp_rst_n': 0, 'dma_rst_n': 1, 'cpu_rst_n': 0, 'sec_rst_n': 4}",EXPECTED_BY_MODEL,NO,0,6,-1,-1,-1,6,"delays={'ic_rst_n': 1, 'iopmp_rst_n': 0, 'dma_rst_n': 1, 'cpu_rst_n': 0, 'sec_rst_n': 4}; dma_err=0; seed=31; order=['ic_rst_n', 'iopmp_rst_n', 'dma_rst_n', 'cpu_rst_n', 'sec_rst_n']"
