seed,test_id,reset_model,result,observed_expected_counterexample,unexpected_failure,observed,classification,replay_cmd,notes
0,RAND-EARLY-UNAUTH,RST-A,PASS,YES,NO,UNSAFE_REACHABLE,RESET_ASSUMPTION_DEPENDENCY,"/home/mmr/ricv_paper/results/m7/realcore_reset/rsta/sim-verilator/Vm7_ibex_reset_composed_top --meminit=ram,/home/mmr/ricv_paper/m7/sw/ibex_reset/RC-1.elf +RC_TEST=1",exit=0
1,RAND-POST-AUTH-DMA,RST-B,PASS,NO,NO,ALLOW,SIMULATION_EVIDENCE,"/home/mmr/ricv_paper/results/m7/realcore_reset/rstb/sim-verilator/Vm7_ibex_reset_composed_top --meminit=ram,/home/mmr/ricv_paper/m7/sw/ibex_reset/RC-7.elf +RC_TEST=7",exit=0
2,RAND-POST-UNAUTH-DMA,RST-A,PASS,NO,NO,DENY,SIMULATION_EVIDENCE,"/home/mmr/ricv_paper/results/m7/realcore_reset/rsta/sim-verilator/Vm7_ibex_reset_composed_top --meminit=ram,/home/mmr/ricv_paper/m7/sw/ibex_reset/RC-8.elf +RC_TEST=8",exit=0
3,RAND-CPU-STORE-FAULT,RST-B,PASS,NO,NO,mcause=7,SIMULATION_EVIDENCE,"/home/mmr/ricv_paper/results/m7/realcore_reset/rstb/sim-verilator/Vm7_ibex_reset_composed_top --meminit=ram,/home/mmr/ricv_paper/m7/sw/ibex_reset/RC-5.elf +RC_TEST=5",exit=0
4,RAND-EARLY-UNAUTH,RST-A,PASS,YES,NO,UNSAFE_REACHABLE,RESET_ASSUMPTION_DEPENDENCY,"/home/mmr/ricv_paper/results/m7/realcore_reset/rsta/sim-verilator/Vm7_ibex_reset_composed_top --meminit=ram,/home/mmr/ricv_paper/m7/sw/ibex_reset/RC-1.elf +RC_TEST=1",exit=0
5,RAND-POST-AUTH-DMA,RST-B,PASS,NO,NO,ALLOW,SIMULATION_EVIDENCE,"/home/mmr/ricv_paper/results/m7/realcore_reset/rstb/sim-verilator/Vm7_ibex_reset_composed_top --meminit=ram,/home/mmr/ricv_paper/m7/sw/ibex_reset/RC-7.elf +RC_TEST=7",exit=0
6,RAND-POST-UNAUTH-DMA,RST-A,PASS,NO,NO,DENY,SIMULATION_EVIDENCE,"/home/mmr/ricv_paper/results/m7/realcore_reset/rsta/sim-verilator/Vm7_ibex_reset_composed_top --meminit=ram,/home/mmr/ricv_paper/m7/sw/ibex_reset/RC-8.elf +RC_TEST=8",exit=0
7,RAND-CPU-STORE-FAULT,RST-B,PASS,NO,NO,mcause=7,SIMULATION_EVIDENCE,"/home/mmr/ricv_paper/results/m7/realcore_reset/rstb/sim-verilator/Vm7_ibex_reset_composed_top --meminit=ram,/home/mmr/ricv_paper/m7/sw/ibex_reset/RC-5.elf +RC_TEST=5",exit=0
8,RAND-EARLY-UNAUTH,RST-A,PASS,YES,NO,UNSAFE_REACHABLE,RESET_ASSUMPTION_DEPENDENCY,"/home/mmr/ricv_paper/results/m7/realcore_reset/rsta/sim-verilator/Vm7_ibex_reset_composed_top --meminit=ram,/home/mmr/ricv_paper/m7/sw/ibex_reset/RC-1.elf +RC_TEST=1",exit=0
9,RAND-POST-AUTH-DMA,RST-B,PASS,NO,NO,ALLOW,SIMULATION_EVIDENCE,"/home/mmr/ricv_paper/results/m7/realcore_reset/rstb/sim-verilator/Vm7_ibex_reset_composed_top --meminit=ram,/home/mmr/ricv_paper/m7/sw/ibex_reset/RC-7.elf +RC_TEST=7",exit=0
10,RAND-POST-UNAUTH-DMA,RST-A,PASS,NO,NO,DENY,SIMULATION_EVIDENCE,"/home/mmr/ricv_paper/results/m7/realcore_reset/rsta/sim-verilator/Vm7_ibex_reset_composed_top --meminit=ram,/home/mmr/ricv_paper/m7/sw/ibex_reset/RC-8.elf +RC_TEST=8",exit=0
11,RAND-CPU-STORE-FAULT,RST-B,PASS,NO,NO,mcause=7,SIMULATION_EVIDENCE,"/home/mmr/ricv_paper/results/m7/realcore_reset/rstb/sim-verilator/Vm7_ibex_reset_composed_top --meminit=ram,/home/mmr/ricv_paper/m7/sw/ibex_reset/RC-5.elf +RC_TEST=5",exit=0
12,RAND-EARLY-UNAUTH,RST-A,PASS,YES,NO,UNSAFE_REACHABLE,RESET_ASSUMPTION_DEPENDENCY,"/home/mmr/ricv_paper/results/m7/realcore_reset/rsta/sim-verilator/Vm7_ibex_reset_composed_top --meminit=ram,/home/mmr/ricv_paper/m7/sw/ibex_reset/RC-1.elf +RC_TEST=1",exit=0
13,RAND-POST-AUTH-DMA,RST-B,PASS,NO,NO,ALLOW,SIMULATION_EVIDENCE,"/home/mmr/ricv_paper/results/m7/realcore_reset/rstb/sim-verilator/Vm7_ibex_reset_composed_top --meminit=ram,/home/mmr/ricv_paper/m7/sw/ibex_reset/RC-7.elf +RC_TEST=7",exit=0
14,RAND-POST-UNAUTH-DMA,RST-A,PASS,NO,NO,DENY,SIMULATION_EVIDENCE,"/home/mmr/ricv_paper/results/m7/realcore_reset/rsta/sim-verilator/Vm7_ibex_reset_composed_top --meminit=ram,/home/mmr/ricv_paper/m7/sw/ibex_reset/RC-8.elf +RC_TEST=8",exit=0
15,RAND-CPU-STORE-FAULT,RST-B,PASS,NO,NO,mcause=7,SIMULATION_EVIDENCE,"/home/mmr/ricv_paper/results/m7/realcore_reset/rstb/sim-verilator/Vm7_ibex_reset_composed_top --meminit=ram,/home/mmr/ricv_paper/m7/sw/ibex_reset/RC-5.elf +RC_TEST=5",exit=0
16,RAND-EARLY-UNAUTH,RST-A,PASS,YES,NO,UNSAFE_REACHABLE,RESET_ASSUMPTION_DEPENDENCY,"/home/mmr/ricv_paper/results/m7/realcore_reset/rsta/sim-verilator/Vm7_ibex_reset_composed_top --meminit=ram,/home/mmr/ricv_paper/m7/sw/ibex_reset/RC-1.elf +RC_TEST=1",exit=0
17,RAND-POST-AUTH-DMA,RST-B,PASS,NO,NO,ALLOW,SIMULATION_EVIDENCE,"/home/mmr/ricv_paper/results/m7/realcore_reset/rstb/sim-verilator/Vm7_ibex_reset_composed_top --meminit=ram,/home/mmr/ricv_paper/m7/sw/ibex_reset/RC-7.elf +RC_TEST=7",exit=0
18,RAND-POST-UNAUTH-DMA,RST-A,PASS,NO,NO,DENY,SIMULATION_EVIDENCE,"/home/mmr/ricv_paper/results/m7/realcore_reset/rsta/sim-verilator/Vm7_ibex_reset_composed_top --meminit=ram,/home/mmr/ricv_paper/m7/sw/ibex_reset/RC-8.elf +RC_TEST=8",exit=0
19,RAND-CPU-STORE-FAULT,RST-B,PASS,NO,NO,mcause=7,SIMULATION_EVIDENCE,"/home/mmr/ricv_paper/results/m7/realcore_reset/rstb/sim-verilator/Vm7_ibex_reset_composed_top --meminit=ram,/home/mmr/ricv_paper/m7/sw/ibex_reset/RC-5.elf +RC_TEST=5",exit=0
20,RAND-EARLY-UNAUTH,RST-A,PASS,YES,NO,UNSAFE_REACHABLE,RESET_ASSUMPTION_DEPENDENCY,"/home/mmr/ricv_paper/results/m7/realcore_reset/rsta/sim-verilator/Vm7_ibex_reset_composed_top --meminit=ram,/home/mmr/ricv_paper/m7/sw/ibex_reset/RC-1.elf +RC_TEST=1",exit=0
21,RAND-POST-AUTH-DMA,RST-B,PASS,NO,NO,ALLOW,SIMULATION_EVIDENCE,"/home/mmr/ricv_paper/results/m7/realcore_reset/rstb/sim-verilator/Vm7_ibex_reset_composed_top --meminit=ram,/home/mmr/ricv_paper/m7/sw/ibex_reset/RC-7.elf +RC_TEST=7",exit=0
22,RAND-POST-UNAUTH-DMA,RST-A,PASS,NO,NO,DENY,SIMULATION_EVIDENCE,"/home/mmr/ricv_paper/results/m7/realcore_reset/rsta/sim-verilator/Vm7_ibex_reset_composed_top --meminit=ram,/home/mmr/ricv_paper/m7/sw/ibex_reset/RC-8.elf +RC_TEST=8",exit=0
23,RAND-CPU-STORE-FAULT,RST-B,PASS,NO,NO,mcause=7,SIMULATION_EVIDENCE,"/home/mmr/ricv_paper/results/m7/realcore_reset/rstb/sim-verilator/Vm7_ibex_reset_composed_top --meminit=ram,/home/mmr/ricv_paper/m7/sw/ibex_reset/RC-5.elf +RC_TEST=5",exit=0
24,RAND-EARLY-UNAUTH,RST-A,PASS,YES,NO,UNSAFE_REACHABLE,RESET_ASSUMPTION_DEPENDENCY,"/home/mmr/ricv_paper/results/m7/realcore_reset/rsta/sim-verilator/Vm7_ibex_reset_composed_top --meminit=ram,/home/mmr/ricv_paper/m7/sw/ibex_reset/RC-1.elf +RC_TEST=1",exit=0
25,RAND-POST-AUTH-DMA,RST-B,PASS,NO,NO,ALLOW,SIMULATION_EVIDENCE,"/home/mmr/ricv_paper/results/m7/realcore_reset/rstb/sim-verilator/Vm7_ibex_reset_composed_top --meminit=ram,/home/mmr/ricv_paper/m7/sw/ibex_reset/RC-7.elf +RC_TEST=7",exit=0
26,RAND-POST-UNAUTH-DMA,RST-A,PASS,NO,NO,DENY,SIMULATION_EVIDENCE,"/home/mmr/ricv_paper/results/m7/realcore_reset/rsta/sim-verilator/Vm7_ibex_reset_composed_top --meminit=ram,/home/mmr/ricv_paper/m7/sw/ibex_reset/RC-8.elf +RC_TEST=8",exit=0
27,RAND-CPU-STORE-FAULT,RST-B,PASS,NO,NO,mcause=7,SIMULATION_EVIDENCE,"/home/mmr/ricv_paper/results/m7/realcore_reset/rstb/sim-verilator/Vm7_ibex_reset_composed_top --meminit=ram,/home/mmr/ricv_paper/m7/sw/ibex_reset/RC-5.elf +RC_TEST=5",exit=0
28,RAND-EARLY-UNAUTH,RST-A,PASS,YES,NO,UNSAFE_REACHABLE,RESET_ASSUMPTION_DEPENDENCY,"/home/mmr/ricv_paper/results/m7/realcore_reset/rsta/sim-verilator/Vm7_ibex_reset_composed_top --meminit=ram,/home/mmr/ricv_paper/m7/sw/ibex_reset/RC-1.elf +RC_TEST=1",exit=0
29,RAND-POST-AUTH-DMA,RST-B,PASS,NO,NO,ALLOW,SIMULATION_EVIDENCE,"/home/mmr/ricv_paper/results/m7/realcore_reset/rstb/sim-verilator/Vm7_ibex_reset_composed_top --meminit=ram,/home/mmr/ricv_paper/m7/sw/ibex_reset/RC-7.elf +RC_TEST=7",exit=0
30,RAND-POST-UNAUTH-DMA,RST-A,PASS,NO,NO,DENY,SIMULATION_EVIDENCE,"/home/mmr/ricv_paper/results/m7/realcore_reset/rsta/sim-verilator/Vm7_ibex_reset_composed_top --meminit=ram,/home/mmr/ricv_paper/m7/sw/ibex_reset/RC-8.elf +RC_TEST=8",exit=0
31,RAND-CPU-STORE-FAULT,RST-B,PASS,NO,NO,mcause=7,SIMULATION_EVIDENCE,"/home/mmr/ricv_paper/results/m7/realcore_reset/rstb/sim-verilator/Vm7_ibex_reset_composed_top --meminit=ram,/home/mmr/ricv_paper/m7/sw/ibex_reset/RC-5.elf +RC_TEST=5",exit=0
32,RAND-EARLY-UNAUTH,RST-A,PASS,YES,NO,UNSAFE_REACHABLE,RESET_ASSUMPTION_DEPENDENCY,"/home/mmr/ricv_paper/results/m7/realcore_reset/rsta/sim-verilator/Vm7_ibex_reset_composed_top --meminit=ram,/home/mmr/ricv_paper/m7/sw/ibex_reset/RC-1.elf +RC_TEST=1",exit=0
33,RAND-POST-AUTH-DMA,RST-B,PASS,NO,NO,ALLOW,SIMULATION_EVIDENCE,"/home/mmr/ricv_paper/results/m7/realcore_reset/rstb/sim-verilator/Vm7_ibex_reset_composed_top --meminit=ram,/home/mmr/ricv_paper/m7/sw/ibex_reset/RC-7.elf +RC_TEST=7",exit=0
34,RAND-POST-UNAUTH-DMA,RST-A,PASS,NO,NO,DENY,SIMULATION_EVIDENCE,"/home/mmr/ricv_paper/results/m7/realcore_reset/rsta/sim-verilator/Vm7_ibex_reset_composed_top --meminit=ram,/home/mmr/ricv_paper/m7/sw/ibex_reset/RC-8.elf +RC_TEST=8",exit=0
35,RAND-CPU-STORE-FAULT,RST-B,PASS,NO,NO,mcause=7,SIMULATION_EVIDENCE,"/home/mmr/ricv_paper/results/m7/realcore_reset/rstb/sim-verilator/Vm7_ibex_reset_composed_top --meminit=ram,/home/mmr/ricv_paper/m7/sw/ibex_reset/RC-5.elf +RC_TEST=5",exit=0
36,RAND-EARLY-UNAUTH,RST-A,PASS,YES,NO,UNSAFE_REACHABLE,RESET_ASSUMPTION_DEPENDENCY,"/home/mmr/ricv_paper/results/m7/realcore_reset/rsta/sim-verilator/Vm7_ibex_reset_composed_top --meminit=ram,/home/mmr/ricv_paper/m7/sw/ibex_reset/RC-1.elf +RC_TEST=1",exit=0
37,RAND-POST-AUTH-DMA,RST-B,PASS,NO,NO,ALLOW,SIMULATION_EVIDENCE,"/home/mmr/ricv_paper/results/m7/realcore_reset/rstb/sim-verilator/Vm7_ibex_reset_composed_top --meminit=ram,/home/mmr/ricv_paper/m7/sw/ibex_reset/RC-7.elf +RC_TEST=7",exit=0
38,RAND-POST-UNAUTH-DMA,RST-A,PASS,NO,NO,DENY,SIMULATION_EVIDENCE,"/home/mmr/ricv_paper/results/m7/realcore_reset/rsta/sim-verilator/Vm7_ibex_reset_composed_top --meminit=ram,/home/mmr/ricv_paper/m7/sw/ibex_reset/RC-8.elf +RC_TEST=8",exit=0
39,RAND-CPU-STORE-FAULT,RST-B,PASS,NO,NO,mcause=7,SIMULATION_EVIDENCE,"/home/mmr/ricv_paper/results/m7/realcore_reset/rstb/sim-verilator/Vm7_ibex_reset_composed_top --meminit=ram,/home/mmr/ricv_paper/m7/sw/ibex_reset/RC-5.elf +RC_TEST=5",exit=0
40,RAND-EARLY-UNAUTH,RST-A,PASS,YES,NO,UNSAFE_REACHABLE,RESET_ASSUMPTION_DEPENDENCY,"/home/mmr/ricv_paper/results/m7/realcore_reset/rsta/sim-verilator/Vm7_ibex_reset_composed_top --meminit=ram,/home/mmr/ricv_paper/m7/sw/ibex_reset/RC-1.elf +RC_TEST=1",exit=0
41,RAND-POST-AUTH-DMA,RST-B,PASS,NO,NO,ALLOW,SIMULATION_EVIDENCE,"/home/mmr/ricv_paper/results/m7/realcore_reset/rstb/sim-verilator/Vm7_ibex_reset_composed_top --meminit=ram,/home/mmr/ricv_paper/m7/sw/ibex_reset/RC-7.elf +RC_TEST=7",exit=0
42,RAND-POST-UNAUTH-DMA,RST-A,PASS,NO,NO,DENY,SIMULATION_EVIDENCE,"/home/mmr/ricv_paper/results/m7/realcore_reset/rsta/sim-verilator/Vm7_ibex_reset_composed_top --meminit=ram,/home/mmr/ricv_paper/m7/sw/ibex_reset/RC-8.elf +RC_TEST=8",exit=0
43,RAND-CPU-STORE-FAULT,RST-B,PASS,NO,NO,mcause=7,SIMULATION_EVIDENCE,"/home/mmr/ricv_paper/results/m7/realcore_reset/rstb/sim-verilator/Vm7_ibex_reset_composed_top --meminit=ram,/home/mmr/ricv_paper/m7/sw/ibex_reset/RC-5.elf +RC_TEST=5",exit=0
44,RAND-EARLY-UNAUTH,RST-A,PASS,YES,NO,UNSAFE_REACHABLE,RESET_ASSUMPTION_DEPENDENCY,"/home/mmr/ricv_paper/results/m7/realcore_reset/rsta/sim-verilator/Vm7_ibex_reset_composed_top --meminit=ram,/home/mmr/ricv_paper/m7/sw/ibex_reset/RC-1.elf +RC_TEST=1",exit=0
45,RAND-POST-AUTH-DMA,RST-B,PASS,NO,NO,ALLOW,SIMULATION_EVIDENCE,"/home/mmr/ricv_paper/results/m7/realcore_reset/rstb/sim-verilator/Vm7_ibex_reset_composed_top --meminit=ram,/home/mmr/ricv_paper/m7/sw/ibex_reset/RC-7.elf +RC_TEST=7",exit=0
46,RAND-POST-UNAUTH-DMA,RST-A,PASS,NO,NO,DENY,SIMULATION_EVIDENCE,"/home/mmr/ricv_paper/results/m7/realcore_reset/rsta/sim-verilator/Vm7_ibex_reset_composed_top --meminit=ram,/home/mmr/ricv_paper/m7/sw/ibex_reset/RC-8.elf +RC_TEST=8",exit=0
47,RAND-CPU-STORE-FAULT,RST-B,PASS,NO,NO,mcause=7,SIMULATION_EVIDENCE,"/home/mmr/ricv_paper/results/m7/realcore_reset/rstb/sim-verilator/Vm7_ibex_reset_composed_top --meminit=ram,/home/mmr/ricv_paper/m7/sw/ibex_reset/RC-5.elf +RC_TEST=5",exit=0
48,RAND-EARLY-UNAUTH,RST-A,PASS,YES,NO,UNSAFE_REACHABLE,RESET_ASSUMPTION_DEPENDENCY,"/home/mmr/ricv_paper/results/m7/realcore_reset/rsta/sim-verilator/Vm7_ibex_reset_composed_top --meminit=ram,/home/mmr/ricv_paper/m7/sw/ibex_reset/RC-1.elf +RC_TEST=1",exit=0
49,RAND-POST-AUTH-DMA,RST-B,PASS,NO,NO,ALLOW,SIMULATION_EVIDENCE,"/home/mmr/ricv_paper/results/m7/realcore_reset/rstb/sim-verilator/Vm7_ibex_reset_composed_top --meminit=ram,/home/mmr/ricv_paper/m7/sw/ibex_reset/RC-7.elf +RC_TEST=7",exit=0
50,RAND-POST-UNAUTH-DMA,RST-A,PASS,NO,NO,DENY,SIMULATION_EVIDENCE,"/home/mmr/ricv_paper/results/m7/realcore_reset/rsta/sim-verilator/Vm7_ibex_reset_composed_top --meminit=ram,/home/mmr/ricv_paper/m7/sw/ibex_reset/RC-8.elf +RC_TEST=8",exit=0
51,RAND-CPU-STORE-FAULT,RST-B,PASS,NO,NO,mcause=7,SIMULATION_EVIDENCE,"/home/mmr/ricv_paper/results/m7/realcore_reset/rstb/sim-verilator/Vm7_ibex_reset_composed_top --meminit=ram,/home/mmr/ricv_paper/m7/sw/ibex_reset/RC-5.elf +RC_TEST=5",exit=0
52,RAND-EARLY-UNAUTH,RST-A,PASS,YES,NO,UNSAFE_REACHABLE,RESET_ASSUMPTION_DEPENDENCY,"/home/mmr/ricv_paper/results/m7/realcore_reset/rsta/sim-verilator/Vm7_ibex_reset_composed_top --meminit=ram,/home/mmr/ricv_paper/m7/sw/ibex_reset/RC-1.elf +RC_TEST=1",exit=0
53,RAND-POST-AUTH-DMA,RST-B,PASS,NO,NO,ALLOW,SIMULATION_EVIDENCE,"/home/mmr/ricv_paper/results/m7/realcore_reset/rstb/sim-verilator/Vm7_ibex_reset_composed_top --meminit=ram,/home/mmr/ricv_paper/m7/sw/ibex_reset/RC-7.elf +RC_TEST=7",exit=0
54,RAND-POST-UNAUTH-DMA,RST-A,PASS,NO,NO,DENY,SIMULATION_EVIDENCE,"/home/mmr/ricv_paper/results/m7/realcore_reset/rsta/sim-verilator/Vm7_ibex_reset_composed_top --meminit=ram,/home/mmr/ricv_paper/m7/sw/ibex_reset/RC-8.elf +RC_TEST=8",exit=0
55,RAND-CPU-STORE-FAULT,RST-B,PASS,NO,NO,mcause=7,SIMULATION_EVIDENCE,"/home/mmr/ricv_paper/results/m7/realcore_reset/rstb/sim-verilator/Vm7_ibex_reset_composed_top --meminit=ram,/home/mmr/ricv_paper/m7/sw/ibex_reset/RC-5.elf +RC_TEST=5",exit=0
56,RAND-EARLY-UNAUTH,RST-A,PASS,YES,NO,UNSAFE_REACHABLE,RESET_ASSUMPTION_DEPENDENCY,"/home/mmr/ricv_paper/results/m7/realcore_reset/rsta/sim-verilator/Vm7_ibex_reset_composed_top --meminit=ram,/home/mmr/ricv_paper/m7/sw/ibex_reset/RC-1.elf +RC_TEST=1",exit=0
57,RAND-POST-AUTH-DMA,RST-B,PASS,NO,NO,ALLOW,SIMULATION_EVIDENCE,"/home/mmr/ricv_paper/results/m7/realcore_reset/rstb/sim-verilator/Vm7_ibex_reset_composed_top --meminit=ram,/home/mmr/ricv_paper/m7/sw/ibex_reset/RC-7.elf +RC_TEST=7",exit=0
58,RAND-POST-UNAUTH-DMA,RST-A,PASS,NO,NO,DENY,SIMULATION_EVIDENCE,"/home/mmr/ricv_paper/results/m7/realcore_reset/rsta/sim-verilator/Vm7_ibex_reset_composed_top --meminit=ram,/home/mmr/ricv_paper/m7/sw/ibex_reset/RC-8.elf +RC_TEST=8",exit=0
59,RAND-CPU-STORE-FAULT,RST-B,PASS,NO,NO,mcause=7,SIMULATION_EVIDENCE,"/home/mmr/ricv_paper/results/m7/realcore_reset/rstb/sim-verilator/Vm7_ibex_reset_composed_top --meminit=ram,/home/mmr/ricv_paper/m7/sw/ibex_reset/RC-5.elf +RC_TEST=5",exit=0
60,RAND-EARLY-UNAUTH,RST-A,PASS,YES,NO,UNSAFE_REACHABLE,RESET_ASSUMPTION_DEPENDENCY,"/home/mmr/ricv_paper/results/m7/realcore_reset/rsta/sim-verilator/Vm7_ibex_reset_composed_top --meminit=ram,/home/mmr/ricv_paper/m7/sw/ibex_reset/RC-1.elf +RC_TEST=1",exit=0
61,RAND-POST-AUTH-DMA,RST-B,PASS,NO,NO,ALLOW,SIMULATION_EVIDENCE,"/home/mmr/ricv_paper/results/m7/realcore_reset/rstb/sim-verilator/Vm7_ibex_reset_composed_top --meminit=ram,/home/mmr/ricv_paper/m7/sw/ibex_reset/RC-7.elf +RC_TEST=7",exit=0
62,RAND-POST-UNAUTH-DMA,RST-A,PASS,NO,NO,DENY,SIMULATION_EVIDENCE,"/home/mmr/ricv_paper/results/m7/realcore_reset/rsta/sim-verilator/Vm7_ibex_reset_composed_top --meminit=ram,/home/mmr/ricv_paper/m7/sw/ibex_reset/RC-8.elf +RC_TEST=8",exit=0
63,RAND-CPU-STORE-FAULT,RST-B,PASS,NO,NO,mcause=7,SIMULATION_EVIDENCE,"/home/mmr/ricv_paper/results/m7/realcore_reset/rstb/sim-verilator/Vm7_ibex_reset_composed_top --meminit=ram,/home/mmr/ricv_paper/m7/sw/ibex_reset/RC-5.elf +RC_TEST=5",exit=0
64,RAND-EARLY-UNAUTH,RST-A,PASS,YES,NO,UNSAFE_REACHABLE,RESET_ASSUMPTION_DEPENDENCY,"/home/mmr/ricv_paper/results/m7/realcore_reset/rsta/sim-verilator/Vm7_ibex_reset_composed_top --meminit=ram,/home/mmr/ricv_paper/m7/sw/ibex_reset/RC-1.elf +RC_TEST=1",exit=0
65,RAND-POST-AUTH-DMA,RST-B,PASS,NO,NO,ALLOW,SIMULATION_EVIDENCE,"/home/mmr/ricv_paper/results/m7/realcore_reset/rstb/sim-verilator/Vm7_ibex_reset_composed_top --meminit=ram,/home/mmr/ricv_paper/m7/sw/ibex_reset/RC-7.elf +RC_TEST=7",exit=0
66,RAND-POST-UNAUTH-DMA,RST-A,PASS,NO,NO,DENY,SIMULATION_EVIDENCE,"/home/mmr/ricv_paper/results/m7/realcore_reset/rsta/sim-verilator/Vm7_ibex_reset_composed_top --meminit=ram,/home/mmr/ricv_paper/m7/sw/ibex_reset/RC-8.elf +RC_TEST=8",exit=0
67,RAND-CPU-STORE-FAULT,RST-B,PASS,NO,NO,mcause=7,SIMULATION_EVIDENCE,"/home/mmr/ricv_paper/results/m7/realcore_reset/rstb/sim-verilator/Vm7_ibex_reset_composed_top --meminit=ram,/home/mmr/ricv_paper/m7/sw/ibex_reset/RC-5.elf +RC_TEST=5",exit=0
68,RAND-EARLY-UNAUTH,RST-A,PASS,YES,NO,UNSAFE_REACHABLE,RESET_ASSUMPTION_DEPENDENCY,"/home/mmr/ricv_paper/results/m7/realcore_reset/rsta/sim-verilator/Vm7_ibex_reset_composed_top --meminit=ram,/home/mmr/ricv_paper/m7/sw/ibex_reset/RC-1.elf +RC_TEST=1",exit=0
69,RAND-POST-AUTH-DMA,RST-B,PASS,NO,NO,ALLOW,SIMULATION_EVIDENCE,"/home/mmr/ricv_paper/results/m7/realcore_reset/rstb/sim-verilator/Vm7_ibex_reset_composed_top --meminit=ram,/home/mmr/ricv_paper/m7/sw/ibex_reset/RC-7.elf +RC_TEST=7",exit=0
70,RAND-POST-UNAUTH-DMA,RST-A,PASS,NO,NO,DENY,SIMULATION_EVIDENCE,"/home/mmr/ricv_paper/results/m7/realcore_reset/rsta/sim-verilator/Vm7_ibex_reset_composed_top --meminit=ram,/home/mmr/ricv_paper/m7/sw/ibex_reset/RC-8.elf +RC_TEST=8",exit=0
71,RAND-CPU-STORE-FAULT,RST-B,PASS,NO,NO,mcause=7,SIMULATION_EVIDENCE,"/home/mmr/ricv_paper/results/m7/realcore_reset/rstb/sim-verilator/Vm7_ibex_reset_composed_top --meminit=ram,/home/mmr/ricv_paper/m7/sw/ibex_reset/RC-5.elf +RC_TEST=5",exit=0
72,RAND-EARLY-UNAUTH,RST-A,PASS,YES,NO,UNSAFE_REACHABLE,RESET_ASSUMPTION_DEPENDENCY,"/home/mmr/ricv_paper/results/m7/realcore_reset/rsta/sim-verilator/Vm7_ibex_reset_composed_top --meminit=ram,/home/mmr/ricv_paper/m7/sw/ibex_reset/RC-1.elf +RC_TEST=1",exit=0
73,RAND-POST-AUTH-DMA,RST-B,PASS,NO,NO,ALLOW,SIMULATION_EVIDENCE,"/home/mmr/ricv_paper/results/m7/realcore_reset/rstb/sim-verilator/Vm7_ibex_reset_composed_top --meminit=ram,/home/mmr/ricv_paper/m7/sw/ibex_reset/RC-7.elf +RC_TEST=7",exit=0
74,RAND-POST-UNAUTH-DMA,RST-A,PASS,NO,NO,DENY,SIMULATION_EVIDENCE,"/home/mmr/ricv_paper/results/m7/realcore_reset/rsta/sim-verilator/Vm7_ibex_reset_composed_top --meminit=ram,/home/mmr/ricv_paper/m7/sw/ibex_reset/RC-8.elf +RC_TEST=8",exit=0
75,RAND-CPU-STORE-FAULT,RST-B,PASS,NO,NO,mcause=7,SIMULATION_EVIDENCE,"/home/mmr/ricv_paper/results/m7/realcore_reset/rstb/sim-verilator/Vm7_ibex_reset_composed_top --meminit=ram,/home/mmr/ricv_paper/m7/sw/ibex_reset/RC-5.elf +RC_TEST=5",exit=0
76,RAND-EARLY-UNAUTH,RST-A,PASS,YES,NO,UNSAFE_REACHABLE,RESET_ASSUMPTION_DEPENDENCY,"/home/mmr/ricv_paper/results/m7/realcore_reset/rsta/sim-verilator/Vm7_ibex_reset_composed_top --meminit=ram,/home/mmr/ricv_paper/m7/sw/ibex_reset/RC-1.elf +RC_TEST=1",exit=0
77,RAND-POST-AUTH-DMA,RST-B,PASS,NO,NO,ALLOW,SIMULATION_EVIDENCE,"/home/mmr/ricv_paper/results/m7/realcore_reset/rstb/sim-verilator/Vm7_ibex_reset_composed_top --meminit=ram,/home/mmr/ricv_paper/m7/sw/ibex_reset/RC-7.elf +RC_TEST=7",exit=0
78,RAND-POST-UNAUTH-DMA,RST-A,PASS,NO,NO,DENY,SIMULATION_EVIDENCE,"/home/mmr/ricv_paper/results/m7/realcore_reset/rsta/sim-verilator/Vm7_ibex_reset_composed_top --meminit=ram,/home/mmr/ricv_paper/m7/sw/ibex_reset/RC-8.elf +RC_TEST=8",exit=0
79,RAND-CPU-STORE-FAULT,RST-B,PASS,NO,NO,mcause=7,SIMULATION_EVIDENCE,"/home/mmr/ricv_paper/results/m7/realcore_reset/rstb/sim-verilator/Vm7_ibex_reset_composed_top --meminit=ram,/home/mmr/ricv_paper/m7/sw/ibex_reset/RC-5.elf +RC_TEST=5",exit=0
80,RAND-EARLY-UNAUTH,RST-A,PASS,YES,NO,UNSAFE_REACHABLE,RESET_ASSUMPTION_DEPENDENCY,"/home/mmr/ricv_paper/results/m7/realcore_reset/rsta/sim-verilator/Vm7_ibex_reset_composed_top --meminit=ram,/home/mmr/ricv_paper/m7/sw/ibex_reset/RC-1.elf +RC_TEST=1",exit=0
81,RAND-POST-AUTH-DMA,RST-B,PASS,NO,NO,ALLOW,SIMULATION_EVIDENCE,"/home/mmr/ricv_paper/results/m7/realcore_reset/rstb/sim-verilator/Vm7_ibex_reset_composed_top --meminit=ram,/home/mmr/ricv_paper/m7/sw/ibex_reset/RC-7.elf +RC_TEST=7",exit=0
82,RAND-POST-UNAUTH-DMA,RST-A,PASS,NO,NO,DENY,SIMULATION_EVIDENCE,"/home/mmr/ricv_paper/results/m7/realcore_reset/rsta/sim-verilator/Vm7_ibex_reset_composed_top --meminit=ram,/home/mmr/ricv_paper/m7/sw/ibex_reset/RC-8.elf +RC_TEST=8",exit=0
83,RAND-CPU-STORE-FAULT,RST-B,PASS,NO,NO,mcause=7,SIMULATION_EVIDENCE,"/home/mmr/ricv_paper/results/m7/realcore_reset/rstb/sim-verilator/Vm7_ibex_reset_composed_top --meminit=ram,/home/mmr/ricv_paper/m7/sw/ibex_reset/RC-5.elf +RC_TEST=5",exit=0
84,RAND-EARLY-UNAUTH,RST-A,PASS,YES,NO,UNSAFE_REACHABLE,RESET_ASSUMPTION_DEPENDENCY,"/home/mmr/ricv_paper/results/m7/realcore_reset/rsta/sim-verilator/Vm7_ibex_reset_composed_top --meminit=ram,/home/mmr/ricv_paper/m7/sw/ibex_reset/RC-1.elf +RC_TEST=1",exit=0
85,RAND-POST-AUTH-DMA,RST-B,PASS,NO,NO,ALLOW,SIMULATION_EVIDENCE,"/home/mmr/ricv_paper/results/m7/realcore_reset/rstb/sim-verilator/Vm7_ibex_reset_composed_top --meminit=ram,/home/mmr/ricv_paper/m7/sw/ibex_reset/RC-7.elf +RC_TEST=7",exit=0
86,RAND-POST-UNAUTH-DMA,RST-A,PASS,NO,NO,DENY,SIMULATION_EVIDENCE,"/home/mmr/ricv_paper/results/m7/realcore_reset/rsta/sim-verilator/Vm7_ibex_reset_composed_top --meminit=ram,/home/mmr/ricv_paper/m7/sw/ibex_reset/RC-8.elf +RC_TEST=8",exit=0
87,RAND-CPU-STORE-FAULT,RST-B,PASS,NO,NO,mcause=7,SIMULATION_EVIDENCE,"/home/mmr/ricv_paper/results/m7/realcore_reset/rstb/sim-verilator/Vm7_ibex_reset_composed_top --meminit=ram,/home/mmr/ricv_paper/m7/sw/ibex_reset/RC-5.elf +RC_TEST=5",exit=0
88,RAND-EARLY-UNAUTH,RST-A,PASS,YES,NO,UNSAFE_REACHABLE,RESET_ASSUMPTION_DEPENDENCY,"/home/mmr/ricv_paper/results/m7/realcore_reset/rsta/sim-verilator/Vm7_ibex_reset_composed_top --meminit=ram,/home/mmr/ricv_paper/m7/sw/ibex_reset/RC-1.elf +RC_TEST=1",exit=0
89,RAND-POST-AUTH-DMA,RST-B,PASS,NO,NO,ALLOW,SIMULATION_EVIDENCE,"/home/mmr/ricv_paper/results/m7/realcore_reset/rstb/sim-verilator/Vm7_ibex_reset_composed_top --meminit=ram,/home/mmr/ricv_paper/m7/sw/ibex_reset/RC-7.elf +RC_TEST=7",exit=0
90,RAND-POST-UNAUTH-DMA,RST-A,PASS,NO,NO,DENY,SIMULATION_EVIDENCE,"/home/mmr/ricv_paper/results/m7/realcore_reset/rsta/sim-verilator/Vm7_ibex_reset_composed_top --meminit=ram,/home/mmr/ricv_paper/m7/sw/ibex_reset/RC-8.elf +RC_TEST=8",exit=0
91,RAND-CPU-STORE-FAULT,RST-B,PASS,NO,NO,mcause=7,SIMULATION_EVIDENCE,"/home/mmr/ricv_paper/results/m7/realcore_reset/rstb/sim-verilator/Vm7_ibex_reset_composed_top --meminit=ram,/home/mmr/ricv_paper/m7/sw/ibex_reset/RC-5.elf +RC_TEST=5",exit=0
92,RAND-EARLY-UNAUTH,RST-A,PASS,YES,NO,UNSAFE_REACHABLE,RESET_ASSUMPTION_DEPENDENCY,"/home/mmr/ricv_paper/results/m7/realcore_reset/rsta/sim-verilator/Vm7_ibex_reset_composed_top --meminit=ram,/home/mmr/ricv_paper/m7/sw/ibex_reset/RC-1.elf +RC_TEST=1",exit=0
93,RAND-POST-AUTH-DMA,RST-B,PASS,NO,NO,ALLOW,SIMULATION_EVIDENCE,"/home/mmr/ricv_paper/results/m7/realcore_reset/rstb/sim-verilator/Vm7_ibex_reset_composed_top --meminit=ram,/home/mmr/ricv_paper/m7/sw/ibex_reset/RC-7.elf +RC_TEST=7",exit=0
94,RAND-POST-UNAUTH-DMA,RST-A,PASS,NO,NO,DENY,SIMULATION_EVIDENCE,"/home/mmr/ricv_paper/results/m7/realcore_reset/rsta/sim-verilator/Vm7_ibex_reset_composed_top --meminit=ram,/home/mmr/ricv_paper/m7/sw/ibex_reset/RC-8.elf +RC_TEST=8",exit=0
95,RAND-CPU-STORE-FAULT,RST-B,PASS,NO,NO,mcause=7,SIMULATION_EVIDENCE,"/home/mmr/ricv_paper/results/m7/realcore_reset/rstb/sim-verilator/Vm7_ibex_reset_composed_top --meminit=ram,/home/mmr/ricv_paper/m7/sw/ibex_reset/RC-5.elf +RC_TEST=5",exit=0
96,RAND-EARLY-UNAUTH,RST-A,PASS,YES,NO,UNSAFE_REACHABLE,RESET_ASSUMPTION_DEPENDENCY,"/home/mmr/ricv_paper/results/m7/realcore_reset/rsta/sim-verilator/Vm7_ibex_reset_composed_top --meminit=ram,/home/mmr/ricv_paper/m7/sw/ibex_reset/RC-1.elf +RC_TEST=1",exit=0
97,RAND-POST-AUTH-DMA,RST-B,PASS,NO,NO,ALLOW,SIMULATION_EVIDENCE,"/home/mmr/ricv_paper/results/m7/realcore_reset/rstb/sim-verilator/Vm7_ibex_reset_composed_top --meminit=ram,/home/mmr/ricv_paper/m7/sw/ibex_reset/RC-7.elf +RC_TEST=7",exit=0
98,RAND-POST-UNAUTH-DMA,RST-A,PASS,NO,NO,DENY,SIMULATION_EVIDENCE,"/home/mmr/ricv_paper/results/m7/realcore_reset/rsta/sim-verilator/Vm7_ibex_reset_composed_top --meminit=ram,/home/mmr/ricv_paper/m7/sw/ibex_reset/RC-8.elf +RC_TEST=8",exit=0
99,RAND-CPU-STORE-FAULT,RST-B,PASS,NO,NO,mcause=7,SIMULATION_EVIDENCE,"/home/mmr/ricv_paper/results/m7/realcore_reset/rstb/sim-verilator/Vm7_ibex_reset_composed_top --meminit=ram,/home/mmr/ricv_paper/m7/sw/ibex_reset/RC-5.elf +RC_TEST=5",exit=0
