seed,nsaid,address,operation,configured,observed,bresp,memory_effect
0,0,0x0000000020000028,write,0,DENY,2,0
1,1,0x0000000020000038,write,1,DENY,2,0
2,0,0x000000002000004c,write,1,DENY,2,0
3,1,0x000000002000005c,write,0,DENY,2,0
4,0,0x000000002000006c,write,1,DENY,2,0
5,1,0x000000002000007c,write,1,DENY,2,0
6,0,0x0000000020000090,write,0,DENY,2,0
7,1,0x00000000200000a0,write,1,DENY,2,0
8,0,0x00000000200000b0,write,1,DENY,2,0
9,1,0x00000000200000c0,write,0,DENY,2,0
10,0,0x00000000200000d4,write,1,DENY,2,0
11,1,0x00000000200000e4,write,1,DENY,2,0
12,0,0x00000000200000f4,write,0,DENY,2,0
13,1,0x0000000020000104,write,1,DENY,2,0
14,0,0x0000000020000118,write,1,DENY,2,0
15,1,0x0000000020000128,write,0,DENY,2,0
16,0,0x0000000020000138,write,1,DENY,2,0
17,1,0x0000000020000148,write,1,DENY,2,0
18,0,0x000000002000015c,write,0,DENY,2,0
19,1,0x000000002000016c,write,1,DENY,2,0
20,0,0x000000002000017c,write,1,DENY,2,0
21,1,0x000000002000018c,write,0,DENY,2,0
22,0,0x00000000200001a0,write,1,DENY,2,0
23,1,0x00000000200001b0,write,1,DENY,2,0
24,0,0x00000000200001c0,write,0,DENY,2,0
25,1,0x00000000200001d0,write,1,DENY,2,0
26,0,0x00000000200001e4,write,1,DENY,2,0
27,1,0x00000000200001f4,write,0,DENY,2,0
28,0,0x0000000020000204,write,1,DENY,2,0
29,1,0x0000000020000214,write,1,DENY,2,0
30,0,0x0000000020000228,write,0,DENY,2,0
31,1,0x0000000020000238,write,1,DENY,2,0
32,0,0x0000000020000248,write,1,DENY,2,0
33,1,0x0000000020000258,write,0,DENY,2,0
34,0,0x000000002000026c,write,1,DENY,2,0
35,1,0x000000002000027c,write,1,DENY,2,0
36,0,0x000000002000028c,write,0,DENY,2,0
37,1,0x000000002000029c,write,1,DENY,2,0
38,0,0x00000000200002b0,write,1,DENY,2,0
39,1,0x00000000200002c0,write,0,DENY,2,0
40,0,0x00000000200002d0,write,1,DENY,2,0
41,1,0x00000000200002e0,write,1,DENY,2,0
42,0,0x00000000200002f4,write,0,DENY,2,0
43,1,0x0000000020000304,write,1,DENY,2,0
44,0,0x0000000020000314,write,1,DENY,2,0
45,1,0x0000000020000324,write,0,DENY,2,0
46,0,0x0000000020000338,write,1,DENY,2,0
47,1,0x0000000020000348,write,1,DENY,2,0
48,0,0x0000000020000358,write,0,DENY,2,0
49,1,0x0000000020000368,write,1,DENY,2,0
50,0,0x000000002000037c,write,1,DENY,2,0
51,1,0x000000002000038c,write,0,DENY,2,0
52,0,0x000000002000039c,write,1,DENY,2,0
53,1,0x00000000200003ac,write,1,DENY,2,0
54,0,0x00000000200003c0,write,0,DENY,2,0
55,1,0x00000000200003d0,write,1,DENY,2,0
56,0,0x00000000200003e0,write,1,DENY,2,0
57,1,0x00000000200003f0,write,0,DENY,2,0
58,0,0x0000000020000404,write,1,DENY,2,0
59,1,0x0000000020000414,write,1,DENY,2,0
60,0,0x0000000020000424,write,0,DENY,2,0
61,1,0x0000000020000434,write,1,DENY,2,0
62,0,0x0000000020000448,write,1,DENY,2,0
63,1,0x0000000020000458,write,0,DENY,2,0
64,0,0x0000000020000468,write,1,DENY,2,0
65,1,0x0000000020000478,write,1,DENY,2,0
66,0,0x000000002000048c,write,0,DENY,2,0
67,1,0x000000002000049c,write,1,DENY,2,0
68,0,0x00000000200004ac,write,1,DENY,2,0
69,1,0x00000000200004bc,write,0,DENY,2,0
70,0,0x00000000200004d0,write,1,DENY,2,0
71,1,0x00000000200004e0,write,1,DENY,2,0
72,0,0x00000000200004f0,write,0,DENY,2,0
73,1,0x0000000020000500,write,1,DENY,2,0
74,0,0x0000000020000514,write,1,DENY,2,0
75,1,0x0000000020000524,write,0,DENY,2,0
76,0,0x0000000020000534,write,1,DENY,2,0
77,1,0x0000000020000544,write,1,DENY,2,0
78,0,0x0000000020000558,write,0,DENY,2,0
79,1,0x0000000020000568,write,1,DENY,2,0
80,0,0x0000000020000578,write,1,DENY,2,0
81,1,0x0000000020000588,write,0,DENY,2,0
82,0,0x000000002000059c,write,1,DENY,2,0
83,1,0x00000000200005ac,write,1,DENY,2,0
84,0,0x00000000200005bc,write,0,DENY,2,0
85,1,0x00000000200005cc,write,1,DENY,2,0
86,0,0x00000000200005e0,write,1,DENY,2,0
87,1,0x00000000200005f0,write,0,DENY,2,0
88,0,0x0000000020000600,write,1,DENY,2,0
89,1,0x0000000020000610,write,1,DENY,2,0
90,0,0x0000000020000624,write,0,DENY,2,0
91,1,0x0000000020000634,write,1,DENY,2,0
92,0,0x0000000020000644,write,1,DENY,2,0
93,1,0x0000000020000654,write,0,DENY,2,0
94,0,0x0000000020000668,write,1,DENY,2,0
95,1,0x0000000020000678,write,1,DENY,2,0
96,0,0x0000000020000688,write,0,DENY,2,0
97,1,0x0000000020000698,write,1,DENY,2,0
98,0,0x00000000200006ac,write,1,DENY,2,0
99,1,0x00000000200006bc,write,0,DENY,2,0
100,0,0x00000000200006cc,write,1,DENY,2,0
101,1,0x00000000200006dc,write,1,DENY,2,0
102,0,0x00000000200006f0,write,0,DENY,2,0
103,1,0x0000000020000700,write,1,DENY,2,0
104,0,0x0000000020000710,write,1,DENY,2,0
105,1,0x0000000020000720,write,0,DENY,2,0
106,0,0x0000000020000734,write,1,DENY,2,0
107,1,0x0000000020000744,write,1,DENY,2,0
108,0,0x0000000020000754,write,0,DENY,2,0
109,1,0x0000000020000764,write,1,DENY,2,0
110,0,0x0000000020000778,write,1,DENY,2,0
111,1,0x0000000020000788,write,0,DENY,2,0
112,0,0x0000000020000798,write,1,DENY,2,0
113,1,0x00000000200007a8,write,1,DENY,2,0
114,0,0x00000000200007bc,write,0,DENY,2,0
115,1,0x00000000200007cc,write,1,DENY,2,0
116,0,0x00000000200007dc,write,1,DENY,2,0
117,1,0x00000000200007ec,write,0,DENY,2,0
118,0,0x0000000020000800,write,1,DENY,2,0
119,1,0x0000000020000810,write,1,DENY,2,0
120,0,0x0000000020000820,write,0,DENY,2,0
121,1,0x0000000020000830,write,1,DENY,2,0
122,0,0x0000000020000844,write,1,DENY,2,0
123,1,0x0000000020000854,write,0,DENY,2,0
124,0,0x0000000020000864,write,1,DENY,2,0
125,1,0x0000000020000874,write,1,DENY,2,0
126,0,0x0000000020000888,write,0,DENY,2,0
127,1,0x0000000020000898,write,1,DENY,2,0
128,0,0x00000000200008a8,write,1,DENY,2,0
129,1,0x00000000200008b8,write,0,DENY,2,0
130,0,0x00000000200008cc,write,1,DENY,2,0
131,1,0x00000000200008dc,write,1,DENY,2,0
132,0,0x00000000200008ec,write,0,DENY,2,0
133,1,0x00000000200008fc,write,1,DENY,2,0
134,0,0x0000000020000910,write,1,DENY,2,0
135,1,0x0000000020000920,write,0,DENY,2,0
136,0,0x0000000020000930,write,1,DENY,2,0
137,1,0x0000000020000940,write,1,DENY,2,0
138,0,0x0000000020000954,write,0,DENY,2,0
139,1,0x0000000020000964,write,1,DENY,2,0
140,0,0x0000000020000974,write,1,DENY,2,0
141,1,0x0000000020000984,write,0,DENY,2,0
142,0,0x0000000020000998,write,1,DENY,2,0
143,1,0x00000000200009a8,write,1,DENY,2,0
144,0,0x00000000200009b8,write,0,DENY,2,0
145,1,0x00000000200009c8,write,1,DENY,2,0
146,0,0x00000000200009dc,write,1,DENY,2,0
147,1,0x00000000200009ec,write,0,DENY,2,0
148,0,0x00000000200009fc,write,1,DENY,2,0
149,1,0x0000000020000a0c,write,1,DENY,2,0
150,0,0x0000000020000a20,write,0,DENY,2,0
151,1,0x0000000020000a30,write,1,DENY,2,0
152,0,0x0000000020000a40,write,1,DENY,2,0
153,1,0x0000000020000a50,write,0,DENY,2,0
154,0,0x0000000020000a64,write,1,DENY,2,0
155,1,0x0000000020000a74,write,1,DENY,2,0
156,0,0x0000000020000a84,write,0,DENY,2,0
157,1,0x0000000020000a94,write,1,DENY,2,0
158,0,0x0000000020000aa8,write,1,DENY,2,0
159,1,0x0000000020000ab8,write,0,DENY,2,0
160,0,0x0000000020000ac8,write,1,DENY,2,0
161,1,0x0000000020000ad8,write,1,DENY,2,0
162,0,0x0000000020000aec,write,0,DENY,2,0
163,1,0x0000000020000afc,write,1,DENY,2,0
164,0,0x0000000020000b0c,write,1,DENY,2,0
165,1,0x0000000020000b1c,write,0,DENY,2,0
166,0,0x0000000020000b30,write,1,DENY,2,0
167,1,0x0000000020000b40,write,1,DENY,2,0
168,0,0x0000000020000b50,write,0,DENY,2,0
169,1,0x0000000020000b60,write,1,DENY,2,0
170,0,0x0000000020000b74,write,1,DENY,2,0
171,1,0x0000000020000b84,write,0,DENY,2,0
172,0,0x0000000020000b94,write,1,DENY,2,0
173,1,0x0000000020000ba4,write,1,DENY,2,0
174,0,0x0000000020000bb8,write,0,DENY,2,0
175,1,0x0000000020000bc8,write,1,DENY,2,0
176,0,0x0000000020000bd8,write,1,DENY,2,0
177,1,0x0000000020000be8,write,0,DENY,2,0
178,0,0x0000000020000bfc,write,1,DENY,2,0
179,1,0x0000000020000c0c,write,1,DENY,2,0
180,0,0x0000000020000c1c,write,0,DENY,2,0
181,1,0x0000000020000c2c,write,1,DENY,2,0
182,0,0x0000000020000c40,write,1,DENY,2,0
183,1,0x0000000020000c50,write,0,DENY,2,0
184,0,0x0000000020000c60,write,1,DENY,2,0
185,1,0x0000000020000c70,write,1,DENY,2,0
186,0,0x0000000020000c84,write,0,DENY,2,0
187,1,0x0000000020000c94,write,1,DENY,2,0
188,0,0x0000000020000ca4,write,1,DENY,2,0
189,1,0x0000000020000cb4,write,0,DENY,2,0
190,0,0x0000000020000cc8,write,1,DENY,2,0
191,1,0x0000000020000cd8,write,1,DENY,2,0
192,0,0x0000000020000ce8,write,0,DENY,2,0
193,1,0x0000000020000cf8,write,1,DENY,2,0
194,0,0x0000000020000d0c,write,1,DENY,2,0
195,1,0x0000000020000d1c,write,0,DENY,2,0
196,0,0x0000000020000d2c,write,1,DENY,2,0
197,1,0x0000000020000d3c,write,1,DENY,2,0
198,0,0x0000000020000d50,write,0,DENY,2,0
199,1,0x0000000020000d60,write,1,DENY,2,0
200,0,0x0000000020000d70,write,1,DENY,2,0
201,1,0x0000000020000d80,write,0,DENY,2,0
202,0,0x0000000020000d94,write,1,DENY,2,0
203,1,0x0000000020000da4,write,1,DENY,2,0
204,0,0x0000000020000db4,write,0,DENY,2,0
205,1,0x0000000020000dc4,write,1,DENY,2,0
206,0,0x0000000020000dd8,write,1,DENY,2,0
207,1,0x0000000020000de8,write,0,DENY,2,0
208,0,0x0000000020000df8,write,1,DENY,2,0
209,1,0x0000000020000e08,write,1,DENY,2,0
210,0,0x0000000020000e1c,write,0,DENY,2,0
211,1,0x0000000020000e2c,write,1,DENY,2,0
212,0,0x0000000020000e3c,write,1,DENY,2,0
213,1,0x0000000020000e4c,write,0,DENY,2,0
214,0,0x0000000020000e60,write,1,DENY,2,0
215,1,0x0000000020000e70,write,1,DENY,2,0
216,0,0x0000000020000e80,write,0,DENY,2,0
217,1,0x0000000020000e90,write,1,DENY,2,0
218,0,0x0000000020000ea4,write,1,DENY,2,0
219,1,0x0000000020000eb4,write,0,DENY,2,0
220,0,0x0000000020000ec4,write,1,DENY,2,0
221,1,0x0000000020000ed4,write,1,DENY,2,0
222,0,0x0000000020000ee8,write,0,DENY,2,0
223,1,0x0000000020000ef8,write,1,DENY,2,0
224,0,0x0000000020000f08,write,1,DENY,2,0
225,1,0x0000000020000f18,write,0,DENY,2,0
226,0,0x0000000020000f2c,write,1,DENY,2,0
227,1,0x0000000020000f3c,write,1,DENY,2,0
228,0,0x0000000020000f4c,write,0,DENY,2,0
229,1,0x0000000020000f5c,write,1,DENY,2,0
230,0,0x0000000020000f70,write,1,DENY,2,0
231,1,0x0000000020000f80,write,0,DENY,2,0
232,0,0x0000000020000f90,write,1,DENY,2,0
233,1,0x0000000020000fa0,write,1,DENY,2,0
234,0,0x0000000020000fb4,write,0,DENY,2,0
235,1,0x0000000020000fc4,write,1,DENY,2,0
236,0,0x0000000020000fd4,write,1,DENY,2,0
237,1,0x0000000020000fe4,write,0,DENY,2,0
238,0,0x0000000020000ff8,write,1,DENY,2,0
239,1,0x0000000020000008,write,1,DENY,2,0
240,0,0x0000000020000018,write,0,DENY,2,0
241,1,0x0000000020000028,write,1,DENY,2,0
242,0,0x000000002000003c,write,1,DENY,2,0
243,1,0x000000002000004c,write,0,DENY,2,0
244,0,0x000000002000005c,write,1,DENY,2,0
245,1,0x000000002000006c,write,1,DENY,2,0
246,0,0x0000000020000080,write,0,DENY,2,0
247,1,0x0000000020000090,write,1,DENY,2,0
248,0,0x00000000200000a0,write,1,DENY,2,0
249,1,0x00000000200000b0,write,0,DENY,2,0
250,0,0x00000000200000c4,write,1,DENY,2,0
251,1,0x00000000200000d4,write,1,DENY,2,0
252,0,0x00000000200000e4,write,0,DENY,2,0
253,1,0x00000000200000f4,write,1,DENY,2,0
254,0,0x0000000020000108,write,1,DENY,2,0
255,1,0x0000000020000118,write,0,DENY,2,0
256,0,0x0000000020000128,write,1,DENY,2,0
257,1,0x0000000020000138,write,1,DENY,2,0
258,0,0x000000002000014c,write,0,DENY,2,0
259,1,0x000000002000015c,write,1,DENY,2,0
260,0,0x000000002000016c,write,1,DENY,2,0
261,1,0x000000002000017c,write,0,DENY,2,0
262,0,0x0000000020000190,write,1,DENY,2,0
263,1,0x00000000200001a0,write,1,DENY,2,0
264,0,0x00000000200001b0,write,0,DENY,2,0
265,1,0x00000000200001c0,write,1,DENY,2,0
266,0,0x00000000200001d4,write,1,DENY,2,0
267,1,0x00000000200001e4,write,0,DENY,2,0
268,0,0x00000000200001f4,write,1,DENY,2,0
269,1,0x0000000020000204,write,1,DENY,2,0
270,0,0x0000000020000218,write,0,DENY,2,0
271,1,0x0000000020000228,write,1,DENY,2,0
272,0,0x0000000020000238,write,1,DENY,2,0
273,1,0x0000000020000248,write,0,DENY,2,0
274,0,0x000000002000025c,write,1,DENY,2,0
275,1,0x000000002000026c,write,1,DENY,2,0
276,0,0x000000002000027c,write,0,DENY,2,0
277,1,0x000000002000028c,write,1,DENY,2,0
278,0,0x00000000200002a0,write,1,DENY,2,0
279,1,0x00000000200002b0,write,0,DENY,2,0
280,0,0x00000000200002c0,write,1,DENY,2,0
281,1,0x00000000200002d0,write,1,DENY,2,0
282,0,0x00000000200002e4,write,0,DENY,2,0
283,1,0x00000000200002f4,write,1,DENY,2,0
284,0,0x0000000020000304,write,1,DENY,2,0
285,1,0x0000000020000314,write,0,DENY,2,0
286,0,0x0000000020000328,write,1,DENY,2,0
287,1,0x0000000020000338,write,1,DENY,2,0
288,0,0x0000000020000348,write,0,DENY,2,0
289,1,0x0000000020000358,write,1,DENY,2,0
290,0,0x000000002000036c,write,1,DENY,2,0
291,1,0x000000002000037c,write,0,DENY,2,0
292,0,0x000000002000038c,write,1,DENY,2,0
293,1,0x000000002000039c,write,1,DENY,2,0
294,0,0x00000000200003b0,write,0,DENY,2,0
295,1,0x00000000200003c0,write,1,DENY,2,0
296,0,0x00000000200003d0,write,1,DENY,2,0
297,1,0x00000000200003e0,write,0,DENY,2,0
298,0,0x00000000200003f4,write,1,DENY,2,0
299,1,0x0000000020000404,write,1,DENY,2,0
300,0,0x0000000020000414,write,0,DENY,2,0
301,1,0x0000000020000424,write,1,DENY,2,0
302,0,0x0000000020000438,write,1,DENY,2,0
303,1,0x0000000020000448,write,0,DENY,2,0
304,0,0x0000000020000458,write,1,DENY,2,0
305,1,0x0000000020000468,write,1,DENY,2,0
306,0,0x000000002000047c,write,0,DENY,2,0
307,1,0x000000002000048c,write,1,DENY,2,0
308,0,0x000000002000049c,write,1,DENY,2,0
309,1,0x00000000200004ac,write,0,DENY,2,0
310,0,0x00000000200004c0,write,1,DENY,2,0
311,1,0x00000000200004d0,write,1,DENY,2,0
312,0,0x00000000200004e0,write,0,DENY,2,0
313,1,0x00000000200004f0,write,1,DENY,2,0
314,0,0x0000000020000504,write,1,DENY,2,0
315,1,0x0000000020000514,write,0,DENY,2,0
316,0,0x0000000020000524,write,1,DENY,2,0
317,1,0x0000000020000534,write,1,DENY,2,0
318,0,0x0000000020000548,write,0,DENY,2,0
319,1,0x0000000020000558,write,1,DENY,2,0
320,0,0x0000000020000568,write,1,DENY,2,0
321,1,0x0000000020000578,write,0,DENY,2,0
322,0,0x000000002000058c,write,1,DENY,2,0
323,1,0x000000002000059c,write,1,DENY,2,0
324,0,0x00000000200005ac,write,0,DENY,2,0
325,1,0x00000000200005bc,write,1,DENY,2,0
326,0,0x00000000200005d0,write,1,DENY,2,0
327,1,0x00000000200005e0,write,0,DENY,2,0
328,0,0x00000000200005f0,write,1,DENY,2,0
329,1,0x0000000020000600,write,1,DENY,2,0
330,0,0x0000000020000614,write,0,DENY,2,0
331,1,0x0000000020000624,write,1,DENY,2,0
332,0,0x0000000020000634,write,1,DENY,2,0
333,1,0x0000000020000644,write,0,DENY,2,0
334,0,0x0000000020000658,write,1,DENY,2,0
335,1,0x0000000020000668,write,1,DENY,2,0
336,0,0x0000000020000678,write,0,DENY,2,0
337,1,0x0000000020000688,write,1,DENY,2,0
338,0,0x000000002000069c,write,1,DENY,2,0
339,1,0x00000000200006ac,write,0,DENY,2,0
340,0,0x00000000200006bc,write,1,DENY,2,0
341,1,0x00000000200006cc,write,1,DENY,2,0
342,0,0x00000000200006e0,write,0,DENY,2,0
343,1,0x00000000200006f0,write,1,DENY,2,0
344,0,0x0000000020000700,write,1,DENY,2,0
345,1,0x0000000020000710,write,0,DENY,2,0
346,0,0x0000000020000724,write,1,DENY,2,0
347,1,0x0000000020000734,write,1,DENY,2,0
348,0,0x0000000020000744,write,0,DENY,2,0
349,1,0x0000000020000754,write,1,DENY,2,0
350,0,0x0000000020000768,write,1,DENY,2,0
351,1,0x0000000020000778,write,0,DENY,2,0
352,0,0x0000000020000788,write,1,DENY,2,0
353,1,0x0000000020000798,write,1,DENY,2,0
354,0,0x00000000200007ac,write,0,DENY,2,0
355,1,0x00000000200007bc,write,1,DENY,2,0
356,0,0x00000000200007cc,write,1,DENY,2,0
357,1,0x00000000200007dc,write,0,DENY,2,0
358,0,0x00000000200007f0,write,1,DENY,2,0
359,1,0x0000000020000800,write,1,DENY,2,0
360,0,0x0000000020000810,write,0,DENY,2,0
361,1,0x0000000020000820,write,1,DENY,2,0
362,0,0x0000000020000834,write,1,DENY,2,0
363,1,0x0000000020000844,write,0,DENY,2,0
364,0,0x0000000020000854,write,1,DENY,2,0
365,1,0x0000000020000864,write,1,DENY,2,0
366,0,0x0000000020000878,write,0,DENY,2,0
367,1,0x0000000020000888,write,1,DENY,2,0
368,0,0x0000000020000898,write,1,DENY,2,0
369,1,0x00000000200008a8,write,0,DENY,2,0
370,0,0x00000000200008bc,write,1,DENY,2,0
371,1,0x00000000200008cc,write,1,DENY,2,0
372,0,0x00000000200008dc,write,0,DENY,2,0
373,1,0x00000000200008ec,write,1,DENY,2,0
374,0,0x0000000020000900,write,1,DENY,2,0
375,1,0x0000000020000910,write,0,DENY,2,0
376,0,0x0000000020000920,write,1,DENY,2,0
377,1,0x0000000020000930,write,1,DENY,2,0
378,0,0x0000000020000944,write,0,DENY,2,0
379,1,0x0000000020000954,write,1,DENY,2,0
380,0,0x0000000020000964,write,1,DENY,2,0
381,1,0x0000000020000974,write,0,DENY,2,0
382,0,0x0000000020000988,write,1,DENY,2,0
383,1,0x0000000020000998,write,1,DENY,2,0
384,0,0x00000000200009a8,write,0,DENY,2,0
385,1,0x00000000200009b8,write,1,DENY,2,0
386,0,0x00000000200009cc,write,1,DENY,2,0
387,1,0x00000000200009dc,write,0,DENY,2,0
388,0,0x00000000200009ec,write,1,DENY,2,0
389,1,0x00000000200009fc,write,1,DENY,2,0
390,0,0x0000000020000a10,write,0,DENY,2,0
391,1,0x0000000020000a20,write,1,DENY,2,0
392,0,0x0000000020000a30,write,1,DENY,2,0
393,1,0x0000000020000a40,write,0,DENY,2,0
394,0,0x0000000020000a54,write,1,DENY,2,0
395,1,0x0000000020000a64,write,1,DENY,2,0
396,0,0x0000000020000a74,write,0,DENY,2,0
397,1,0x0000000020000a84,write,1,DENY,2,0
398,0,0x0000000020000a98,write,1,DENY,2,0
399,1,0x0000000020000aa8,write,0,DENY,2,0
400,0,0x0000000020000ab8,write,1,DENY,2,0
401,1,0x0000000020000ac8,write,1,DENY,2,0
402,0,0x0000000020000adc,write,0,DENY,2,0
403,1,0x0000000020000aec,write,1,DENY,2,0
404,0,0x0000000020000afc,write,1,DENY,2,0
405,1,0x0000000020000b0c,write,0,DENY,2,0
406,0,0x0000000020000b20,write,1,DENY,2,0
407,1,0x0000000020000b30,write,1,DENY,2,0
408,0,0x0000000020000b40,write,0,DENY,2,0
409,1,0x0000000020000b50,write,1,DENY,2,0
410,0,0x0000000020000b64,write,1,DENY,2,0
411,1,0x0000000020000b74,write,0,DENY,2,0
412,0,0x0000000020000b84,write,1,DENY,2,0
413,1,0x0000000020000b94,write,1,DENY,2,0
414,0,0x0000000020000ba8,write,0,DENY,2,0
415,1,0x0000000020000bb8,write,1,DENY,2,0
416,0,0x0000000020000bc8,write,1,DENY,2,0
417,1,0x0000000020000bd8,write,0,DENY,2,0
418,0,0x0000000020000bec,write,1,DENY,2,0
419,1,0x0000000020000bfc,write,1,DENY,2,0
420,0,0x0000000020000c0c,write,0,DENY,2,0
421,1,0x0000000020000c1c,write,1,DENY,2,0
422,0,0x0000000020000c30,write,1,DENY,2,0
423,1,0x0000000020000c40,write,0,DENY,2,0
424,0,0x0000000020000c50,write,1,DENY,2,0
425,1,0x0000000020000c60,write,1,DENY,2,0
426,0,0x0000000020000c74,write,0,DENY,2,0
427,1,0x0000000020000c84,write,1,DENY,2,0
428,0,0x0000000020000c94,write,1,DENY,2,0
429,1,0x0000000020000ca4,write,0,DENY,2,0
430,0,0x0000000020000cb8,write,1,DENY,2,0
431,1,0x0000000020000cc8,write,1,DENY,2,0
432,0,0x0000000020000cd8,write,0,DENY,2,0
433,1,0x0000000020000ce8,write,1,DENY,2,0
434,0,0x0000000020000cfc,write,1,DENY,2,0
435,1,0x0000000020000d0c,write,0,DENY,2,0
436,0,0x0000000020000d1c,write,1,DENY,2,0
437,1,0x0000000020000d2c,write,1,DENY,2,0
438,0,0x0000000020000d40,write,0,DENY,2,0
439,1,0x0000000020000d50,write,1,DENY,2,0
440,0,0x0000000020000d60,write,1,DENY,2,0
441,1,0x0000000020000d70,write,0,DENY,2,0
442,0,0x0000000020000d84,write,1,DENY,2,0
443,1,0x0000000020000d94,write,1,DENY,2,0
444,0,0x0000000020000da4,write,0,DENY,2,0
445,1,0x0000000020000db4,write,1,DENY,2,0
446,0,0x0000000020000dc8,write,1,DENY,2,0
447,1,0x0000000020000dd8,write,0,DENY,2,0
448,0,0x0000000020000de8,write,1,DENY,2,0
449,1,0x0000000020000df8,write,1,DENY,2,0
450,0,0x0000000020000e0c,write,0,DENY,2,0
451,1,0x0000000020000e1c,write,1,DENY,2,0
452,0,0x0000000020000e2c,write,1,DENY,2,0
453,1,0x0000000020000e3c,write,0,DENY,2,0
454,0,0x0000000020000e50,write,1,DENY,2,0
455,1,0x0000000020000e60,write,1,DENY,2,0
456,0,0x0000000020000e70,write,0,DENY,2,0
457,1,0x0000000020000e80,write,1,DENY,2,0
458,0,0x0000000020000e94,write,1,DENY,2,0
459,1,0x0000000020000ea4,write,0,DENY,2,0
460,0,0x0000000020000eb4,write,1,DENY,2,0
461,1,0x0000000020000ec4,write,1,DENY,2,0
462,0,0x0000000020000ed8,write,0,DENY,2,0
463,1,0x0000000020000ee8,write,1,DENY,2,0
464,0,0x0000000020000ef8,write,1,DENY,2,0
465,1,0x0000000020000f08,write,0,DENY,2,0
466,0,0x0000000020000f1c,write,1,DENY,2,0
467,1,0x0000000020000f2c,write,1,DENY,2,0
468,0,0x0000000020000f3c,write,0,DENY,2,0
469,1,0x0000000020000f4c,write,1,DENY,2,0
470,0,0x0000000020000f60,write,1,DENY,2,0
471,1,0x0000000020000f70,write,0,DENY,2,0
472,0,0x0000000020000f80,write,1,DENY,2,0
473,1,0x0000000020000f90,write,1,DENY,2,0
474,0,0x0000000020000fa4,write,0,DENY,2,0
475,1,0x0000000020000fb4,write,1,DENY,2,0
476,0,0x0000000020000fc4,write,1,DENY,2,0
477,1,0x0000000020000fd4,write,0,DENY,2,0
478,0,0x0000000020000fe8,write,1,DENY,2,0
479,1,0x0000000020000ff8,write,1,DENY,2,0
480,0,0x0000000020000008,write,0,DENY,2,0
481,1,0x0000000020000018,write,1,DENY,2,0
482,0,0x000000002000002c,write,1,DENY,2,0
483,1,0x000000002000003c,write,0,DENY,2,0
484,0,0x000000002000004c,write,1,DENY,2,0
485,1,0x000000002000005c,write,1,DENY,2,0
486,0,0x0000000020000070,write,0,DENY,2,0
487,1,0x0000000020000080,write,1,DENY,2,0
488,0,0x0000000020000090,write,1,DENY,2,0
489,1,0x00000000200000a0,write,0,DENY,2,0
490,0,0x00000000200000b4,write,1,DENY,2,0
491,1,0x00000000200000c4,write,1,DENY,2,0
492,0,0x00000000200000d4,write,0,DENY,2,0
493,1,0x00000000200000e4,write,1,DENY,2,0
494,0,0x00000000200000f8,write,1,DENY,2,0
495,1,0x0000000020000108,write,0,DENY,2,0
496,0,0x0000000020000118,write,1,DENY,2,0
497,1,0x0000000020000128,write,1,DENY,2,0
498,0,0x000000002000013c,write,0,DENY,2,0
499,1,0x000000002000014c,write,1,DENY,2,0
