seed,nsaid,address,operation,configured,observed,bresp,rresp,memory_effect
55,7,0x0000000020000000,write,0,DENY,2,, 0
55,8,0x000000002000000d,read,1,DENY,,2,0
55,9,0x000000002000001a,write,1,DENY,2,, 0
55,10,0x0000000020000027,read,0,DENY,,2,0
55,11,0x0000000020000034,write,1,DENY,2,, 0
55,12,0x0000000020000041,read,1,DENY,,2,0
55,13,0x000000002000004e,write,0,DENY,2,, 0
55,14,0x000000002000005b,read,1,DENY,,2,0
55,15,0x0000000020000068,write,1,DENY,2,, 0
55,0,0x0000000020000075,read,0,DENY,,2,0
55,1,0x0000000020000082,write,1,DENY,2,, 0
55,2,0x000000002000008f,read,1,DENY,,2,0
55,3,0x000000002000009c,write,0,DENY,2,, 0
55,4,0x00000000200000a9,read,1,DENY,,2,0
55,5,0x00000000200000b6,write,1,DENY,2,, 0
55,6,0x00000000200000c3,read,0,DENY,,2,0
55,7,0x00000000200000d0,write,1,DENY,2,, 0
55,8,0x00000000200000dd,read,1,DENY,,2,0
55,9,0x00000000200000ea,write,0,DENY,2,, 0
55,10,0x00000000200000f7,read,1,DENY,,2,0
55,11,0x0000000020000004,write,1,DENY,2,, 0
55,12,0x0000000020000011,read,0,DENY,,2,0
55,13,0x000000002000001e,write,1,DENY,2,, 0
55,14,0x000000002000002b,read,1,DENY,,2,0
55,15,0x0000000020000038,write,0,DENY,2,, 0
55,0,0x0000000020000045,read,1,DENY,,2,0
55,1,0x0000000020000052,write,1,DENY,2,, 0
55,2,0x000000002000005f,read,0,DENY,,2,0
55,3,0x000000002000006c,write,1,DENY,2,, 0
55,4,0x0000000020000079,read,1,DENY,,2,0
55,5,0x0000000020000086,write,0,DENY,2,, 0
55,6,0x0000000020000093,read,1,DENY,,2,0
55,7,0x00000000200000a0,write,1,DENY,2,, 0
55,8,0x00000000200000ad,read,0,DENY,,2,0
55,9,0x00000000200000ba,write,1,DENY,2,, 0
55,10,0x00000000200000c7,read,1,DENY,,2,0
55,11,0x00000000200000d4,write,0,DENY,2,, 0
55,12,0x00000000200000e1,read,1,DENY,,2,0
55,13,0x00000000200000ee,write,1,DENY,2,, 0
55,14,0x00000000200000fb,read,0,DENY,,2,0
55,15,0x0000000020000008,write,1,DENY,2,, 0
55,0,0x0000000020000015,read,1,DENY,,2,0
55,1,0x0000000020000022,write,0,DENY,2,, 0
55,2,0x000000002000002f,read,1,DENY,,2,0
55,3,0x000000002000003c,write,1,DENY,2,, 0
55,4,0x0000000020000049,read,0,DENY,,2,0
55,5,0x0000000020000056,write,1,DENY,2,, 0
55,6,0x0000000020000063,read,1,DENY,,2,0
55,7,0x0000000020000070,write,0,DENY,2,, 0
55,8,0x000000002000007d,read,1,DENY,,2,0
55,9,0x000000002000008a,write,1,DENY,2,, 0
55,10,0x0000000020000097,read,0,DENY,,2,0
55,11,0x00000000200000a4,write,1,DENY,2,, 0
55,12,0x00000000200000b1,read,1,DENY,,2,0
55,13,0x00000000200000be,write,0,DENY,2,, 0
55,14,0x00000000200000cb,read,1,DENY,,2,0
55,15,0x00000000200000d8,write,1,DENY,2,, 0
55,0,0x00000000200000e5,read,0,DENY,,2,0
55,1,0x00000000200000f2,write,1,DENY,2,, 0
55,2,0x00000000200000ff,read,1,DENY,,2,0
55,3,0x000000002000000c,write,0,DENY,2,, 0
55,4,0x0000000020000019,read,1,DENY,,2,0
55,5,0x0000000020000026,write,1,DENY,2,, 0
55,6,0x0000000020000033,read,0,DENY,,2,0
55,7,0x0000000020000040,write,1,DENY,2,, 0
55,8,0x000000002000004d,read,1,DENY,,2,0
55,9,0x000000002000005a,write,0,DENY,2,, 0
55,10,0x0000000020000067,read,1,DENY,,2,0
55,11,0x0000000020000074,write,1,DENY,2,, 0
55,12,0x0000000020000081,read,0,DENY,,2,0
55,13,0x000000002000008e,write,1,DENY,2,, 0
55,14,0x000000002000009b,read,1,DENY,,2,0
55,15,0x00000000200000a8,write,0,DENY,2,, 0
55,0,0x00000000200000b5,read,1,DENY,,2,0
55,1,0x00000000200000c2,write,1,DENY,2,, 0
55,2,0x00000000200000cf,read,0,DENY,,2,0
55,3,0x00000000200000dc,write,1,DENY,2,, 0
55,4,0x00000000200000e9,read,1,DENY,,2,0
55,5,0x00000000200000f6,write,0,DENY,2,, 0
55,6,0x0000000020000003,read,1,DENY,,2,0
55,7,0x0000000020000010,write,1,DENY,2,, 0
55,8,0x000000002000001d,read,0,DENY,,2,0
55,9,0x000000002000002a,write,1,DENY,2,, 0
55,10,0x0000000020000037,read,1,DENY,,2,0
55,11,0x0000000020000044,write,0,DENY,2,, 0
55,12,0x0000000020000051,read,1,DENY,,2,0
55,13,0x000000002000005e,write,1,DENY,2,, 0
55,14,0x000000002000006b,read,0,DENY,,2,0
55,15,0x0000000020000078,write,1,DENY,2,, 0
55,0,0x0000000020000085,read,1,DENY,,2,0
55,1,0x0000000020000092,write,0,DENY,2,, 0
55,2,0x000000002000009f,read,1,DENY,,2,0
55,3,0x00000000200000ac,write,1,DENY,2,, 0
55,4,0x00000000200000b9,read,0,DENY,,2,0
55,5,0x00000000200000c6,write,1,DENY,2,, 0
55,6,0x00000000200000d3,read,1,DENY,,2,0
55,7,0x00000000200000e0,write,0,DENY,2,, 0
55,8,0x00000000200000ed,read,1,DENY,,2,0
55,9,0x00000000200000fa,write,1,DENY,2,, 0
55,10,0x0000000020000007,read,0,DENY,,2,0
55,11,0x0000000020000014,write,1,DENY,2,, 0
55,12,0x0000000020000021,read,1,DENY,,2,0
55,13,0x000000002000002e,write,0,DENY,2,, 0
55,14,0x000000002000003b,read,1,DENY,,2,0
55,15,0x0000000020000048,write,1,DENY,2,, 0
55,0,0x0000000020000055,read,0,DENY,,2,0
55,1,0x0000000020000062,write,1,DENY,2,, 0
55,2,0x000000002000006f,read,1,DENY,,2,0
55,3,0x000000002000007c,write,0,DENY,2,, 0
55,4,0x0000000020000089,read,1,DENY,,2,0
55,5,0x0000000020000096,write,1,DENY,2,, 0
55,6,0x00000000200000a3,read,0,DENY,,2,0
55,7,0x00000000200000b0,write,1,DENY,2,, 0
55,8,0x00000000200000bd,read,1,DENY,,2,0
55,9,0x00000000200000ca,write,0,DENY,2,, 0
55,10,0x00000000200000d7,read,1,DENY,,2,0
55,11,0x00000000200000e4,write,1,DENY,2,, 0
55,12,0x00000000200000f1,read,0,DENY,,2,0
55,13,0x00000000200000fe,write,1,DENY,2,, 0
55,14,0x000000002000000b,read,1,DENY,,2,0
55,15,0x0000000020000018,write,0,DENY,2,, 0
55,0,0x0000000020000025,read,1,DENY,,2,0
55,1,0x0000000020000032,write,1,DENY,2,, 0
55,2,0x000000002000003f,read,0,DENY,,2,0
55,3,0x000000002000004c,write,1,DENY,2,, 0
55,4,0x0000000020000059,read,1,DENY,,2,0
55,5,0x0000000020000066,write,0,DENY,2,, 0
55,6,0x0000000020000073,read,1,DENY,,2,0
55,7,0x0000000020000080,write,1,DENY,2,, 0
55,8,0x000000002000008d,read,0,DENY,,2,0
55,9,0x000000002000009a,write,1,DENY,2,, 0
55,10,0x00000000200000a7,read,1,DENY,,2,0
55,11,0x00000000200000b4,write,0,DENY,2,, 0
55,12,0x00000000200000c1,read,1,DENY,,2,0
55,13,0x00000000200000ce,write,1,DENY,2,, 0
55,14,0x00000000200000db,read,0,DENY,,2,0
55,15,0x00000000200000e8,write,1,DENY,2,, 0
55,0,0x00000000200000f5,read,1,DENY,,2,0
55,1,0x0000000020000002,write,0,DENY,2,, 0
55,2,0x000000002000000f,read,1,DENY,,2,0
55,3,0x000000002000001c,write,1,DENY,2,, 0
55,4,0x0000000020000029,read,0,DENY,,2,0
55,5,0x0000000020000036,write,1,DENY,2,, 0
55,6,0x0000000020000043,read,1,DENY,,2,0
55,7,0x0000000020000050,write,0,DENY,2,, 0
55,8,0x000000002000005d,read,1,DENY,,2,0
55,9,0x000000002000006a,write,1,DENY,2,, 0
55,10,0x0000000020000077,read,0,DENY,,2,0
55,11,0x0000000020000084,write,1,DENY,2,, 0
55,12,0x0000000020000091,read,1,DENY,,2,0
55,13,0x000000002000009e,write,0,DENY,2,, 0
55,14,0x00000000200000ab,read,1,DENY,,2,0
55,15,0x00000000200000b8,write,1,DENY,2,, 0
55,0,0x00000000200000c5,read,0,DENY,,2,0
55,1,0x00000000200000d2,write,1,DENY,2,, 0
55,2,0x00000000200000df,read,1,DENY,,2,0
55,3,0x00000000200000ec,write,0,DENY,2,, 0
55,4,0x00000000200000f9,read,1,DENY,,2,0
55,5,0x0000000020000006,write,1,DENY,2,, 0
55,6,0x0000000020000013,read,0,DENY,,2,0
55,7,0x0000000020000020,write,1,DENY,2,, 0
55,8,0x000000002000002d,read,1,DENY,,2,0
55,9,0x000000002000003a,write,0,DENY,2,, 0
55,10,0x0000000020000047,read,1,DENY,,2,0
55,11,0x0000000020000054,write,1,DENY,2,, 0
55,12,0x0000000020000061,read,0,DENY,,2,0
55,13,0x000000002000006e,write,1,DENY,2,, 0
55,14,0x000000002000007b,read,1,DENY,,2,0
55,15,0x0000000020000088,write,0,DENY,2,, 0
55,0,0x0000000020000095,read,1,DENY,,2,0
55,1,0x00000000200000a2,write,1,DENY,2,, 0
55,2,0x00000000200000af,read,0,DENY,,2,0
55,3,0x00000000200000bc,write,1,DENY,2,, 0
55,4,0x00000000200000c9,read,1,DENY,,2,0
55,5,0x00000000200000d6,write,0,DENY,2,, 0
55,6,0x00000000200000e3,read,1,DENY,,2,0
55,7,0x00000000200000f0,write,1,DENY,2,, 0
55,8,0x00000000200000fd,read,0,DENY,,2,0
55,9,0x000000002000000a,write,1,DENY,2,, 0
55,10,0x0000000020000017,read,1,DENY,,2,0
55,11,0x0000000020000024,write,0,DENY,2,, 0
55,12,0x0000000020000031,read,1,DENY,,2,0
55,13,0x000000002000003e,write,1,DENY,2,, 0
55,14,0x000000002000004b,read,0,DENY,,2,0
55,15,0x0000000020000058,write,1,DENY,2,, 0
55,0,0x0000000020000065,read,1,DENY,,2,0
55,1,0x0000000020000072,write,0,DENY,2,, 0
55,2,0x000000002000007f,read,1,DENY,,2,0
55,3,0x000000002000008c,write,1,DENY,2,, 0
55,4,0x0000000020000099,read,0,DENY,,2,0
55,5,0x00000000200000a6,write,1,DENY,2,, 0
55,6,0x00000000200000b3,read,1,DENY,,2,0
55,7,0x00000000200000c0,write,0,DENY,2,, 0
55,8,0x00000000200000cd,read,1,DENY,,2,0
55,9,0x00000000200000da,write,1,DENY,2,, 0
55,10,0x00000000200000e7,read,0,DENY,,2,0
55,11,0x00000000200000f4,write,1,DENY,2,, 0
55,12,0x0000000020000001,read,1,DENY,,2,0
55,13,0x000000002000000e,write,0,DENY,2,, 0
55,14,0x000000002000001b,read,1,DENY,,2,0
55,15,0x0000000020000028,write,1,DENY,2,, 0
55,0,0x0000000020000035,read,0,DENY,,2,0
55,1,0x0000000020000042,write,1,DENY,2,, 0
55,2,0x000000002000004f,read,1,DENY,,2,0
55,3,0x000000002000005c,write,0,DENY,2,, 0
55,4,0x0000000020000069,read,1,DENY,,2,0
55,5,0x0000000020000076,write,1,DENY,2,, 0
55,6,0x0000000020000083,read,0,DENY,,2,0
55,7,0x0000000020000090,write,1,DENY,2,, 0
55,8,0x000000002000009d,read,1,DENY,,2,0
55,9,0x00000000200000aa,write,0,DENY,2,, 0
55,10,0x00000000200000b7,read,1,DENY,,2,0
55,11,0x00000000200000c4,write,1,DENY,2,, 0
55,12,0x00000000200000d1,read,0,DENY,,2,0
55,13,0x00000000200000de,write,1,DENY,2,, 0
55,14,0x00000000200000eb,read,1,DENY,,2,0
55,15,0x00000000200000f8,write,0,DENY,2,, 0
55,0,0x0000000020000005,read,1,DENY,,2,0
55,1,0x0000000020000012,write,1,DENY,2,, 0
55,2,0x000000002000001f,read,0,DENY,,2,0
55,3,0x000000002000002c,write,1,DENY,2,, 0
55,4,0x0000000020000039,read,1,DENY,,2,0
55,5,0x0000000020000046,write,0,DENY,2,, 0
55,6,0x0000000020000053,read,1,DENY,,2,0
55,7,0x0000000020000060,write,1,DENY,2,, 0
55,8,0x000000002000006d,read,0,DENY,,2,0
55,9,0x000000002000007a,write,1,DENY,2,, 0
55,10,0x0000000020000087,read,1,DENY,,2,0
55,11,0x0000000020000094,write,0,DENY,2,, 0
55,12,0x00000000200000a1,read,1,DENY,,2,0
55,13,0x00000000200000ae,write,1,DENY,2,, 0
55,14,0x00000000200000bb,read,0,DENY,,2,0
55,15,0x00000000200000c8,write,1,DENY,2,, 0
55,0,0x00000000200000d5,read,1,DENY,,2,0
55,1,0x00000000200000e2,write,0,DENY,2,, 0
55,2,0x00000000200000ef,read,1,DENY,,2,0
55,3,0x00000000200000fc,write,1,DENY,2,, 0
55,4,0x0000000020000009,read,0,DENY,,2,0
55,5,0x0000000020000016,write,1,DENY,2,, 0
55,6,0x0000000020000023,read,1,DENY,,2,0
55,7,0x0000000020000030,write,0,DENY,2,, 0
55,8,0x000000002000003d,read,1,DENY,,2,0
55,9,0x000000002000004a,write,1,DENY,2,, 0
55,10,0x0000000020000057,read,0,DENY,,2,0
55,11,0x0000000020000064,write,1,DENY,2,, 0
55,12,0x0000000020000071,read,1,DENY,,2,0
55,13,0x000000002000007e,write,0,DENY,2,, 0
55,14,0x000000002000008b,read,1,DENY,,2,0
55,15,0x0000000020000098,write,1,DENY,2,, 0
55,0,0x00000000200000a5,read,0,DENY,,2,0
55,1,0x00000000200000b2,write,1,DENY,2,, 0
55,2,0x00000000200000bf,read,1,DENY,,2,0
55,3,0x00000000200000cc,write,0,DENY,2,, 0
55,4,0x00000000200000d9,read,1,DENY,,2,0
55,5,0x00000000200000e6,write,1,DENY,2,, 0
55,6,0x00000000200000f3,read,0,DENY,,2,0
55,7,0x0000000020000000,write,1,DENY,2,, 0
55,8,0x000000002000000d,read,1,DENY,,2,0
55,9,0x000000002000001a,write,0,DENY,2,, 0
55,10,0x0000000020000027,read,1,DENY,,2,0
55,11,0x0000000020000034,write,1,DENY,2,, 0
55,12,0x0000000020000041,read,0,DENY,,2,0
55,13,0x000000002000004e,write,1,DENY,2,, 0
55,14,0x000000002000005b,read,1,DENY,,2,0
55,15,0x0000000020000068,write,0,DENY,2,, 0
55,0,0x0000000020000075,read,1,DENY,,2,0
55,1,0x0000000020000082,write,1,DENY,2,, 0
55,2,0x000000002000008f,read,0,DENY,,2,0
55,3,0x000000002000009c,write,1,DENY,2,, 0
55,4,0x00000000200000a9,read,1,DENY,,2,0
55,5,0x00000000200000b6,write,0,DENY,2,, 0
55,6,0x00000000200000c3,read,1,DENY,,2,0
55,7,0x00000000200000d0,write,1,DENY,2,, 0
55,8,0x00000000200000dd,read,0,DENY,,2,0
55,9,0x00000000200000ea,write,1,DENY,2,, 0
55,10,0x00000000200000f7,read,1,DENY,,2,0
55,11,0x0000000020000004,write,0,DENY,2,, 0
55,12,0x0000000020000011,read,1,DENY,,2,0
55,13,0x000000002000001e,write,1,DENY,2,, 0
55,14,0x000000002000002b,read,0,DENY,,2,0
55,15,0x0000000020000038,write,1,DENY,2,, 0
55,0,0x0000000020000045,read,1,DENY,,2,0
55,1,0x0000000020000052,write,0,DENY,2,, 0
55,2,0x000000002000005f,read,1,DENY,,2,0
55,3,0x000000002000006c,write,1,DENY,2,, 0
55,4,0x0000000020000079,read,0,DENY,,2,0
55,5,0x0000000020000086,write,1,DENY,2,, 0
55,6,0x0000000020000093,read,1,DENY,,2,0
55,7,0x00000000200000a0,write,0,DENY,2,, 0
55,8,0x00000000200000ad,read,1,DENY,,2,0
55,9,0x00000000200000ba,write,1,DENY,2,, 0
55,10,0x00000000200000c7,read,0,DENY,,2,0
55,11,0x00000000200000d4,write,1,DENY,2,, 0
55,12,0x00000000200000e1,read,1,DENY,,2,0
55,13,0x00000000200000ee,write,0,DENY,2,, 0
55,14,0x00000000200000fb,read,1,DENY,,2,0
55,15,0x0000000020000008,write,1,DENY,2,, 0
55,0,0x0000000020000015,read,0,DENY,,2,0
55,1,0x0000000020000022,write,1,DENY,2,, 0
55,2,0x000000002000002f,read,1,DENY,,2,0
55,3,0x000000002000003c,write,0,DENY,2,, 0
55,4,0x0000000020000049,read,1,DENY,,2,0
55,5,0x0000000020000056,write,1,DENY,2,, 0
55,6,0x0000000020000063,read,0,DENY,,2,0
55,7,0x0000000020000070,write,1,DENY,2,, 0
55,8,0x000000002000007d,read,1,DENY,,2,0
55,9,0x000000002000008a,write,0,DENY,2,, 0
55,10,0x0000000020000097,read,1,DENY,,2,0
55,11,0x00000000200000a4,write,1,DENY,2,, 0
55,12,0x00000000200000b1,read,0,DENY,,2,0
55,13,0x00000000200000be,write,1,DENY,2,, 0
55,14,0x00000000200000cb,read,1,DENY,,2,0
55,15,0x00000000200000d8,write,0,DENY,2,, 0
55,0,0x00000000200000e5,read,1,DENY,,2,0
55,1,0x00000000200000f2,write,1,DENY,2,, 0
55,2,0x00000000200000ff,read,0,DENY,,2,0
55,3,0x000000002000000c,write,1,DENY,2,, 0
55,4,0x0000000020000019,read,1,DENY,,2,0
55,5,0x0000000020000026,write,0,DENY,2,, 0
55,6,0x0000000020000033,read,1,DENY,,2,0
55,7,0x0000000020000040,write,1,DENY,2,, 0
55,8,0x000000002000004d,read,0,DENY,,2,0
55,9,0x000000002000005a,write,1,DENY,2,, 0
55,10,0x0000000020000067,read,1,DENY,,2,0
55,11,0x0000000020000074,write,0,DENY,2,, 0
55,12,0x0000000020000081,read,1,DENY,,2,0
55,13,0x000000002000008e,write,1,DENY,2,, 0
55,14,0x000000002000009b,read,0,DENY,,2,0
55,15,0x00000000200000a8,write,1,DENY,2,, 0
55,0,0x00000000200000b5,read,1,DENY,,2,0
55,1,0x00000000200000c2,write,0,DENY,2,, 0
55,2,0x00000000200000cf,read,1,DENY,,2,0
55,3,0x00000000200000dc,write,1,DENY,2,, 0
55,4,0x00000000200000e9,read,0,DENY,,2,0
55,5,0x00000000200000f6,write,1,DENY,2,, 0
55,6,0x0000000020000003,read,1,DENY,,2,0
55,7,0x0000000020000010,write,0,DENY,2,, 0
55,8,0x000000002000001d,read,1,DENY,,2,0
55,9,0x000000002000002a,write,1,DENY,2,, 0
55,10,0x0000000020000037,read,0,DENY,,2,0
55,11,0x0000000020000044,write,1,DENY,2,, 0
55,12,0x0000000020000051,read,1,DENY,,2,0
55,13,0x000000002000005e,write,0,DENY,2,, 0
55,14,0x000000002000006b,read,1,DENY,,2,0
55,15,0x0000000020000078,write,1,DENY,2,, 0
55,0,0x0000000020000085,read,0,DENY,,2,0
55,1,0x0000000020000092,write,1,DENY,2,, 0
55,2,0x000000002000009f,read,1,DENY,,2,0
55,3,0x00000000200000ac,write,0,DENY,2,, 0
55,4,0x00000000200000b9,read,1,DENY,,2,0
55,5,0x00000000200000c6,write,1,DENY,2,, 0
55,6,0x00000000200000d3,read,0,DENY,,2,0
55,7,0x00000000200000e0,write,1,DENY,2,, 0
55,8,0x00000000200000ed,read,1,DENY,,2,0
55,9,0x00000000200000fa,write,0,DENY,2,, 0
55,10,0x0000000020000007,read,1,DENY,,2,0
55,11,0x0000000020000014,write,1,DENY,2,, 0
55,12,0x0000000020000021,read,0,DENY,,2,0
55,13,0x000000002000002e,write,1,DENY,2,, 0
55,14,0x000000002000003b,read,1,DENY,,2,0
55,15,0x0000000020000048,write,0,DENY,2,, 0
55,0,0x0000000020000055,read,1,DENY,,2,0
55,1,0x0000000020000062,write,1,DENY,2,, 0
55,2,0x000000002000006f,read,0,DENY,,2,0
55,3,0x000000002000007c,write,1,DENY,2,, 0
55,4,0x0000000020000089,read,1,DENY,,2,0
55,5,0x0000000020000096,write,0,DENY,2,, 0
55,6,0x00000000200000a3,read,1,DENY,,2,0
55,7,0x00000000200000b0,write,1,DENY,2,, 0
55,8,0x00000000200000bd,read,0,DENY,,2,0
55,9,0x00000000200000ca,write,1,DENY,2,, 0
55,10,0x00000000200000d7,read,1,DENY,,2,0
55,11,0x00000000200000e4,write,0,DENY,2,, 0
55,12,0x00000000200000f1,read,1,DENY,,2,0
55,13,0x00000000200000fe,write,1,DENY,2,, 0
55,14,0x000000002000000b,read,0,DENY,,2,0
55,15,0x0000000020000018,write,1,DENY,2,, 0
55,0,0x0000000020000025,read,1,DENY,,2,0
55,1,0x0000000020000032,write,0,DENY,2,, 0
55,2,0x000000002000003f,read,1,DENY,,2,0
55,3,0x000000002000004c,write,1,DENY,2,, 0
55,4,0x0000000020000059,read,0,DENY,,2,0
55,5,0x0000000020000066,write,1,DENY,2,, 0
55,6,0x0000000020000073,read,1,DENY,,2,0
55,7,0x0000000020000080,write,0,DENY,2,, 0
55,8,0x000000002000008d,read,1,DENY,,2,0
55,9,0x000000002000009a,write,1,DENY,2,, 0
55,10,0x00000000200000a7,read,0,DENY,,2,0
55,11,0x00000000200000b4,write,1,DENY,2,, 0
55,12,0x00000000200000c1,read,1,DENY,,2,0
55,13,0x00000000200000ce,write,0,DENY,2,, 0
55,14,0x00000000200000db,read,1,DENY,,2,0
55,15,0x00000000200000e8,write,1,DENY,2,, 0
55,0,0x00000000200000f5,read,0,DENY,,2,0
55,1,0x0000000020000002,write,1,DENY,2,, 0
55,2,0x000000002000000f,read,1,DENY,,2,0
55,3,0x000000002000001c,write,0,DENY,2,, 0
55,4,0x0000000020000029,read,1,DENY,,2,0
55,5,0x0000000020000036,write,1,DENY,2,, 0
55,6,0x0000000020000043,read,0,DENY,,2,0
55,7,0x0000000020000050,write,1,DENY,2,, 0
55,8,0x000000002000005d,read,1,DENY,,2,0
55,9,0x000000002000006a,write,0,DENY,2,, 0
55,10,0x0000000020000077,read,1,DENY,,2,0
55,11,0x0000000020000084,write,1,DENY,2,, 0
55,12,0x0000000020000091,read,0,DENY,,2,0
55,13,0x000000002000009e,write,1,DENY,2,, 0
55,14,0x00000000200000ab,read,1,DENY,,2,0
55,15,0x00000000200000b8,write,0,DENY,2,, 0
55,0,0x00000000200000c5,read,1,DENY,,2,0
55,1,0x00000000200000d2,write,1,DENY,2,, 0
55,2,0x00000000200000df,read,0,DENY,,2,0
55,3,0x00000000200000ec,write,1,DENY,2,, 0
55,4,0x00000000200000f9,read,1,DENY,,2,0
55,5,0x0000000020000006,write,0,DENY,2,, 0
55,6,0x0000000020000013,read,1,DENY,,2,0
55,7,0x0000000020000020,write,1,DENY,2,, 0
55,8,0x000000002000002d,read,0,DENY,,2,0
55,9,0x000000002000003a,write,1,DENY,2,, 0
55,10,0x0000000020000047,read,1,DENY,,2,0
55,11,0x0000000020000054,write,0,DENY,2,, 0
55,12,0x0000000020000061,read,1,DENY,,2,0
55,13,0x000000002000006e,write,1,DENY,2,, 0
55,14,0x000000002000007b,read,0,DENY,,2,0
55,15,0x0000000020000088,write,1,DENY,2,, 0
55,0,0x0000000020000095,read,1,DENY,,2,0
55,1,0x00000000200000a2,write,0,DENY,2,, 0
55,2,0x00000000200000af,read,1,DENY,,2,0
55,3,0x00000000200000bc,write,1,DENY,2,, 0
55,4,0x00000000200000c9,read,0,DENY,,2,0
55,5,0x00000000200000d6,write,1,DENY,2,, 0
55,6,0x00000000200000e3,read,1,DENY,,2,0
55,7,0x00000000200000f0,write,0,DENY,2,, 0
55,8,0x00000000200000fd,read,1,DENY,,2,0
55,9,0x000000002000000a,write,1,DENY,2,, 0
55,10,0x0000000020000017,read,0,DENY,,2,0
55,11,0x0000000020000024,write,1,DENY,2,, 0
55,12,0x0000000020000031,read,1,DENY,,2,0
55,13,0x000000002000003e,write,0,DENY,2,, 0
55,14,0x000000002000004b,read,1,DENY,,2,0
55,15,0x0000000020000058,write,1,DENY,2,, 0
55,0,0x0000000020000065,read,0,DENY,,2,0
55,1,0x0000000020000072,write,1,DENY,2,, 0
55,2,0x000000002000007f,read,1,DENY,,2,0
55,3,0x000000002000008c,write,0,DENY,2,, 0
55,4,0x0000000020000099,read,1,DENY,,2,0
55,5,0x00000000200000a6,write,1,DENY,2,, 0
55,6,0x00000000200000b3,read,0,DENY,,2,0
55,7,0x00000000200000c0,write,1,DENY,2,, 0
55,8,0x00000000200000cd,read,1,DENY,,2,0
55,9,0x00000000200000da,write,0,DENY,2,, 0
55,10,0x00000000200000e7,read,1,DENY,,2,0
55,11,0x00000000200000f4,write,1,DENY,2,, 0
55,12,0x0000000020000001,read,0,DENY,,2,0
55,13,0x000000002000000e,write,1,DENY,2,, 0
55,14,0x000000002000001b,read,1,DENY,,2,0
55,15,0x0000000020000028,write,0,DENY,2,, 0
55,0,0x0000000020000035,read,1,DENY,,2,0
55,1,0x0000000020000042,write,1,DENY,2,, 0
55,2,0x000000002000004f,read,0,DENY,,2,0
55,3,0x000000002000005c,write,1,DENY,2,, 0
55,4,0x0000000020000069,read,1,DENY,,2,0
55,5,0x0000000020000076,write,0,DENY,2,, 0
55,6,0x0000000020000083,read,1,DENY,,2,0
55,7,0x0000000020000090,write,1,DENY,2,, 0
55,8,0x000000002000009d,read,0,DENY,,2,0
55,9,0x00000000200000aa,write,1,DENY,2,, 0
55,10,0x00000000200000b7,read,1,DENY,,2,0
55,11,0x00000000200000c4,write,0,DENY,2,, 0
55,12,0x00000000200000d1,read,1,DENY,,2,0
55,13,0x00000000200000de,write,1,DENY,2,, 0
55,14,0x00000000200000eb,read,0,DENY,,2,0
55,15,0x00000000200000f8,write,1,DENY,2,, 0
55,0,0x0000000020000005,read,1,DENY,,2,0
55,1,0x0000000020000012,write,0,DENY,2,, 0
55,2,0x000000002000001f,read,1,DENY,,2,0
55,3,0x000000002000002c,write,1,DENY,2,, 0
55,4,0x0000000020000039,read,0,DENY,,2,0
55,5,0x0000000020000046,write,1,DENY,2,, 0
55,6,0x0000000020000053,read,1,DENY,,2,0
55,7,0x0000000020000060,write,0,DENY,2,, 0
55,8,0x000000002000006d,read,1,DENY,,2,0
55,9,0x000000002000007a,write,1,DENY,2,, 0
55,10,0x0000000020000087,read,0,DENY,,2,0
55,11,0x0000000020000094,write,1,DENY,2,, 0
55,12,0x00000000200000a1,read,1,DENY,,2,0
55,13,0x00000000200000ae,write,0,DENY,2,, 0
55,14,0x00000000200000bb,read,1,DENY,,2,0
55,15,0x00000000200000c8,write,1,DENY,2,, 0
55,0,0x00000000200000d5,read,0,DENY,,2,0
55,1,0x00000000200000e2,write,1,DENY,2,, 0
55,2,0x00000000200000ef,read,1,DENY,,2,0
55,3,0x00000000200000fc,write,0,DENY,2,, 0
55,4,0x0000000020000009,read,1,DENY,,2,0
55,5,0x0000000020000016,write,1,DENY,2,, 0
55,6,0x0000000020000023,read,0,DENY,,2,0
55,7,0x0000000020000030,write,1,DENY,2,, 0
55,8,0x000000002000003d,read,1,DENY,,2,0
55,9,0x000000002000004a,write,0,DENY,2,, 0
55,10,0x0000000020000057,read,1,DENY,,2,0
