seed,run,nsaid,address,operation,configured,observed,bresp,rresp,memory_effect,dst_aw,dst_w,deadlock,fix,git_commit
56001,0,1,0x00000000200000c1,write,0,DENY,SLVERR,,0,0,0,0,proper,ff46d11
56001,1,2,0x00000000200000ce,read,1,DENY,,SLVERR,0,0,0,0,proper,ff46d11
56001,2,3,0x00000000200000db,write,1,DENY,SLVERR,,0,0,0,0,proper,ff46d11
56001,3,4,0x00000000200000e8,read,0,DENY,,SLVERR,0,0,0,0,proper,ff46d11
56001,4,5,0x00000000200000f5,write,1,DENY,SLVERR,,0,0,0,0,proper,ff46d11
56001,5,6,0x0000000020000002,read,1,DENY,,SLVERR,0,0,0,0,proper,ff46d11
56001,6,7,0x000000002000000f,write,0,DENY,SLVERR,,0,0,0,0,proper,ff46d11
56001,7,8,0x000000002000001c,read,1,DENY,,SLVERR,0,0,0,0,proper,ff46d11
56001,8,9,0x0000000020000029,write,1,DENY,SLVERR,,0,0,0,0,proper,ff46d11
56001,9,10,0x0000000020000036,read,0,DENY,,SLVERR,0,0,0,0,proper,ff46d11
56001,10,11,0x0000000020000043,write,1,DENY,SLVERR,,0,0,0,0,proper,ff46d11
56001,11,12,0x0000000020000050,read,1,DENY,,SLVERR,0,0,0,0,proper,ff46d11
56001,12,13,0x000000002000005d,write,0,DENY,SLVERR,,0,0,0,0,proper,ff46d11
56001,13,14,0x000000002000006a,read,1,DENY,,SLVERR,0,0,0,0,proper,ff46d11
56001,14,15,0x0000000020000077,write,1,DENY,SLVERR,,0,0,0,0,proper,ff46d11
56001,15,0,0x0000000020000084,read,0,DENY,,SLVERR,0,0,0,0,proper,ff46d11
56001,16,1,0x0000000020000091,write,1,DENY,SLVERR,,0,0,0,0,proper,ff46d11
56001,17,2,0x000000002000009e,read,1,DENY,,SLVERR,0,0,0,0,proper,ff46d11
56001,18,3,0x00000000200000ab,write,0,DENY,SLVERR,,0,0,0,0,proper,ff46d11
56001,19,4,0x00000000200000b8,read,1,DENY,,SLVERR,0,0,0,0,proper,ff46d11
56001,20,5,0x00000000200000c5,write,1,DENY,SLVERR,,0,0,0,0,proper,ff46d11
56001,21,6,0x00000000200000d2,read,0,DENY,,SLVERR,0,0,0,0,proper,ff46d11
56001,22,7,0x00000000200000df,write,1,DENY,SLVERR,,0,0,0,0,proper,ff46d11
56001,23,8,0x00000000200000ec,read,1,DENY,,SLVERR,0,0,0,0,proper,ff46d11
56001,24,9,0x00000000200000f9,write,0,DENY,SLVERR,,0,0,0,0,proper,ff46d11
56001,25,10,0x0000000020000006,read,1,DENY,,SLVERR,0,0,0,0,proper,ff46d11
56001,26,11,0x0000000020000013,write,1,DENY,SLVERR,,0,0,0,0,proper,ff46d11
56001,27,12,0x0000000020000020,read,0,DENY,,SLVERR,0,0,0,0,proper,ff46d11
56001,28,13,0x000000002000002d,write,1,DENY,SLVERR,,0,0,0,0,proper,ff46d11
56001,29,14,0x000000002000003a,read,1,DENY,,SLVERR,0,0,0,0,proper,ff46d11
56001,30,15,0x0000000020000047,write,0,DENY,SLVERR,,0,0,0,0,proper,ff46d11
56001,31,0,0x0000000020000054,read,1,DENY,,SLVERR,0,0,0,0,proper,ff46d11
56001,32,1,0x0000000020000061,write,1,DENY,SLVERR,,0,0,0,0,proper,ff46d11
56001,33,2,0x000000002000006e,read,0,DENY,,SLVERR,0,0,0,0,proper,ff46d11
56001,34,3,0x000000002000007b,write,1,DENY,SLVERR,,0,0,0,0,proper,ff46d11
56001,35,4,0x0000000020000088,read,1,DENY,,SLVERR,0,0,0,0,proper,ff46d11
56001,36,5,0x0000000020000095,write,0,DENY,SLVERR,,0,0,0,0,proper,ff46d11
56001,37,6,0x00000000200000a2,read,1,DENY,,SLVERR,0,0,0,0,proper,ff46d11
56001,38,7,0x00000000200000af,write,1,DENY,SLVERR,,0,0,0,0,proper,ff46d11
56001,39,8,0x00000000200000bc,read,0,DENY,,SLVERR,0,0,0,0,proper,ff46d11
56001,40,9,0x00000000200000c9,write,1,DENY,SLVERR,,0,0,0,0,proper,ff46d11
56001,41,10,0x00000000200000d6,read,1,DENY,,SLVERR,0,0,0,0,proper,ff46d11
56001,42,11,0x00000000200000e3,write,0,DENY,SLVERR,,0,0,0,0,proper,ff46d11
56001,43,12,0x00000000200000f0,read,1,DENY,,SLVERR,0,0,0,0,proper,ff46d11
56001,44,13,0x00000000200000fd,write,1,DENY,SLVERR,,0,0,0,0,proper,ff46d11
56001,45,14,0x000000002000000a,read,0,DENY,,SLVERR,0,0,0,0,proper,ff46d11
56001,46,15,0x0000000020000017,write,1,DENY,SLVERR,,0,0,0,0,proper,ff46d11
56001,47,0,0x0000000020000024,read,1,DENY,,SLVERR,0,0,0,0,proper,ff46d11
56001,48,1,0x0000000020000031,write,0,DENY,SLVERR,,0,0,0,0,proper,ff46d11
56001,49,2,0x000000002000003e,read,1,DENY,,SLVERR,0,0,0,0,proper,ff46d11
56001,50,3,0x000000002000004b,write,1,DENY,SLVERR,,0,0,0,0,proper,ff46d11
56001,51,4,0x0000000020000058,read,0,DENY,,SLVERR,0,0,0,0,proper,ff46d11
56001,52,5,0x0000000020000065,write,1,DENY,SLVERR,,0,0,0,0,proper,ff46d11
56001,53,6,0x0000000020000072,read,1,DENY,,SLVERR,0,0,0,0,proper,ff46d11
56001,54,7,0x000000002000007f,write,0,DENY,SLVERR,,0,0,0,0,proper,ff46d11
56001,55,8,0x000000002000008c,read,1,DENY,,SLVERR,0,0,0,0,proper,ff46d11
56001,56,9,0x0000000020000099,write,1,DENY,SLVERR,,0,0,0,0,proper,ff46d11
56001,57,10,0x00000000200000a6,read,0,DENY,,SLVERR,0,0,0,0,proper,ff46d11
56001,58,11,0x00000000200000b3,write,1,DENY,SLVERR,,0,0,0,0,proper,ff46d11
56001,59,12,0x00000000200000c0,read,1,DENY,,SLVERR,0,0,0,0,proper,ff46d11
56001,60,13,0x00000000200000cd,write,0,DENY,SLVERR,,0,0,0,0,proper,ff46d11
56001,61,14,0x00000000200000da,read,1,DENY,,SLVERR,0,0,0,0,proper,ff46d11
56001,62,15,0x00000000200000e7,write,1,DENY,SLVERR,,0,0,0,0,proper,ff46d11
56001,63,0,0x00000000200000f4,read,0,DENY,,SLVERR,0,0,0,0,proper,ff46d11
56001,64,1,0x0000000020000001,write,1,DENY,SLVERR,,0,0,0,0,proper,ff46d11
56001,65,2,0x000000002000000e,read,1,DENY,,SLVERR,0,0,0,0,proper,ff46d11
56001,66,3,0x000000002000001b,write,0,DENY,SLVERR,,0,0,0,0,proper,ff46d11
56001,67,4,0x0000000020000028,read,1,DENY,,SLVERR,0,0,0,0,proper,ff46d11
56001,68,5,0x0000000020000035,write,1,DENY,SLVERR,,0,0,0,0,proper,ff46d11
56001,69,6,0x0000000020000042,read,0,DENY,,SLVERR,0,0,0,0,proper,ff46d11
56001,70,7,0x000000002000004f,write,1,DENY,SLVERR,,0,0,0,0,proper,ff46d11
56001,71,8,0x000000002000005c,read,1,DENY,,SLVERR,0,0,0,0,proper,ff46d11
56001,72,9,0x0000000020000069,write,0,DENY,SLVERR,,0,0,0,0,proper,ff46d11
56001,73,10,0x0000000020000076,read,1,DENY,,SLVERR,0,0,0,0,proper,ff46d11
56001,74,11,0x0000000020000083,write,1,DENY,SLVERR,,0,0,0,0,proper,ff46d11
56001,75,12,0x0000000020000090,read,0,DENY,,SLVERR,0,0,0,0,proper,ff46d11
56001,76,13,0x000000002000009d,write,1,DENY,SLVERR,,0,0,0,0,proper,ff46d11
56001,77,14,0x00000000200000aa,read,1,DENY,,SLVERR,0,0,0,0,proper,ff46d11
56001,78,15,0x00000000200000b7,write,0,DENY,SLVERR,,0,0,0,0,proper,ff46d11
56001,79,0,0x00000000200000c4,read,1,DENY,,SLVERR,0,0,0,0,proper,ff46d11
56001,80,1,0x00000000200000d1,write,1,DENY,SLVERR,,0,0,0,0,proper,ff46d11
56001,81,2,0x00000000200000de,read,0,DENY,,SLVERR,0,0,0,0,proper,ff46d11
56001,82,3,0x00000000200000eb,write,1,DENY,SLVERR,,0,0,0,0,proper,ff46d11
56001,83,4,0x00000000200000f8,read,1,DENY,,SLVERR,0,0,0,0,proper,ff46d11
56001,84,5,0x0000000020000005,write,0,DENY,SLVERR,,0,0,0,0,proper,ff46d11
56001,85,6,0x0000000020000012,read,1,DENY,,SLVERR,0,0,0,0,proper,ff46d11
56001,86,7,0x000000002000001f,write,1,DENY,SLVERR,,0,0,0,0,proper,ff46d11
56001,87,8,0x000000002000002c,read,0,DENY,,SLVERR,0,0,0,0,proper,ff46d11
56001,88,9,0x0000000020000039,write,1,DENY,SLVERR,,0,0,0,0,proper,ff46d11
56001,89,10,0x0000000020000046,read,1,DENY,,SLVERR,0,0,0,0,proper,ff46d11
56001,90,11,0x0000000020000053,write,0,DENY,SLVERR,,0,0,0,0,proper,ff46d11
56001,91,12,0x0000000020000060,read,1,DENY,,SLVERR,0,0,0,0,proper,ff46d11
56001,92,13,0x000000002000006d,write,1,DENY,SLVERR,,0,0,0,0,proper,ff46d11
56001,93,14,0x000000002000007a,read,0,DENY,,SLVERR,0,0,0,0,proper,ff46d11
56001,94,15,0x0000000020000087,write,1,DENY,SLVERR,,0,0,0,0,proper,ff46d11
56001,95,0,0x0000000020000094,read,1,DENY,,SLVERR,0,0,0,0,proper,ff46d11
56001,96,1,0x00000000200000a1,write,0,DENY,SLVERR,,0,0,0,0,proper,ff46d11
56001,97,2,0x00000000200000ae,read,1,DENY,,SLVERR,0,0,0,0,proper,ff46d11
56001,98,3,0x00000000200000bb,write,1,DENY,SLVERR,,0,0,0,0,proper,ff46d11
56001,99,4,0x00000000200000c8,read,0,DENY,,SLVERR,0,0,0,0,proper,ff46d11
56001,100,5,0x00000000200000d5,write,1,DENY,SLVERR,,0,0,0,0,proper,ff46d11
56001,101,6,0x00000000200000e2,read,1,DENY,,SLVERR,0,0,0,0,proper,ff46d11
56001,102,7,0x00000000200000ef,write,0,DENY,SLVERR,,0,0,0,0,proper,ff46d11
56001,103,8,0x00000000200000fc,read,1,DENY,,SLVERR,0,0,0,0,proper,ff46d11
56001,104,9,0x0000000020000009,write,1,DENY,SLVERR,,0,0,0,0,proper,ff46d11
56001,105,10,0x0000000020000016,read,0,DENY,,SLVERR,0,0,0,0,proper,ff46d11
56001,106,11,0x0000000020000023,write,1,DENY,SLVERR,,0,0,0,0,proper,ff46d11
56001,107,12,0x0000000020000030,read,1,DENY,,SLVERR,0,0,0,0,proper,ff46d11
56001,108,13,0x000000002000003d,write,0,DENY,SLVERR,,0,0,0,0,proper,ff46d11
56001,109,14,0x000000002000004a,read,1,DENY,,SLVERR,0,0,0,0,proper,ff46d11
56001,110,15,0x0000000020000057,write,1,DENY,SLVERR,,0,0,0,0,proper,ff46d11
56001,111,0,0x0000000020000064,read,0,DENY,,SLVERR,0,0,0,0,proper,ff46d11
56001,112,1,0x0000000020000071,write,1,DENY,SLVERR,,0,0,0,0,proper,ff46d11
56001,113,2,0x000000002000007e,read,1,DENY,,SLVERR,0,0,0,0,proper,ff46d11
56001,114,3,0x000000002000008b,write,0,DENY,SLVERR,,0,0,0,0,proper,ff46d11
56001,115,4,0x0000000020000098,read,1,DENY,,SLVERR,0,0,0,0,proper,ff46d11
56001,116,5,0x00000000200000a5,write,1,DENY,SLVERR,,0,0,0,0,proper,ff46d11
56001,117,6,0x00000000200000b2,read,0,DENY,,SLVERR,0,0,0,0,proper,ff46d11
56001,118,7,0x00000000200000bf,write,1,DENY,SLVERR,,0,0,0,0,proper,ff46d11
56001,119,8,0x00000000200000cc,read,1,DENY,,SLVERR,0,0,0,0,proper,ff46d11
56001,120,9,0x00000000200000d9,write,0,DENY,SLVERR,,0,0,0,0,proper,ff46d11
56001,121,10,0x00000000200000e6,read,1,DENY,,SLVERR,0,0,0,0,proper,ff46d11
56001,122,11,0x00000000200000f3,write,1,DENY,SLVERR,,0,0,0,0,proper,ff46d11
56001,123,12,0x0000000020000000,read,0,DENY,,SLVERR,0,0,0,0,proper,ff46d11
56001,124,13,0x000000002000000d,write,1,DENY,SLVERR,,0,0,0,0,proper,ff46d11
56001,125,14,0x000000002000001a,read,1,DENY,,SLVERR,0,0,0,0,proper,ff46d11
56001,126,15,0x0000000020000027,write,0,DENY,SLVERR,,0,0,0,0,proper,ff46d11
56001,127,0,0x0000000020000034,read,1,DENY,,SLVERR,0,0,0,0,proper,ff46d11
56001,128,1,0x0000000020000041,write,1,DENY,SLVERR,,0,0,0,0,proper,ff46d11
56001,129,2,0x000000002000004e,read,0,DENY,,SLVERR,0,0,0,0,proper,ff46d11
56001,130,3,0x000000002000005b,write,1,DENY,SLVERR,,0,0,0,0,proper,ff46d11
56001,131,4,0x0000000020000068,read,1,DENY,,SLVERR,0,0,0,0,proper,ff46d11
56001,132,5,0x0000000020000075,write,0,DENY,SLVERR,,0,0,0,0,proper,ff46d11
56001,133,6,0x0000000020000082,read,1,DENY,,SLVERR,0,0,0,0,proper,ff46d11
56001,134,7,0x000000002000008f,write,1,DENY,SLVERR,,0,0,0,0,proper,ff46d11
56001,135,8,0x000000002000009c,read,0,DENY,,SLVERR,0,0,0,0,proper,ff46d11
56001,136,9,0x00000000200000a9,write,1,DENY,SLVERR,,0,0,0,0,proper,ff46d11
56001,137,10,0x00000000200000b6,read,1,DENY,,SLVERR,0,0,0,0,proper,ff46d11
56001,138,11,0x00000000200000c3,write,0,DENY,SLVERR,,0,0,0,0,proper,ff46d11
56001,139,12,0x00000000200000d0,read,1,DENY,,SLVERR,0,0,0,0,proper,ff46d11
56001,140,13,0x00000000200000dd,write,1,DENY,SLVERR,,0,0,0,0,proper,ff46d11
56001,141,14,0x00000000200000ea,read,0,DENY,,SLVERR,0,0,0,0,proper,ff46d11
56001,142,15,0x00000000200000f7,write,1,DENY,SLVERR,,0,0,0,0,proper,ff46d11
56001,143,0,0x0000000020000004,read,1,DENY,,SLVERR,0,0,0,0,proper,ff46d11
56001,144,1,0x0000000020000011,write,0,DENY,SLVERR,,0,0,0,0,proper,ff46d11
56001,145,2,0x000000002000001e,read,1,DENY,,SLVERR,0,0,0,0,proper,ff46d11
56001,146,3,0x000000002000002b,write,1,DENY,SLVERR,,0,0,0,0,proper,ff46d11
56001,147,4,0x0000000020000038,read,0,DENY,,SLVERR,0,0,0,0,proper,ff46d11
56001,148,5,0x0000000020000045,write,1,DENY,SLVERR,,0,0,0,0,proper,ff46d11
56001,149,6,0x0000000020000052,read,1,DENY,,SLVERR,0,0,0,0,proper,ff46d11
56001,150,7,0x000000002000005f,write,0,DENY,SLVERR,,0,0,0,0,proper,ff46d11
56001,151,8,0x000000002000006c,read,1,DENY,,SLVERR,0,0,0,0,proper,ff46d11
56001,152,9,0x0000000020000079,write,1,DENY,SLVERR,,0,0,0,0,proper,ff46d11
56001,153,10,0x0000000020000086,read,0,DENY,,SLVERR,0,0,0,0,proper,ff46d11
56001,154,11,0x0000000020000093,write,1,DENY,SLVERR,,0,0,0,0,proper,ff46d11
56001,155,12,0x00000000200000a0,read,1,DENY,,SLVERR,0,0,0,0,proper,ff46d11
56001,156,13,0x00000000200000ad,write,0,DENY,SLVERR,,0,0,0,0,proper,ff46d11
56001,157,14,0x00000000200000ba,read,1,DENY,,SLVERR,0,0,0,0,proper,ff46d11
56001,158,15,0x00000000200000c7,write,1,DENY,SLVERR,,0,0,0,0,proper,ff46d11
56001,159,0,0x00000000200000d4,read,0,DENY,,SLVERR,0,0,0,0,proper,ff46d11
56001,160,1,0x00000000200000e1,write,1,DENY,SLVERR,,0,0,0,0,proper,ff46d11
56001,161,2,0x00000000200000ee,read,1,DENY,,SLVERR,0,0,0,0,proper,ff46d11
56001,162,3,0x00000000200000fb,write,0,DENY,SLVERR,,0,0,0,0,proper,ff46d11
56001,163,4,0x0000000020000008,read,1,DENY,,SLVERR,0,0,0,0,proper,ff46d11
56001,164,5,0x0000000020000015,write,1,DENY,SLVERR,,0,0,0,0,proper,ff46d11
56001,165,6,0x0000000020000022,read,0,DENY,,SLVERR,0,0,0,0,proper,ff46d11
56001,166,7,0x000000002000002f,write,1,DENY,SLVERR,,0,0,0,0,proper,ff46d11
56001,167,8,0x000000002000003c,read,1,DENY,,SLVERR,0,0,0,0,proper,ff46d11
56001,168,9,0x0000000020000049,write,0,DENY,SLVERR,,0,0,0,0,proper,ff46d11
56001,169,10,0x0000000020000056,read,1,DENY,,SLVERR,0,0,0,0,proper,ff46d11
56001,170,11,0x0000000020000063,write,1,DENY,SLVERR,,0,0,0,0,proper,ff46d11
56001,171,12,0x0000000020000070,read,0,DENY,,SLVERR,0,0,0,0,proper,ff46d11
56001,172,13,0x000000002000007d,write,1,DENY,SLVERR,,0,0,0,0,proper,ff46d11
56001,173,14,0x000000002000008a,read,1,DENY,,SLVERR,0,0,0,0,proper,ff46d11
56001,174,15,0x0000000020000097,write,0,DENY,SLVERR,,0,0,0,0,proper,ff46d11
56001,175,0,0x00000000200000a4,read,1,DENY,,SLVERR,0,0,0,0,proper,ff46d11
56001,176,1,0x00000000200000b1,write,1,DENY,SLVERR,,0,0,0,0,proper,ff46d11
56001,177,2,0x00000000200000be,read,0,DENY,,SLVERR,0,0,0,0,proper,ff46d11
56001,178,3,0x00000000200000cb,write,1,DENY,SLVERR,,0,0,0,0,proper,ff46d11
56001,179,4,0x00000000200000d8,read,1,DENY,,SLVERR,0,0,0,0,proper,ff46d11
56001,180,5,0x00000000200000e5,write,0,DENY,SLVERR,,0,0,0,0,proper,ff46d11
56001,181,6,0x00000000200000f2,read,1,DENY,,SLVERR,0,0,0,0,proper,ff46d11
56001,182,7,0x00000000200000ff,write,1,DENY,SLVERR,,0,0,0,0,proper,ff46d11
56001,183,8,0x000000002000000c,read,0,DENY,,SLVERR,0,0,0,0,proper,ff46d11
56001,184,9,0x0000000020000019,write,1,DENY,SLVERR,,0,0,0,0,proper,ff46d11
56001,185,10,0x0000000020000026,read,1,DENY,,SLVERR,0,0,0,0,proper,ff46d11
56001,186,11,0x0000000020000033,write,0,DENY,SLVERR,,0,0,0,0,proper,ff46d11
56001,187,12,0x0000000020000040,read,1,DENY,,SLVERR,0,0,0,0,proper,ff46d11
56001,188,13,0x000000002000004d,write,1,DENY,SLVERR,,0,0,0,0,proper,ff46d11
56001,189,14,0x000000002000005a,read,0,DENY,,SLVERR,0,0,0,0,proper,ff46d11
56001,190,15,0x0000000020000067,write,1,DENY,SLVERR,,0,0,0,0,proper,ff46d11
56001,191,0,0x0000000020000074,read,1,DENY,,SLVERR,0,0,0,0,proper,ff46d11
56001,192,1,0x0000000020000081,write,0,DENY,SLVERR,,0,0,0,0,proper,ff46d11
56001,193,2,0x000000002000008e,read,1,DENY,,SLVERR,0,0,0,0,proper,ff46d11
56001,194,3,0x000000002000009b,write,1,DENY,SLVERR,,0,0,0,0,proper,ff46d11
56001,195,4,0x00000000200000a8,read,0,DENY,,SLVERR,0,0,0,0,proper,ff46d11
56001,196,5,0x00000000200000b5,write,1,DENY,SLVERR,,0,0,0,0,proper,ff46d11
56001,197,6,0x00000000200000c2,read,1,DENY,,SLVERR,0,0,0,0,proper,ff46d11
56001,198,7,0x00000000200000cf,write,0,DENY,SLVERR,,0,0,0,0,proper,ff46d11
56001,199,8,0x00000000200000dc,read,1,DENY,,SLVERR,0,0,0,0,proper,ff46d11
56001,200,9,0x00000000200000e9,write,1,DENY,SLVERR,,0,0,0,0,proper,ff46d11
56001,201,10,0x00000000200000f6,read,0,DENY,,SLVERR,0,0,0,0,proper,ff46d11
56001,202,11,0x0000000020000003,write,1,DENY,SLVERR,,0,0,0,0,proper,ff46d11
56001,203,12,0x0000000020000010,read,1,DENY,,SLVERR,0,0,0,0,proper,ff46d11
56001,204,13,0x000000002000001d,write,0,DENY,SLVERR,,0,0,0,0,proper,ff46d11
56001,205,14,0x000000002000002a,read,1,DENY,,SLVERR,0,0,0,0,proper,ff46d11
56001,206,15,0x0000000020000037,write,1,DENY,SLVERR,,0,0,0,0,proper,ff46d11
56001,207,0,0x0000000020000044,read,0,DENY,,SLVERR,0,0,0,0,proper,ff46d11
56001,208,1,0x0000000020000051,write,1,DENY,SLVERR,,0,0,0,0,proper,ff46d11
56001,209,2,0x000000002000005e,read,1,DENY,,SLVERR,0,0,0,0,proper,ff46d11
56001,210,3,0x000000002000006b,write,0,DENY,SLVERR,,0,0,0,0,proper,ff46d11
56001,211,4,0x0000000020000078,read,1,DENY,,SLVERR,0,0,0,0,proper,ff46d11
56001,212,5,0x0000000020000085,write,1,DENY,SLVERR,,0,0,0,0,proper,ff46d11
56001,213,6,0x0000000020000092,read,0,DENY,,SLVERR,0,0,0,0,proper,ff46d11
56001,214,7,0x000000002000009f,write,1,DENY,SLVERR,,0,0,0,0,proper,ff46d11
56001,215,8,0x00000000200000ac,read,1,DENY,,SLVERR,0,0,0,0,proper,ff46d11
56001,216,9,0x00000000200000b9,write,0,DENY,SLVERR,,0,0,0,0,proper,ff46d11
56001,217,10,0x00000000200000c6,read,1,DENY,,SLVERR,0,0,0,0,proper,ff46d11
56001,218,11,0x00000000200000d3,write,1,DENY,SLVERR,,0,0,0,0,proper,ff46d11
56001,219,12,0x00000000200000e0,read,0,DENY,,SLVERR,0,0,0,0,proper,ff46d11
56001,220,13,0x00000000200000ed,write,1,DENY,SLVERR,,0,0,0,0,proper,ff46d11
56001,221,14,0x00000000200000fa,read,1,DENY,,SLVERR,0,0,0,0,proper,ff46d11
56001,222,15,0x0000000020000007,write,0,DENY,SLVERR,,0,0,0,0,proper,ff46d11
56001,223,0,0x0000000020000014,read,1,DENY,,SLVERR,0,0,0,0,proper,ff46d11
56001,224,1,0x0000000020000021,write,1,DENY,SLVERR,,0,0,0,0,proper,ff46d11
56001,225,2,0x000000002000002e,read,0,DENY,,SLVERR,0,0,0,0,proper,ff46d11
56001,226,3,0x000000002000003b,write,1,DENY,SLVERR,,0,0,0,0,proper,ff46d11
56001,227,4,0x0000000020000048,read,1,DENY,,SLVERR,0,0,0,0,proper,ff46d11
56001,228,5,0x0000000020000055,write,0,DENY,SLVERR,,0,0,0,0,proper,ff46d11
56001,229,6,0x0000000020000062,read,1,DENY,,SLVERR,0,0,0,0,proper,ff46d11
56001,230,7,0x000000002000006f,write,1,DENY,SLVERR,,0,0,0,0,proper,ff46d11
56001,231,8,0x000000002000007c,read,0,DENY,,SLVERR,0,0,0,0,proper,ff46d11
56001,232,9,0x0000000020000089,write,1,DENY,SLVERR,,0,0,0,0,proper,ff46d11
56001,233,10,0x0000000020000096,read,1,DENY,,SLVERR,0,0,0,0,proper,ff46d11
56001,234,11,0x00000000200000a3,write,0,DENY,SLVERR,,0,0,0,0,proper,ff46d11
56001,235,12,0x00000000200000b0,read,1,DENY,,SLVERR,0,0,0,0,proper,ff46d11
56001,236,13,0x00000000200000bd,write,1,DENY,SLVERR,,0,0,0,0,proper,ff46d11
56001,237,14,0x00000000200000ca,read,0,DENY,,SLVERR,0,0,0,0,proper,ff46d11
56001,238,15,0x00000000200000d7,write,1,DENY,SLVERR,,0,0,0,0,proper,ff46d11
56001,239,0,0x00000000200000e4,read,1,DENY,,SLVERR,0,0,0,0,proper,ff46d11
56001,240,1,0x00000000200000f1,write,0,DENY,SLVERR,,0,0,0,0,proper,ff46d11
56001,241,2,0x00000000200000fe,read,1,DENY,,SLVERR,0,0,0,0,proper,ff46d11
56001,242,3,0x000000002000000b,write,1,DENY,SLVERR,,0,0,0,0,proper,ff46d11
56001,243,4,0x0000000020000018,read,0,DENY,,SLVERR,0,0,0,0,proper,ff46d11
56001,244,5,0x0000000020000025,write,1,DENY,SLVERR,,0,0,0,0,proper,ff46d11
56001,245,6,0x0000000020000032,read,1,DENY,,SLVERR,0,0,0,0,proper,ff46d11
56001,246,7,0x000000002000003f,write,0,DENY,SLVERR,,0,0,0,0,proper,ff46d11
56001,247,8,0x000000002000004c,read,1,DENY,,SLVERR,0,0,0,0,proper,ff46d11
56001,248,9,0x0000000020000059,write,1,DENY,SLVERR,,0,0,0,0,proper,ff46d11
56001,249,10,0x0000000020000066,read,0,DENY,,SLVERR,0,0,0,0,proper,ff46d11
56001,250,11,0x0000000020000073,write,1,DENY,SLVERR,,0,0,0,0,proper,ff46d11
56001,251,12,0x0000000020000080,read,1,DENY,,SLVERR,0,0,0,0,proper,ff46d11
56001,252,13,0x000000002000008d,write,0,DENY,SLVERR,,0,0,0,0,proper,ff46d11
56001,253,14,0x000000002000009a,read,1,DENY,,SLVERR,0,0,0,0,proper,ff46d11
56001,254,15,0x00000000200000a7,write,1,DENY,SLVERR,,0,0,0,0,proper,ff46d11
56001,255,0,0x00000000200000b4,read,0,DENY,,SLVERR,0,0,0,0,proper,ff46d11
56001,256,1,0x00000000200000c1,write,1,DENY,SLVERR,,0,0,0,0,proper,ff46d11
56001,257,2,0x00000000200000ce,read,1,DENY,,SLVERR,0,0,0,0,proper,ff46d11
56001,258,3,0x00000000200000db,write,0,DENY,SLVERR,,0,0,0,0,proper,ff46d11
56001,259,4,0x00000000200000e8,read,1,DENY,,SLVERR,0,0,0,0,proper,ff46d11
56001,260,5,0x00000000200000f5,write,1,DENY,SLVERR,,0,0,0,0,proper,ff46d11
56001,261,6,0x0000000020000002,read,0,DENY,,SLVERR,0,0,0,0,proper,ff46d11
56001,262,7,0x000000002000000f,write,1,DENY,SLVERR,,0,0,0,0,proper,ff46d11
56001,263,8,0x000000002000001c,read,1,DENY,,SLVERR,0,0,0,0,proper,ff46d11
56001,264,9,0x0000000020000029,write,0,DENY,SLVERR,,0,0,0,0,proper,ff46d11
56001,265,10,0x0000000020000036,read,1,DENY,,SLVERR,0,0,0,0,proper,ff46d11
56001,266,11,0x0000000020000043,write,1,DENY,SLVERR,,0,0,0,0,proper,ff46d11
56001,267,12,0x0000000020000050,read,0,DENY,,SLVERR,0,0,0,0,proper,ff46d11
56001,268,13,0x000000002000005d,write,1,DENY,SLVERR,,0,0,0,0,proper,ff46d11
56001,269,14,0x000000002000006a,read,1,DENY,,SLVERR,0,0,0,0,proper,ff46d11
56001,270,15,0x0000000020000077,write,0,DENY,SLVERR,,0,0,0,0,proper,ff46d11
56001,271,0,0x0000000020000084,read,1,DENY,,SLVERR,0,0,0,0,proper,ff46d11
56001,272,1,0x0000000020000091,write,1,DENY,SLVERR,,0,0,0,0,proper,ff46d11
56001,273,2,0x000000002000009e,read,0,DENY,,SLVERR,0,0,0,0,proper,ff46d11
56001,274,3,0x00000000200000ab,write,1,DENY,SLVERR,,0,0,0,0,proper,ff46d11
56001,275,4,0x00000000200000b8,read,1,DENY,,SLVERR,0,0,0,0,proper,ff46d11
56001,276,5,0x00000000200000c5,write,0,DENY,SLVERR,,0,0,0,0,proper,ff46d11
56001,277,6,0x00000000200000d2,read,1,DENY,,SLVERR,0,0,0,0,proper,ff46d11
56001,278,7,0x00000000200000df,write,1,DENY,SLVERR,,0,0,0,0,proper,ff46d11
56001,279,8,0x00000000200000ec,read,0,DENY,,SLVERR,0,0,0,0,proper,ff46d11
56001,280,9,0x00000000200000f9,write,1,DENY,SLVERR,,0,0,0,0,proper,ff46d11
56001,281,10,0x0000000020000006,read,1,DENY,,SLVERR,0,0,0,0,proper,ff46d11
56001,282,11,0x0000000020000013,write,0,DENY,SLVERR,,0,0,0,0,proper,ff46d11
56001,283,12,0x0000000020000020,read,1,DENY,,SLVERR,0,0,0,0,proper,ff46d11
56001,284,13,0x000000002000002d,write,1,DENY,SLVERR,,0,0,0,0,proper,ff46d11
56001,285,14,0x000000002000003a,read,0,DENY,,SLVERR,0,0,0,0,proper,ff46d11
56001,286,15,0x0000000020000047,write,1,DENY,SLVERR,,0,0,0,0,proper,ff46d11
56001,287,0,0x0000000020000054,read,1,DENY,,SLVERR,0,0,0,0,proper,ff46d11
56001,288,1,0x0000000020000061,write,0,DENY,SLVERR,,0,0,0,0,proper,ff46d11
56001,289,2,0x000000002000006e,read,1,DENY,,SLVERR,0,0,0,0,proper,ff46d11
56001,290,3,0x000000002000007b,write,1,DENY,SLVERR,,0,0,0,0,proper,ff46d11
56001,291,4,0x0000000020000088,read,0,DENY,,SLVERR,0,0,0,0,proper,ff46d11
56001,292,5,0x0000000020000095,write,1,DENY,SLVERR,,0,0,0,0,proper,ff46d11
56001,293,6,0x00000000200000a2,read,1,DENY,,SLVERR,0,0,0,0,proper,ff46d11
56001,294,7,0x00000000200000af,write,0,DENY,SLVERR,,0,0,0,0,proper,ff46d11
56001,295,8,0x00000000200000bc,read,1,DENY,,SLVERR,0,0,0,0,proper,ff46d11
56001,296,9,0x00000000200000c9,write,1,DENY,SLVERR,,0,0,0,0,proper,ff46d11
56001,297,10,0x00000000200000d6,read,0,DENY,,SLVERR,0,0,0,0,proper,ff46d11
56001,298,11,0x00000000200000e3,write,1,DENY,SLVERR,,0,0,0,0,proper,ff46d11
56001,299,12,0x00000000200000f0,read,1,DENY,,SLVERR,0,0,0,0,proper,ff46d11
56001,300,13,0x00000000200000fd,write,0,DENY,SLVERR,,0,0,0,0,proper,ff46d11
56001,301,14,0x000000002000000a,read,1,DENY,,SLVERR,0,0,0,0,proper,ff46d11
56001,302,15,0x0000000020000017,write,1,DENY,SLVERR,,0,0,0,0,proper,ff46d11
56001,303,0,0x0000000020000024,read,0,DENY,,SLVERR,0,0,0,0,proper,ff46d11
56001,304,1,0x0000000020000031,write,1,DENY,SLVERR,,0,0,0,0,proper,ff46d11
56001,305,2,0x000000002000003e,read,1,DENY,,SLVERR,0,0,0,0,proper,ff46d11
56001,306,3,0x000000002000004b,write,0,DENY,SLVERR,,0,0,0,0,proper,ff46d11
56001,307,4,0x0000000020000058,read,1,DENY,,SLVERR,0,0,0,0,proper,ff46d11
56001,308,5,0x0000000020000065,write,1,DENY,SLVERR,,0,0,0,0,proper,ff46d11
56001,309,6,0x0000000020000072,read,0,DENY,,SLVERR,0,0,0,0,proper,ff46d11
56001,310,7,0x000000002000007f,write,1,DENY,SLVERR,,0,0,0,0,proper,ff46d11
56001,311,8,0x000000002000008c,read,1,DENY,,SLVERR,0,0,0,0,proper,ff46d11
56001,312,9,0x0000000020000099,write,0,DENY,SLVERR,,0,0,0,0,proper,ff46d11
56001,313,10,0x00000000200000a6,read,1,DENY,,SLVERR,0,0,0,0,proper,ff46d11
56001,314,11,0x00000000200000b3,write,1,DENY,SLVERR,,0,0,0,0,proper,ff46d11
56001,315,12,0x00000000200000c0,read,0,DENY,,SLVERR,0,0,0,0,proper,ff46d11
56001,316,13,0x00000000200000cd,write,1,DENY,SLVERR,,0,0,0,0,proper,ff46d11
56001,317,14,0x00000000200000da,read,1,DENY,,SLVERR,0,0,0,0,proper,ff46d11
56001,318,15,0x00000000200000e7,write,0,DENY,SLVERR,,0,0,0,0,proper,ff46d11
56001,319,0,0x00000000200000f4,read,1,DENY,,SLVERR,0,0,0,0,proper,ff46d11
56001,320,1,0x0000000020000001,write,1,DENY,SLVERR,,0,0,0,0,proper,ff46d11
56001,321,2,0x000000002000000e,read,0,DENY,,SLVERR,0,0,0,0,proper,ff46d11
56001,322,3,0x000000002000001b,write,1,DENY,SLVERR,,0,0,0,0,proper,ff46d11
56001,323,4,0x0000000020000028,read,1,DENY,,SLVERR,0,0,0,0,proper,ff46d11
56001,324,5,0x0000000020000035,write,0,DENY,SLVERR,,0,0,0,0,proper,ff46d11
56001,325,6,0x0000000020000042,read,1,DENY,,SLVERR,0,0,0,0,proper,ff46d11
56001,326,7,0x000000002000004f,write,1,DENY,SLVERR,,0,0,0,0,proper,ff46d11
56001,327,8,0x000000002000005c,read,0,DENY,,SLVERR,0,0,0,0,proper,ff46d11
56001,328,9,0x0000000020000069,write,1,DENY,SLVERR,,0,0,0,0,proper,ff46d11
56001,329,10,0x0000000020000076,read,1,DENY,,SLVERR,0,0,0,0,proper,ff46d11
56001,330,11,0x0000000020000083,write,0,DENY,SLVERR,,0,0,0,0,proper,ff46d11
56001,331,12,0x0000000020000090,read,1,DENY,,SLVERR,0,0,0,0,proper,ff46d11
56001,332,13,0x000000002000009d,write,1,DENY,SLVERR,,0,0,0,0,proper,ff46d11
56001,333,14,0x00000000200000aa,read,0,DENY,,SLVERR,0,0,0,0,proper,ff46d11
56001,334,15,0x00000000200000b7,write,1,DENY,SLVERR,,0,0,0,0,proper,ff46d11
56001,335,0,0x00000000200000c4,read,1,DENY,,SLVERR,0,0,0,0,proper,ff46d11
56001,336,1,0x00000000200000d1,write,0,DENY,SLVERR,,0,0,0,0,proper,ff46d11
56001,337,2,0x00000000200000de,read,1,DENY,,SLVERR,0,0,0,0,proper,ff46d11
56001,338,3,0x00000000200000eb,write,1,DENY,SLVERR,,0,0,0,0,proper,ff46d11
56001,339,4,0x00000000200000f8,read,0,DENY,,SLVERR,0,0,0,0,proper,ff46d11
56001,340,5,0x0000000020000005,write,1,DENY,SLVERR,,0,0,0,0,proper,ff46d11
56001,341,6,0x0000000020000012,read,1,DENY,,SLVERR,0,0,0,0,proper,ff46d11
56001,342,7,0x000000002000001f,write,0,DENY,SLVERR,,0,0,0,0,proper,ff46d11
56001,343,8,0x000000002000002c,read,1,DENY,,SLVERR,0,0,0,0,proper,ff46d11
56001,344,9,0x0000000020000039,write,1,DENY,SLVERR,,0,0,0,0,proper,ff46d11
56001,345,10,0x0000000020000046,read,0,DENY,,SLVERR,0,0,0,0,proper,ff46d11
56001,346,11,0x0000000020000053,write,1,DENY,SLVERR,,0,0,0,0,proper,ff46d11
56001,347,12,0x0000000020000060,read,1,DENY,,SLVERR,0,0,0,0,proper,ff46d11
56001,348,13,0x000000002000006d,write,0,DENY,SLVERR,,0,0,0,0,proper,ff46d11
56001,349,14,0x000000002000007a,read,1,DENY,,SLVERR,0,0,0,0,proper,ff46d11
56001,350,15,0x0000000020000087,write,1,DENY,SLVERR,,0,0,0,0,proper,ff46d11
56001,351,0,0x0000000020000094,read,0,DENY,,SLVERR,0,0,0,0,proper,ff46d11
56001,352,1,0x00000000200000a1,write,1,DENY,SLVERR,,0,0,0,0,proper,ff46d11
56001,353,2,0x00000000200000ae,read,1,DENY,,SLVERR,0,0,0,0,proper,ff46d11
56001,354,3,0x00000000200000bb,write,0,DENY,SLVERR,,0,0,0,0,proper,ff46d11
56001,355,4,0x00000000200000c8,read,1,DENY,,SLVERR,0,0,0,0,proper,ff46d11
56001,356,5,0x00000000200000d5,write,1,DENY,SLVERR,,0,0,0,0,proper,ff46d11
56001,357,6,0x00000000200000e2,read,0,DENY,,SLVERR,0,0,0,0,proper,ff46d11
56001,358,7,0x00000000200000ef,write,1,DENY,SLVERR,,0,0,0,0,proper,ff46d11
56001,359,8,0x00000000200000fc,read,1,DENY,,SLVERR,0,0,0,0,proper,ff46d11
56001,360,9,0x0000000020000009,write,0,DENY,SLVERR,,0,0,0,0,proper,ff46d11
56001,361,10,0x0000000020000016,read,1,DENY,,SLVERR,0,0,0,0,proper,ff46d11
56001,362,11,0x0000000020000023,write,1,DENY,SLVERR,,0,0,0,0,proper,ff46d11
56001,363,12,0x0000000020000030,read,0,DENY,,SLVERR,0,0,0,0,proper,ff46d11
56001,364,13,0x000000002000003d,write,1,DENY,SLVERR,,0,0,0,0,proper,ff46d11
56001,365,14,0x000000002000004a,read,1,DENY,,SLVERR,0,0,0,0,proper,ff46d11
56001,366,15,0x0000000020000057,write,0,DENY,SLVERR,,0,0,0,0,proper,ff46d11
56001,367,0,0x0000000020000064,read,1,DENY,,SLVERR,0,0,0,0,proper,ff46d11
56001,368,1,0x0000000020000071,write,1,DENY,SLVERR,,0,0,0,0,proper,ff46d11
56001,369,2,0x000000002000007e,read,0,DENY,,SLVERR,0,0,0,0,proper,ff46d11
56001,370,3,0x000000002000008b,write,1,DENY,SLVERR,,0,0,0,0,proper,ff46d11
56001,371,4,0x0000000020000098,read,1,DENY,,SLVERR,0,0,0,0,proper,ff46d11
56001,372,5,0x00000000200000a5,write,0,DENY,SLVERR,,0,0,0,0,proper,ff46d11
56001,373,6,0x00000000200000b2,read,1,DENY,,SLVERR,0,0,0,0,proper,ff46d11
56001,374,7,0x00000000200000bf,write,1,DENY,SLVERR,,0,0,0,0,proper,ff46d11
56001,375,8,0x00000000200000cc,read,0,DENY,,SLVERR,0,0,0,0,proper,ff46d11
56001,376,9,0x00000000200000d9,write,1,DENY,SLVERR,,0,0,0,0,proper,ff46d11
56001,377,10,0x00000000200000e6,read,1,DENY,,SLVERR,0,0,0,0,proper,ff46d11
56001,378,11,0x00000000200000f3,write,0,DENY,SLVERR,,0,0,0,0,proper,ff46d11
56001,379,12,0x0000000020000000,read,1,DENY,,SLVERR,0,0,0,0,proper,ff46d11
56001,380,13,0x000000002000000d,write,1,DENY,SLVERR,,0,0,0,0,proper,ff46d11
56001,381,14,0x000000002000001a,read,0,DENY,,SLVERR,0,0,0,0,proper,ff46d11
56001,382,15,0x0000000020000027,write,1,DENY,SLVERR,,0,0,0,0,proper,ff46d11
56001,383,0,0x0000000020000034,read,1,DENY,,SLVERR,0,0,0,0,proper,ff46d11
56001,384,1,0x0000000020000041,write,0,DENY,SLVERR,,0,0,0,0,proper,ff46d11
56001,385,2,0x000000002000004e,read,1,DENY,,SLVERR,0,0,0,0,proper,ff46d11
56001,386,3,0x000000002000005b,write,1,DENY,SLVERR,,0,0,0,0,proper,ff46d11
56001,387,4,0x0000000020000068,read,0,DENY,,SLVERR,0,0,0,0,proper,ff46d11
56001,388,5,0x0000000020000075,write,1,DENY,SLVERR,,0,0,0,0,proper,ff46d11
56001,389,6,0x0000000020000082,read,1,DENY,,SLVERR,0,0,0,0,proper,ff46d11
56001,390,7,0x000000002000008f,write,0,DENY,SLVERR,,0,0,0,0,proper,ff46d11
56001,391,8,0x000000002000009c,read,1,DENY,,SLVERR,0,0,0,0,proper,ff46d11
56001,392,9,0x00000000200000a9,write,1,DENY,SLVERR,,0,0,0,0,proper,ff46d11
56001,393,10,0x00000000200000b6,read,0,DENY,,SLVERR,0,0,0,0,proper,ff46d11
56001,394,11,0x00000000200000c3,write,1,DENY,SLVERR,,0,0,0,0,proper,ff46d11
56001,395,12,0x00000000200000d0,read,1,DENY,,SLVERR,0,0,0,0,proper,ff46d11
56001,396,13,0x00000000200000dd,write,0,DENY,SLVERR,,0,0,0,0,proper,ff46d11
56001,397,14,0x00000000200000ea,read,1,DENY,,SLVERR,0,0,0,0,proper,ff46d11
56001,398,15,0x00000000200000f7,write,1,DENY,SLVERR,,0,0,0,0,proper,ff46d11
56001,399,0,0x0000000020000004,read,0,DENY,,SLVERR,0,0,0,0,proper,ff46d11
56001,400,1,0x0000000020000011,write,1,DENY,SLVERR,,0,0,0,0,proper,ff46d11
56001,401,2,0x000000002000001e,read,1,DENY,,SLVERR,0,0,0,0,proper,ff46d11
56001,402,3,0x000000002000002b,write,0,DENY,SLVERR,,0,0,0,0,proper,ff46d11
56001,403,4,0x0000000020000038,read,1,DENY,,SLVERR,0,0,0,0,proper,ff46d11
56001,404,5,0x0000000020000045,write,1,DENY,SLVERR,,0,0,0,0,proper,ff46d11
56001,405,6,0x0000000020000052,read,0,DENY,,SLVERR,0,0,0,0,proper,ff46d11
56001,406,7,0x000000002000005f,write,1,DENY,SLVERR,,0,0,0,0,proper,ff46d11
56001,407,8,0x000000002000006c,read,1,DENY,,SLVERR,0,0,0,0,proper,ff46d11
56001,408,9,0x0000000020000079,write,0,DENY,SLVERR,,0,0,0,0,proper,ff46d11
56001,409,10,0x0000000020000086,read,1,DENY,,SLVERR,0,0,0,0,proper,ff46d11
56001,410,11,0x0000000020000093,write,1,DENY,SLVERR,,0,0,0,0,proper,ff46d11
56001,411,12,0x00000000200000a0,read,0,DENY,,SLVERR,0,0,0,0,proper,ff46d11
56001,412,13,0x00000000200000ad,write,1,DENY,SLVERR,,0,0,0,0,proper,ff46d11
56001,413,14,0x00000000200000ba,read,1,DENY,,SLVERR,0,0,0,0,proper,ff46d11
56001,414,15,0x00000000200000c7,write,0,DENY,SLVERR,,0,0,0,0,proper,ff46d11
56001,415,0,0x00000000200000d4,read,1,DENY,,SLVERR,0,0,0,0,proper,ff46d11
56001,416,1,0x00000000200000e1,write,1,DENY,SLVERR,,0,0,0,0,proper,ff46d11
56001,417,2,0x00000000200000ee,read,0,DENY,,SLVERR,0,0,0,0,proper,ff46d11
56001,418,3,0x00000000200000fb,write,1,DENY,SLVERR,,0,0,0,0,proper,ff46d11
56001,419,4,0x0000000020000008,read,1,DENY,,SLVERR,0,0,0,0,proper,ff46d11
56001,420,5,0x0000000020000015,write,0,DENY,SLVERR,,0,0,0,0,proper,ff46d11
56001,421,6,0x0000000020000022,read,1,DENY,,SLVERR,0,0,0,0,proper,ff46d11
56001,422,7,0x000000002000002f,write,1,DENY,SLVERR,,0,0,0,0,proper,ff46d11
56001,423,8,0x000000002000003c,read,0,DENY,,SLVERR,0,0,0,0,proper,ff46d11
56001,424,9,0x0000000020000049,write,1,DENY,SLVERR,,0,0,0,0,proper,ff46d11
56001,425,10,0x0000000020000056,read,1,DENY,,SLVERR,0,0,0,0,proper,ff46d11
56001,426,11,0x0000000020000063,write,0,DENY,SLVERR,,0,0,0,0,proper,ff46d11
56001,427,12,0x0000000020000070,read,1,DENY,,SLVERR,0,0,0,0,proper,ff46d11
56001,428,13,0x000000002000007d,write,1,DENY,SLVERR,,0,0,0,0,proper,ff46d11
56001,429,14,0x000000002000008a,read,0,DENY,,SLVERR,0,0,0,0,proper,ff46d11
56001,430,15,0x0000000020000097,write,1,DENY,SLVERR,,0,0,0,0,proper,ff46d11
56001,431,0,0x00000000200000a4,read,1,DENY,,SLVERR,0,0,0,0,proper,ff46d11
56001,432,1,0x00000000200000b1,write,0,DENY,SLVERR,,0,0,0,0,proper,ff46d11
56001,433,2,0x00000000200000be,read,1,DENY,,SLVERR,0,0,0,0,proper,ff46d11
56001,434,3,0x00000000200000cb,write,1,DENY,SLVERR,,0,0,0,0,proper,ff46d11
56001,435,4,0x00000000200000d8,read,0,DENY,,SLVERR,0,0,0,0,proper,ff46d11
56001,436,5,0x00000000200000e5,write,1,DENY,SLVERR,,0,0,0,0,proper,ff46d11
56001,437,6,0x00000000200000f2,read,1,DENY,,SLVERR,0,0,0,0,proper,ff46d11
56001,438,7,0x00000000200000ff,write,0,DENY,SLVERR,,0,0,0,0,proper,ff46d11
56001,439,8,0x000000002000000c,read,1,DENY,,SLVERR,0,0,0,0,proper,ff46d11
56001,440,9,0x0000000020000019,write,1,DENY,SLVERR,,0,0,0,0,proper,ff46d11
56001,441,10,0x0000000020000026,read,0,DENY,,SLVERR,0,0,0,0,proper,ff46d11
56001,442,11,0x0000000020000033,write,1,DENY,SLVERR,,0,0,0,0,proper,ff46d11
56001,443,12,0x0000000020000040,read,1,DENY,,SLVERR,0,0,0,0,proper,ff46d11
56001,444,13,0x000000002000004d,write,0,DENY,SLVERR,,0,0,0,0,proper,ff46d11
56001,445,14,0x000000002000005a,read,1,DENY,,SLVERR,0,0,0,0,proper,ff46d11
56001,446,15,0x0000000020000067,write,1,DENY,SLVERR,,0,0,0,0,proper,ff46d11
56001,447,0,0x0000000020000074,read,0,DENY,,SLVERR,0,0,0,0,proper,ff46d11
56001,448,1,0x0000000020000081,write,1,DENY,SLVERR,,0,0,0,0,proper,ff46d11
56001,449,2,0x000000002000008e,read,1,DENY,,SLVERR,0,0,0,0,proper,ff46d11
56001,450,3,0x000000002000009b,write,0,DENY,SLVERR,,0,0,0,0,proper,ff46d11
56001,451,4,0x00000000200000a8,read,1,DENY,,SLVERR,0,0,0,0,proper,ff46d11
56001,452,5,0x00000000200000b5,write,1,DENY,SLVERR,,0,0,0,0,proper,ff46d11
56001,453,6,0x00000000200000c2,read,0,DENY,,SLVERR,0,0,0,0,proper,ff46d11
56001,454,7,0x00000000200000cf,write,1,DENY,SLVERR,,0,0,0,0,proper,ff46d11
56001,455,8,0x00000000200000dc,read,1,DENY,,SLVERR,0,0,0,0,proper,ff46d11
56001,456,9,0x00000000200000e9,write,0,DENY,SLVERR,,0,0,0,0,proper,ff46d11
56001,457,10,0x00000000200000f6,read,1,DENY,,SLVERR,0,0,0,0,proper,ff46d11
56001,458,11,0x0000000020000003,write,1,DENY,SLVERR,,0,0,0,0,proper,ff46d11
56001,459,12,0x0000000020000010,read,0,DENY,,SLVERR,0,0,0,0,proper,ff46d11
56001,460,13,0x000000002000001d,write,1,DENY,SLVERR,,0,0,0,0,proper,ff46d11
56001,461,14,0x000000002000002a,read,1,DENY,,SLVERR,0,0,0,0,proper,ff46d11
56001,462,15,0x0000000020000037,write,0,DENY,SLVERR,,0,0,0,0,proper,ff46d11
56001,463,0,0x0000000020000044,read,1,DENY,,SLVERR,0,0,0,0,proper,ff46d11
56001,464,1,0x0000000020000051,write,1,DENY,SLVERR,,0,0,0,0,proper,ff46d11
56001,465,2,0x000000002000005e,read,0,DENY,,SLVERR,0,0,0,0,proper,ff46d11
56001,466,3,0x000000002000006b,write,1,DENY,SLVERR,,0,0,0,0,proper,ff46d11
56001,467,4,0x0000000020000078,read,1,DENY,,SLVERR,0,0,0,0,proper,ff46d11
56001,468,5,0x0000000020000085,write,0,DENY,SLVERR,,0,0,0,0,proper,ff46d11
56001,469,6,0x0000000020000092,read,1,DENY,,SLVERR,0,0,0,0,proper,ff46d11
56001,470,7,0x000000002000009f,write,1,DENY,SLVERR,,0,0,0,0,proper,ff46d11
56001,471,8,0x00000000200000ac,read,0,DENY,,SLVERR,0,0,0,0,proper,ff46d11
56001,472,9,0x00000000200000b9,write,1,DENY,SLVERR,,0,0,0,0,proper,ff46d11
56001,473,10,0x00000000200000c6,read,1,DENY,,SLVERR,0,0,0,0,proper,ff46d11
56001,474,11,0x00000000200000d3,write,0,DENY,SLVERR,,0,0,0,0,proper,ff46d11
56001,475,12,0x00000000200000e0,read,1,DENY,,SLVERR,0,0,0,0,proper,ff46d11
56001,476,13,0x00000000200000ed,write,1,DENY,SLVERR,,0,0,0,0,proper,ff46d11
56001,477,14,0x00000000200000fa,read,0,DENY,,SLVERR,0,0,0,0,proper,ff46d11
56001,478,15,0x0000000020000007,write,1,DENY,SLVERR,,0,0,0,0,proper,ff46d11
56001,479,0,0x0000000020000014,read,1,DENY,,SLVERR,0,0,0,0,proper,ff46d11
56001,480,1,0x0000000020000021,write,0,DENY,SLVERR,,0,0,0,0,proper,ff46d11
56001,481,2,0x000000002000002e,read,1,DENY,,SLVERR,0,0,0,0,proper,ff46d11
56001,482,3,0x000000002000003b,write,1,DENY,SLVERR,,0,0,0,0,proper,ff46d11
56001,483,4,0x0000000020000048,read,0,DENY,,SLVERR,0,0,0,0,proper,ff46d11
56001,484,5,0x0000000020000055,write,1,DENY,SLVERR,,0,0,0,0,proper,ff46d11
56001,485,6,0x0000000020000062,read,1,DENY,,SLVERR,0,0,0,0,proper,ff46d11
56001,486,7,0x000000002000006f,write,0,DENY,SLVERR,,0,0,0,0,proper,ff46d11
56001,487,8,0x000000002000007c,read,1,DENY,,SLVERR,0,0,0,0,proper,ff46d11
56001,488,9,0x0000000020000089,write,1,DENY,SLVERR,,0,0,0,0,proper,ff46d11
56001,489,10,0x0000000020000096,read,0,DENY,,SLVERR,0,0,0,0,proper,ff46d11
56001,490,11,0x00000000200000a3,write,1,DENY,SLVERR,,0,0,0,0,proper,ff46d11
56001,491,12,0x00000000200000b0,read,1,DENY,,SLVERR,0,0,0,0,proper,ff46d11
56001,492,13,0x00000000200000bd,write,0,DENY,SLVERR,,0,0,0,0,proper,ff46d11
56001,493,14,0x00000000200000ca,read,1,DENY,,SLVERR,0,0,0,0,proper,ff46d11
56001,494,15,0x00000000200000d7,write,1,DENY,SLVERR,,0,0,0,0,proper,ff46d11
56001,495,0,0x00000000200000e4,read,0,DENY,,SLVERR,0,0,0,0,proper,ff46d11
56001,496,1,0x00000000200000f1,write,1,DENY,SLVERR,,0,0,0,0,proper,ff46d11
56001,497,2,0x00000000200000fe,read,1,DENY,,SLVERR,0,0,0,0,proper,ff46d11
56001,498,3,0x000000002000000b,write,0,DENY,SLVERR,,0,0,0,0,proper,ff46d11
56001,499,4,0x0000000020000018,read,1,DENY,,SLVERR,0,0,0,0,proper,ff46d11
