seed,metric,cycles
0,auth_dma_admit_to_complete,7
0,denied_dma_deny_to_complete,0
1,auth_dma_admit_to_complete,7
1,denied_dma_deny_to_complete,0
2,auth_dma_admit_to_complete,7
2,denied_dma_deny_to_complete,0
3,auth_dma_admit_to_complete,7
3,denied_dma_deny_to_complete,0
4,auth_dma_admit_to_complete,7
4,denied_dma_deny_to_complete,0
5,auth_dma_admit_to_complete,7
5,denied_dma_deny_to_complete,0
6,auth_dma_admit_to_complete,7
6,denied_dma_deny_to_complete,0
7,auth_dma_admit_to_complete,7
7,denied_dma_deny_to_complete,0
8,auth_dma_admit_to_complete,7
8,denied_dma_deny_to_complete,0
9,auth_dma_admit_to_complete,7
9,denied_dma_deny_to_complete,0
10,auth_dma_admit_to_complete,7
10,denied_dma_deny_to_complete,0
11,auth_dma_admit_to_complete,7
11,denied_dma_deny_to_complete,0
12,auth_dma_admit_to_complete,7
12,denied_dma_deny_to_complete,0
13,auth_dma_admit_to_complete,7
13,denied_dma_deny_to_complete,0
14,auth_dma_admit_to_complete,7
14,denied_dma_deny_to_complete,0
15,auth_dma_admit_to_complete,7
15,denied_dma_deny_to_complete,0
16,auth_dma_admit_to_complete,7
16,denied_dma_deny_to_complete,0
17,auth_dma_admit_to_complete,7
17,denied_dma_deny_to_complete,0
18,auth_dma_admit_to_complete,7
18,denied_dma_deny_to_complete,0
19,auth_dma_admit_to_complete,7
19,denied_dma_deny_to_complete,0
20,auth_dma_admit_to_complete,7
20,denied_dma_deny_to_complete,0
21,auth_dma_admit_to_complete,7
21,denied_dma_deny_to_complete,0
22,auth_dma_admit_to_complete,7
22,denied_dma_deny_to_complete,0
23,auth_dma_admit_to_complete,7
23,denied_dma_deny_to_complete,0
24,auth_dma_admit_to_complete,7
24,denied_dma_deny_to_complete,0
25,auth_dma_admit_to_complete,7
25,denied_dma_deny_to_complete,0
26,auth_dma_admit_to_complete,7
26,denied_dma_deny_to_complete,0
27,auth_dma_admit_to_complete,7
27,denied_dma_deny_to_complete,0
28,auth_dma_admit_to_complete,7
28,denied_dma_deny_to_complete,0
29,auth_dma_admit_to_complete,7
29,denied_dma_deny_to_complete,0
30,auth_dma_admit_to_complete,7
30,denied_dma_deny_to_complete,0
31,auth_dma_admit_to_complete,7
31,denied_dma_deny_to_complete,0
32,auth_dma_admit_to_complete,7
32,denied_dma_deny_to_complete,0
33,auth_dma_admit_to_complete,7
33,denied_dma_deny_to_complete,0
34,auth_dma_admit_to_complete,7
34,denied_dma_deny_to_complete,0
35,auth_dma_admit_to_complete,7
35,denied_dma_deny_to_complete,0
36,auth_dma_admit_to_complete,7
36,denied_dma_deny_to_complete,0
37,auth_dma_admit_to_complete,7
37,denied_dma_deny_to_complete,0
38,auth_dma_admit_to_complete,7
38,denied_dma_deny_to_complete,0
39,auth_dma_admit_to_complete,7
39,denied_dma_deny_to_complete,0
40,auth_dma_admit_to_complete,7
40,denied_dma_deny_to_complete,0
41,auth_dma_admit_to_complete,7
41,denied_dma_deny_to_complete,0
42,auth_dma_admit_to_complete,7
42,denied_dma_deny_to_complete,0
43,auth_dma_admit_to_complete,7
43,denied_dma_deny_to_complete,0
44,auth_dma_admit_to_complete,7
44,denied_dma_deny_to_complete,0
45,auth_dma_admit_to_complete,7
45,denied_dma_deny_to_complete,0
46,auth_dma_admit_to_complete,7
46,denied_dma_deny_to_complete,0
47,auth_dma_admit_to_complete,7
47,denied_dma_deny_to_complete,0
48,auth_dma_admit_to_complete,7
48,denied_dma_deny_to_complete,0
49,auth_dma_admit_to_complete,7
49,denied_dma_deny_to_complete,0
50,auth_dma_admit_to_complete,7
50,denied_dma_deny_to_complete,0
51,auth_dma_admit_to_complete,7
51,denied_dma_deny_to_complete,0
52,auth_dma_admit_to_complete,7
52,denied_dma_deny_to_complete,0
53,auth_dma_admit_to_complete,7
53,denied_dma_deny_to_complete,0
54,auth_dma_admit_to_complete,7
54,denied_dma_deny_to_complete,0
55,auth_dma_admit_to_complete,7
55,denied_dma_deny_to_complete,0
56,auth_dma_admit_to_complete,7
56,denied_dma_deny_to_complete,0
57,auth_dma_admit_to_complete,7
57,denied_dma_deny_to_complete,0
58,auth_dma_admit_to_complete,7
58,denied_dma_deny_to_complete,0
59,auth_dma_admit_to_complete,7
59,denied_dma_deny_to_complete,0
60,auth_dma_admit_to_complete,7
60,denied_dma_deny_to_complete,0
61,auth_dma_admit_to_complete,7
61,denied_dma_deny_to_complete,0
62,auth_dma_admit_to_complete,7
62,denied_dma_deny_to_complete,0
63,auth_dma_admit_to_complete,7
63,denied_dma_deny_to_complete,0
64,auth_dma_admit_to_complete,7
64,denied_dma_deny_to_complete,0
65,auth_dma_admit_to_complete,7
65,denied_dma_deny_to_complete,0
66,auth_dma_admit_to_complete,7
66,denied_dma_deny_to_complete,0
67,auth_dma_admit_to_complete,7
67,denied_dma_deny_to_complete,0
68,auth_dma_admit_to_complete,7
68,denied_dma_deny_to_complete,0
69,auth_dma_admit_to_complete,7
69,denied_dma_deny_to_complete,0
70,auth_dma_admit_to_complete,7
70,denied_dma_deny_to_complete,0
71,auth_dma_admit_to_complete,7
71,denied_dma_deny_to_complete,0
72,auth_dma_admit_to_complete,7
72,denied_dma_deny_to_complete,0
73,auth_dma_admit_to_complete,7
73,denied_dma_deny_to_complete,0
74,auth_dma_admit_to_complete,7
74,denied_dma_deny_to_complete,0
75,auth_dma_admit_to_complete,7
75,denied_dma_deny_to_complete,0
76,auth_dma_admit_to_complete,7
76,denied_dma_deny_to_complete,0
77,auth_dma_admit_to_complete,7
77,denied_dma_deny_to_complete,0
78,auth_dma_admit_to_complete,7
78,denied_dma_deny_to_complete,0
79,auth_dma_admit_to_complete,7
79,denied_dma_deny_to_complete,0
80,auth_dma_admit_to_complete,7
80,denied_dma_deny_to_complete,0
81,auth_dma_admit_to_complete,7
81,denied_dma_deny_to_complete,0
82,auth_dma_admit_to_complete,7
82,denied_dma_deny_to_complete,0
83,auth_dma_admit_to_complete,7
83,denied_dma_deny_to_complete,0
84,auth_dma_admit_to_complete,7
84,denied_dma_deny_to_complete,0
85,auth_dma_admit_to_complete,7
85,denied_dma_deny_to_complete,0
86,auth_dma_admit_to_complete,7
86,denied_dma_deny_to_complete,0
87,auth_dma_admit_to_complete,7
87,denied_dma_deny_to_complete,0
88,auth_dma_admit_to_complete,7
88,denied_dma_deny_to_complete,0
89,auth_dma_admit_to_complete,7
89,denied_dma_deny_to_complete,0
90,auth_dma_admit_to_complete,7
90,denied_dma_deny_to_complete,0
91,auth_dma_admit_to_complete,7
91,denied_dma_deny_to_complete,0
92,auth_dma_admit_to_complete,7
92,denied_dma_deny_to_complete,0
93,auth_dma_admit_to_complete,7
93,denied_dma_deny_to_complete,0
94,auth_dma_admit_to_complete,7
94,denied_dma_deny_to_complete,0
95,auth_dma_admit_to_complete,7
95,denied_dma_deny_to_complete,0
96,auth_dma_admit_to_complete,7
96,denied_dma_deny_to_complete,0
97,auth_dma_admit_to_complete,7
97,denied_dma_deny_to_complete,0
98,auth_dma_admit_to_complete,7
98,denied_dma_deny_to_complete,0
99,auth_dma_admit_to_complete,7
99,denied_dma_deny_to_complete,0
100,auth_dma_admit_to_complete,7
100,denied_dma_deny_to_complete,0
101,auth_dma_admit_to_complete,7
101,denied_dma_deny_to_complete,0
102,auth_dma_admit_to_complete,7
102,denied_dma_deny_to_complete,0
103,auth_dma_admit_to_complete,7
103,denied_dma_deny_to_complete,0
104,auth_dma_admit_to_complete,7
104,denied_dma_deny_to_complete,0
105,auth_dma_admit_to_complete,7
105,denied_dma_deny_to_complete,0
106,auth_dma_admit_to_complete,7
106,denied_dma_deny_to_complete,0
107,auth_dma_admit_to_complete,7
107,denied_dma_deny_to_complete,0
108,auth_dma_admit_to_complete,7
108,denied_dma_deny_to_complete,0
109,auth_dma_admit_to_complete,7
109,denied_dma_deny_to_complete,0
110,auth_dma_admit_to_complete,7
110,denied_dma_deny_to_complete,0
111,auth_dma_admit_to_complete,7
111,denied_dma_deny_to_complete,0
112,auth_dma_admit_to_complete,7
112,denied_dma_deny_to_complete,0
113,auth_dma_admit_to_complete,7
113,denied_dma_deny_to_complete,0
114,auth_dma_admit_to_complete,7
114,denied_dma_deny_to_complete,0
115,auth_dma_admit_to_complete,7
115,denied_dma_deny_to_complete,0
116,auth_dma_admit_to_complete,7
116,denied_dma_deny_to_complete,0
117,auth_dma_admit_to_complete,7
117,denied_dma_deny_to_complete,0
118,auth_dma_admit_to_complete,7
118,denied_dma_deny_to_complete,0
119,auth_dma_admit_to_complete,7
119,denied_dma_deny_to_complete,0
120,auth_dma_admit_to_complete,7
120,denied_dma_deny_to_complete,0
121,auth_dma_admit_to_complete,7
121,denied_dma_deny_to_complete,0
122,auth_dma_admit_to_complete,7
122,denied_dma_deny_to_complete,0
123,auth_dma_admit_to_complete,7
123,denied_dma_deny_to_complete,0
124,auth_dma_admit_to_complete,7
124,denied_dma_deny_to_complete,0
125,auth_dma_admit_to_complete,7
125,denied_dma_deny_to_complete,0
126,auth_dma_admit_to_complete,7
126,denied_dma_deny_to_complete,0
127,auth_dma_admit_to_complete,7
127,denied_dma_deny_to_complete,0
128,auth_dma_admit_to_complete,7
128,denied_dma_deny_to_complete,0
129,auth_dma_admit_to_complete,7
129,denied_dma_deny_to_complete,0
130,auth_dma_admit_to_complete,7
130,denied_dma_deny_to_complete,0
131,auth_dma_admit_to_complete,7
131,denied_dma_deny_to_complete,0
132,auth_dma_admit_to_complete,7
132,denied_dma_deny_to_complete,0
133,auth_dma_admit_to_complete,7
133,denied_dma_deny_to_complete,0
134,auth_dma_admit_to_complete,7
134,denied_dma_deny_to_complete,0
135,auth_dma_admit_to_complete,7
135,denied_dma_deny_to_complete,0
136,auth_dma_admit_to_complete,7
136,denied_dma_deny_to_complete,0
137,auth_dma_admit_to_complete,7
137,denied_dma_deny_to_complete,0
138,auth_dma_admit_to_complete,7
138,denied_dma_deny_to_complete,0
139,auth_dma_admit_to_complete,7
139,denied_dma_deny_to_complete,0
140,auth_dma_admit_to_complete,7
140,denied_dma_deny_to_complete,0
141,auth_dma_admit_to_complete,7
141,denied_dma_deny_to_complete,0
142,auth_dma_admit_to_complete,7
142,denied_dma_deny_to_complete,0
143,auth_dma_admit_to_complete,7
143,denied_dma_deny_to_complete,0
144,auth_dma_admit_to_complete,7
144,denied_dma_deny_to_complete,0
145,auth_dma_admit_to_complete,7
145,denied_dma_deny_to_complete,0
146,auth_dma_admit_to_complete,7
146,denied_dma_deny_to_complete,0
147,auth_dma_admit_to_complete,7
147,denied_dma_deny_to_complete,0
148,auth_dma_admit_to_complete,7
148,denied_dma_deny_to_complete,0
149,auth_dma_admit_to_complete,7
149,denied_dma_deny_to_complete,0
150,auth_dma_admit_to_complete,7
150,denied_dma_deny_to_complete,0
151,auth_dma_admit_to_complete,7
151,denied_dma_deny_to_complete,0
152,auth_dma_admit_to_complete,7
152,denied_dma_deny_to_complete,0
153,auth_dma_admit_to_complete,7
153,denied_dma_deny_to_complete,0
154,auth_dma_admit_to_complete,7
154,denied_dma_deny_to_complete,0
155,auth_dma_admit_to_complete,7
155,denied_dma_deny_to_complete,0
156,auth_dma_admit_to_complete,7
156,denied_dma_deny_to_complete,0
157,auth_dma_admit_to_complete,7
157,denied_dma_deny_to_complete,0
158,auth_dma_admit_to_complete,7
158,denied_dma_deny_to_complete,0
159,auth_dma_admit_to_complete,7
159,denied_dma_deny_to_complete,0
160,auth_dma_admit_to_complete,7
160,denied_dma_deny_to_complete,0
161,auth_dma_admit_to_complete,7
161,denied_dma_deny_to_complete,0
162,auth_dma_admit_to_complete,7
162,denied_dma_deny_to_complete,0
163,auth_dma_admit_to_complete,7
163,denied_dma_deny_to_complete,0
164,auth_dma_admit_to_complete,7
164,denied_dma_deny_to_complete,0
165,auth_dma_admit_to_complete,7
165,denied_dma_deny_to_complete,0
166,auth_dma_admit_to_complete,7
166,denied_dma_deny_to_complete,0
167,auth_dma_admit_to_complete,7
167,denied_dma_deny_to_complete,0
168,auth_dma_admit_to_complete,7
168,denied_dma_deny_to_complete,0
169,auth_dma_admit_to_complete,7
169,denied_dma_deny_to_complete,0
170,auth_dma_admit_to_complete,7
170,denied_dma_deny_to_complete,0
171,auth_dma_admit_to_complete,7
171,denied_dma_deny_to_complete,0
172,auth_dma_admit_to_complete,7
172,denied_dma_deny_to_complete,0
173,auth_dma_admit_to_complete,7
173,denied_dma_deny_to_complete,0
174,auth_dma_admit_to_complete,7
174,denied_dma_deny_to_complete,0
175,auth_dma_admit_to_complete,7
175,denied_dma_deny_to_complete,0
176,auth_dma_admit_to_complete,7
176,denied_dma_deny_to_complete,0
177,auth_dma_admit_to_complete,7
177,denied_dma_deny_to_complete,0
178,auth_dma_admit_to_complete,7
178,denied_dma_deny_to_complete,0
179,auth_dma_admit_to_complete,7
179,denied_dma_deny_to_complete,0
180,auth_dma_admit_to_complete,7
180,denied_dma_deny_to_complete,0
181,auth_dma_admit_to_complete,7
181,denied_dma_deny_to_complete,0
182,auth_dma_admit_to_complete,7
182,denied_dma_deny_to_complete,0
183,auth_dma_admit_to_complete,7
183,denied_dma_deny_to_complete,0
184,auth_dma_admit_to_complete,7
184,denied_dma_deny_to_complete,0
185,auth_dma_admit_to_complete,7
185,denied_dma_deny_to_complete,0
186,auth_dma_admit_to_complete,7
186,denied_dma_deny_to_complete,0
187,auth_dma_admit_to_complete,7
187,denied_dma_deny_to_complete,0
188,auth_dma_admit_to_complete,7
188,denied_dma_deny_to_complete,0
189,auth_dma_admit_to_complete,7
189,denied_dma_deny_to_complete,0
190,auth_dma_admit_to_complete,7
190,denied_dma_deny_to_complete,0
191,auth_dma_admit_to_complete,7
191,denied_dma_deny_to_complete,0
192,auth_dma_admit_to_complete,7
192,denied_dma_deny_to_complete,0
193,auth_dma_admit_to_complete,7
193,denied_dma_deny_to_complete,0
194,auth_dma_admit_to_complete,7
194,denied_dma_deny_to_complete,0
195,auth_dma_admit_to_complete,7
195,denied_dma_deny_to_complete,0
196,auth_dma_admit_to_complete,7
196,denied_dma_deny_to_complete,0
197,auth_dma_admit_to_complete,7
197,denied_dma_deny_to_complete,0
198,auth_dma_admit_to_complete,7
198,denied_dma_deny_to_complete,0
199,auth_dma_admit_to_complete,7
199,denied_dma_deny_to_complete,0
200,auth_dma_admit_to_complete,7
200,denied_dma_deny_to_complete,0
201,auth_dma_admit_to_complete,7
201,denied_dma_deny_to_complete,0
202,auth_dma_admit_to_complete,7
202,denied_dma_deny_to_complete,0
203,auth_dma_admit_to_complete,7
203,denied_dma_deny_to_complete,0
204,auth_dma_admit_to_complete,7
204,denied_dma_deny_to_complete,0
205,auth_dma_admit_to_complete,7
205,denied_dma_deny_to_complete,0
206,auth_dma_admit_to_complete,7
206,denied_dma_deny_to_complete,0
207,auth_dma_admit_to_complete,7
207,denied_dma_deny_to_complete,0
208,auth_dma_admit_to_complete,7
208,denied_dma_deny_to_complete,0
209,auth_dma_admit_to_complete,7
209,denied_dma_deny_to_complete,0
210,auth_dma_admit_to_complete,7
210,denied_dma_deny_to_complete,0
211,auth_dma_admit_to_complete,7
211,denied_dma_deny_to_complete,0
212,auth_dma_admit_to_complete,7
212,denied_dma_deny_to_complete,0
213,auth_dma_admit_to_complete,7
213,denied_dma_deny_to_complete,0
214,auth_dma_admit_to_complete,7
214,denied_dma_deny_to_complete,0
215,auth_dma_admit_to_complete,7
215,denied_dma_deny_to_complete,0
216,auth_dma_admit_to_complete,7
216,denied_dma_deny_to_complete,0
217,auth_dma_admit_to_complete,7
217,denied_dma_deny_to_complete,0
218,auth_dma_admit_to_complete,7
218,denied_dma_deny_to_complete,0
219,auth_dma_admit_to_complete,7
219,denied_dma_deny_to_complete,0
220,auth_dma_admit_to_complete,7
220,denied_dma_deny_to_complete,0
221,auth_dma_admit_to_complete,7
221,denied_dma_deny_to_complete,0
222,auth_dma_admit_to_complete,7
222,denied_dma_deny_to_complete,0
223,auth_dma_admit_to_complete,7
223,denied_dma_deny_to_complete,0
224,auth_dma_admit_to_complete,7
224,denied_dma_deny_to_complete,0
225,auth_dma_admit_to_complete,7
225,denied_dma_deny_to_complete,0
226,auth_dma_admit_to_complete,7
226,denied_dma_deny_to_complete,0
227,auth_dma_admit_to_complete,7
227,denied_dma_deny_to_complete,0
228,auth_dma_admit_to_complete,7
228,denied_dma_deny_to_complete,0
229,auth_dma_admit_to_complete,7
229,denied_dma_deny_to_complete,0
230,auth_dma_admit_to_complete,7
230,denied_dma_deny_to_complete,0
231,auth_dma_admit_to_complete,7
231,denied_dma_deny_to_complete,0
232,auth_dma_admit_to_complete,7
232,denied_dma_deny_to_complete,0
233,auth_dma_admit_to_complete,7
233,denied_dma_deny_to_complete,0
234,auth_dma_admit_to_complete,7
234,denied_dma_deny_to_complete,0
235,auth_dma_admit_to_complete,7
235,denied_dma_deny_to_complete,0
236,auth_dma_admit_to_complete,7
236,denied_dma_deny_to_complete,0
237,auth_dma_admit_to_complete,7
237,denied_dma_deny_to_complete,0
238,auth_dma_admit_to_complete,7
238,denied_dma_deny_to_complete,0
239,auth_dma_admit_to_complete,7
239,denied_dma_deny_to_complete,0
240,auth_dma_admit_to_complete,7
240,denied_dma_deny_to_complete,0
241,auth_dma_admit_to_complete,7
241,denied_dma_deny_to_complete,0
242,auth_dma_admit_to_complete,7
242,denied_dma_deny_to_complete,0
243,auth_dma_admit_to_complete,7
243,denied_dma_deny_to_complete,0
244,auth_dma_admit_to_complete,7
244,denied_dma_deny_to_complete,0
245,auth_dma_admit_to_complete,7
245,denied_dma_deny_to_complete,0
246,auth_dma_admit_to_complete,7
246,denied_dma_deny_to_complete,0
247,auth_dma_admit_to_complete,7
247,denied_dma_deny_to_complete,0
248,auth_dma_admit_to_complete,7
248,denied_dma_deny_to_complete,0
249,auth_dma_admit_to_complete,7
249,denied_dma_deny_to_complete,0
250,auth_dma_admit_to_complete,7
250,denied_dma_deny_to_complete,0
251,auth_dma_admit_to_complete,7
251,denied_dma_deny_to_complete,0
252,auth_dma_admit_to_complete,7
252,denied_dma_deny_to_complete,0
253,auth_dma_admit_to_complete,7
253,denied_dma_deny_to_complete,0
254,auth_dma_admit_to_complete,7
254,denied_dma_deny_to_complete,0
255,auth_dma_admit_to_complete,7
255,denied_dma_deny_to_complete,0
256,auth_dma_admit_to_complete,7
256,denied_dma_deny_to_complete,0
257,auth_dma_admit_to_complete,7
257,denied_dma_deny_to_complete,0
258,auth_dma_admit_to_complete,7
258,denied_dma_deny_to_complete,0
259,auth_dma_admit_to_complete,7
259,denied_dma_deny_to_complete,0
260,auth_dma_admit_to_complete,7
260,denied_dma_deny_to_complete,0
261,auth_dma_admit_to_complete,7
261,denied_dma_deny_to_complete,0
262,auth_dma_admit_to_complete,7
262,denied_dma_deny_to_complete,0
263,auth_dma_admit_to_complete,7
263,denied_dma_deny_to_complete,0
264,auth_dma_admit_to_complete,7
264,denied_dma_deny_to_complete,0
265,auth_dma_admit_to_complete,7
265,denied_dma_deny_to_complete,0
266,auth_dma_admit_to_complete,7
266,denied_dma_deny_to_complete,0
267,auth_dma_admit_to_complete,7
267,denied_dma_deny_to_complete,0
268,auth_dma_admit_to_complete,7
268,denied_dma_deny_to_complete,0
269,auth_dma_admit_to_complete,7
269,denied_dma_deny_to_complete,0
270,auth_dma_admit_to_complete,7
270,denied_dma_deny_to_complete,0
271,auth_dma_admit_to_complete,7
271,denied_dma_deny_to_complete,0
272,auth_dma_admit_to_complete,7
272,denied_dma_deny_to_complete,0
273,auth_dma_admit_to_complete,7
273,denied_dma_deny_to_complete,0
274,auth_dma_admit_to_complete,7
274,denied_dma_deny_to_complete,0
275,auth_dma_admit_to_complete,7
275,denied_dma_deny_to_complete,0
276,auth_dma_admit_to_complete,7
276,denied_dma_deny_to_complete,0
277,auth_dma_admit_to_complete,7
277,denied_dma_deny_to_complete,0
278,auth_dma_admit_to_complete,7
278,denied_dma_deny_to_complete,0
279,auth_dma_admit_to_complete,7
279,denied_dma_deny_to_complete,0
280,auth_dma_admit_to_complete,7
280,denied_dma_deny_to_complete,0
281,auth_dma_admit_to_complete,7
281,denied_dma_deny_to_complete,0
282,auth_dma_admit_to_complete,7
282,denied_dma_deny_to_complete,0
283,auth_dma_admit_to_complete,7
283,denied_dma_deny_to_complete,0
284,auth_dma_admit_to_complete,7
284,denied_dma_deny_to_complete,0
285,auth_dma_admit_to_complete,7
285,denied_dma_deny_to_complete,0
286,auth_dma_admit_to_complete,7
286,denied_dma_deny_to_complete,0
287,auth_dma_admit_to_complete,7
287,denied_dma_deny_to_complete,0
288,auth_dma_admit_to_complete,7
288,denied_dma_deny_to_complete,0
289,auth_dma_admit_to_complete,7
289,denied_dma_deny_to_complete,0
290,auth_dma_admit_to_complete,7
290,denied_dma_deny_to_complete,0
291,auth_dma_admit_to_complete,7
291,denied_dma_deny_to_complete,0
292,auth_dma_admit_to_complete,7
292,denied_dma_deny_to_complete,0
293,auth_dma_admit_to_complete,7
293,denied_dma_deny_to_complete,0
294,auth_dma_admit_to_complete,7
294,denied_dma_deny_to_complete,0
295,auth_dma_admit_to_complete,7
295,denied_dma_deny_to_complete,0
296,auth_dma_admit_to_complete,7
296,denied_dma_deny_to_complete,0
297,auth_dma_admit_to_complete,7
297,denied_dma_deny_to_complete,0
298,auth_dma_admit_to_complete,7
298,denied_dma_deny_to_complete,0
299,auth_dma_admit_to_complete,7
299,denied_dma_deny_to_complete,0
300,auth_dma_admit_to_complete,7
300,denied_dma_deny_to_complete,0
301,auth_dma_admit_to_complete,7
301,denied_dma_deny_to_complete,0
302,auth_dma_admit_to_complete,7
302,denied_dma_deny_to_complete,0
303,auth_dma_admit_to_complete,7
303,denied_dma_deny_to_complete,0
304,auth_dma_admit_to_complete,7
304,denied_dma_deny_to_complete,0
305,auth_dma_admit_to_complete,7
305,denied_dma_deny_to_complete,0
306,auth_dma_admit_to_complete,7
306,denied_dma_deny_to_complete,0
307,auth_dma_admit_to_complete,7
307,denied_dma_deny_to_complete,0
308,auth_dma_admit_to_complete,7
308,denied_dma_deny_to_complete,0
309,auth_dma_admit_to_complete,7
309,denied_dma_deny_to_complete,0
310,auth_dma_admit_to_complete,7
310,denied_dma_deny_to_complete,0
311,auth_dma_admit_to_complete,7
311,denied_dma_deny_to_complete,0
312,auth_dma_admit_to_complete,7
312,denied_dma_deny_to_complete,0
313,auth_dma_admit_to_complete,7
313,denied_dma_deny_to_complete,0
314,auth_dma_admit_to_complete,7
314,denied_dma_deny_to_complete,0
315,auth_dma_admit_to_complete,7
315,denied_dma_deny_to_complete,0
316,auth_dma_admit_to_complete,7
316,denied_dma_deny_to_complete,0
317,auth_dma_admit_to_complete,7
317,denied_dma_deny_to_complete,0
318,auth_dma_admit_to_complete,7
318,denied_dma_deny_to_complete,0
319,auth_dma_admit_to_complete,7
319,denied_dma_deny_to_complete,0
320,auth_dma_admit_to_complete,7
320,denied_dma_deny_to_complete,0
321,auth_dma_admit_to_complete,7
321,denied_dma_deny_to_complete,0
322,auth_dma_admit_to_complete,7
322,denied_dma_deny_to_complete,0
323,auth_dma_admit_to_complete,7
323,denied_dma_deny_to_complete,0
324,auth_dma_admit_to_complete,7
324,denied_dma_deny_to_complete,0
325,auth_dma_admit_to_complete,7
325,denied_dma_deny_to_complete,0
326,auth_dma_admit_to_complete,7
326,denied_dma_deny_to_complete,0
327,auth_dma_admit_to_complete,7
327,denied_dma_deny_to_complete,0
328,auth_dma_admit_to_complete,7
328,denied_dma_deny_to_complete,0
329,auth_dma_admit_to_complete,7
329,denied_dma_deny_to_complete,0
330,auth_dma_admit_to_complete,7
330,denied_dma_deny_to_complete,0
331,auth_dma_admit_to_complete,7
331,denied_dma_deny_to_complete,0
332,auth_dma_admit_to_complete,7
332,denied_dma_deny_to_complete,0
333,auth_dma_admit_to_complete,7
333,denied_dma_deny_to_complete,0
334,auth_dma_admit_to_complete,7
334,denied_dma_deny_to_complete,0
335,auth_dma_admit_to_complete,7
335,denied_dma_deny_to_complete,0
336,auth_dma_admit_to_complete,7
336,denied_dma_deny_to_complete,0
337,auth_dma_admit_to_complete,7
337,denied_dma_deny_to_complete,0
338,auth_dma_admit_to_complete,7
338,denied_dma_deny_to_complete,0
339,auth_dma_admit_to_complete,7
339,denied_dma_deny_to_complete,0
340,auth_dma_admit_to_complete,7
340,denied_dma_deny_to_complete,0
341,auth_dma_admit_to_complete,7
341,denied_dma_deny_to_complete,0
342,auth_dma_admit_to_complete,7
342,denied_dma_deny_to_complete,0
343,auth_dma_admit_to_complete,7
343,denied_dma_deny_to_complete,0
344,auth_dma_admit_to_complete,7
344,denied_dma_deny_to_complete,0
345,auth_dma_admit_to_complete,7
345,denied_dma_deny_to_complete,0
346,auth_dma_admit_to_complete,7
346,denied_dma_deny_to_complete,0
347,auth_dma_admit_to_complete,7
347,denied_dma_deny_to_complete,0
348,auth_dma_admit_to_complete,7
348,denied_dma_deny_to_complete,0
349,auth_dma_admit_to_complete,7
349,denied_dma_deny_to_complete,0
350,auth_dma_admit_to_complete,7
350,denied_dma_deny_to_complete,0
351,auth_dma_admit_to_complete,7
351,denied_dma_deny_to_complete,0
352,auth_dma_admit_to_complete,7
352,denied_dma_deny_to_complete,0
353,auth_dma_admit_to_complete,7
353,denied_dma_deny_to_complete,0
354,auth_dma_admit_to_complete,7
354,denied_dma_deny_to_complete,0
355,auth_dma_admit_to_complete,7
355,denied_dma_deny_to_complete,0
356,auth_dma_admit_to_complete,7
356,denied_dma_deny_to_complete,0
357,auth_dma_admit_to_complete,7
357,denied_dma_deny_to_complete,0
358,auth_dma_admit_to_complete,7
358,denied_dma_deny_to_complete,0
359,auth_dma_admit_to_complete,7
359,denied_dma_deny_to_complete,0
360,auth_dma_admit_to_complete,7
360,denied_dma_deny_to_complete,0
361,auth_dma_admit_to_complete,7
361,denied_dma_deny_to_complete,0
362,auth_dma_admit_to_complete,7
362,denied_dma_deny_to_complete,0
363,auth_dma_admit_to_complete,7
363,denied_dma_deny_to_complete,0
364,auth_dma_admit_to_complete,7
364,denied_dma_deny_to_complete,0
365,auth_dma_admit_to_complete,7
365,denied_dma_deny_to_complete,0
366,auth_dma_admit_to_complete,7
366,denied_dma_deny_to_complete,0
367,auth_dma_admit_to_complete,7
367,denied_dma_deny_to_complete,0
368,auth_dma_admit_to_complete,7
368,denied_dma_deny_to_complete,0
369,auth_dma_admit_to_complete,7
369,denied_dma_deny_to_complete,0
370,auth_dma_admit_to_complete,7
370,denied_dma_deny_to_complete,0
371,auth_dma_admit_to_complete,7
371,denied_dma_deny_to_complete,0
372,auth_dma_admit_to_complete,7
372,denied_dma_deny_to_complete,0
373,auth_dma_admit_to_complete,7
373,denied_dma_deny_to_complete,0
374,auth_dma_admit_to_complete,7
374,denied_dma_deny_to_complete,0
375,auth_dma_admit_to_complete,7
375,denied_dma_deny_to_complete,0
376,auth_dma_admit_to_complete,7
376,denied_dma_deny_to_complete,0
377,auth_dma_admit_to_complete,7
377,denied_dma_deny_to_complete,0
378,auth_dma_admit_to_complete,7
378,denied_dma_deny_to_complete,0
379,auth_dma_admit_to_complete,7
379,denied_dma_deny_to_complete,0
380,auth_dma_admit_to_complete,7
380,denied_dma_deny_to_complete,0
381,auth_dma_admit_to_complete,7
381,denied_dma_deny_to_complete,0
382,auth_dma_admit_to_complete,7
382,denied_dma_deny_to_complete,0
383,auth_dma_admit_to_complete,7
383,denied_dma_deny_to_complete,0
384,auth_dma_admit_to_complete,7
384,denied_dma_deny_to_complete,0
385,auth_dma_admit_to_complete,7
385,denied_dma_deny_to_complete,0
386,auth_dma_admit_to_complete,7
386,denied_dma_deny_to_complete,0
387,auth_dma_admit_to_complete,7
387,denied_dma_deny_to_complete,0
388,auth_dma_admit_to_complete,7
388,denied_dma_deny_to_complete,0
389,auth_dma_admit_to_complete,7
389,denied_dma_deny_to_complete,0
390,auth_dma_admit_to_complete,7
390,denied_dma_deny_to_complete,0
391,auth_dma_admit_to_complete,7
391,denied_dma_deny_to_complete,0
392,auth_dma_admit_to_complete,7
392,denied_dma_deny_to_complete,0
393,auth_dma_admit_to_complete,7
393,denied_dma_deny_to_complete,0
394,auth_dma_admit_to_complete,7
394,denied_dma_deny_to_complete,0
395,auth_dma_admit_to_complete,7
395,denied_dma_deny_to_complete,0
396,auth_dma_admit_to_complete,7
396,denied_dma_deny_to_complete,0
397,auth_dma_admit_to_complete,7
397,denied_dma_deny_to_complete,0
398,auth_dma_admit_to_complete,7
398,denied_dma_deny_to_complete,0
399,auth_dma_admit_to_complete,7
399,denied_dma_deny_to_complete,0
400,auth_dma_admit_to_complete,7
400,denied_dma_deny_to_complete,0
401,auth_dma_admit_to_complete,7
401,denied_dma_deny_to_complete,0
402,auth_dma_admit_to_complete,7
402,denied_dma_deny_to_complete,0
403,auth_dma_admit_to_complete,7
403,denied_dma_deny_to_complete,0
404,auth_dma_admit_to_complete,7
404,denied_dma_deny_to_complete,0
405,auth_dma_admit_to_complete,7
405,denied_dma_deny_to_complete,0
406,auth_dma_admit_to_complete,7
406,denied_dma_deny_to_complete,0
407,auth_dma_admit_to_complete,7
407,denied_dma_deny_to_complete,0
408,auth_dma_admit_to_complete,7
408,denied_dma_deny_to_complete,0
409,auth_dma_admit_to_complete,7
409,denied_dma_deny_to_complete,0
410,auth_dma_admit_to_complete,7
410,denied_dma_deny_to_complete,0
411,auth_dma_admit_to_complete,7
411,denied_dma_deny_to_complete,0
412,auth_dma_admit_to_complete,7
412,denied_dma_deny_to_complete,0
413,auth_dma_admit_to_complete,7
413,denied_dma_deny_to_complete,0
414,auth_dma_admit_to_complete,7
414,denied_dma_deny_to_complete,0
415,auth_dma_admit_to_complete,7
415,denied_dma_deny_to_complete,0
416,auth_dma_admit_to_complete,7
416,denied_dma_deny_to_complete,0
417,auth_dma_admit_to_complete,7
417,denied_dma_deny_to_complete,0
418,auth_dma_admit_to_complete,7
418,denied_dma_deny_to_complete,0
419,auth_dma_admit_to_complete,7
419,denied_dma_deny_to_complete,0
420,auth_dma_admit_to_complete,7
420,denied_dma_deny_to_complete,0
421,auth_dma_admit_to_complete,7
421,denied_dma_deny_to_complete,0
422,auth_dma_admit_to_complete,7
422,denied_dma_deny_to_complete,0
423,auth_dma_admit_to_complete,7
423,denied_dma_deny_to_complete,0
424,auth_dma_admit_to_complete,7
424,denied_dma_deny_to_complete,0
425,auth_dma_admit_to_complete,7
425,denied_dma_deny_to_complete,0
426,auth_dma_admit_to_complete,7
426,denied_dma_deny_to_complete,0
427,auth_dma_admit_to_complete,7
427,denied_dma_deny_to_complete,0
428,auth_dma_admit_to_complete,7
428,denied_dma_deny_to_complete,0
429,auth_dma_admit_to_complete,7
429,denied_dma_deny_to_complete,0
430,auth_dma_admit_to_complete,7
430,denied_dma_deny_to_complete,0
431,auth_dma_admit_to_complete,7
431,denied_dma_deny_to_complete,0
432,auth_dma_admit_to_complete,7
432,denied_dma_deny_to_complete,0
433,auth_dma_admit_to_complete,7
433,denied_dma_deny_to_complete,0
434,auth_dma_admit_to_complete,7
434,denied_dma_deny_to_complete,0
435,auth_dma_admit_to_complete,7
435,denied_dma_deny_to_complete,0
436,auth_dma_admit_to_complete,7
436,denied_dma_deny_to_complete,0
437,auth_dma_admit_to_complete,7
437,denied_dma_deny_to_complete,0
438,auth_dma_admit_to_complete,7
438,denied_dma_deny_to_complete,0
439,auth_dma_admit_to_complete,7
439,denied_dma_deny_to_complete,0
440,auth_dma_admit_to_complete,7
440,denied_dma_deny_to_complete,0
441,auth_dma_admit_to_complete,7
441,denied_dma_deny_to_complete,0
442,auth_dma_admit_to_complete,7
442,denied_dma_deny_to_complete,0
443,auth_dma_admit_to_complete,7
443,denied_dma_deny_to_complete,0
444,auth_dma_admit_to_complete,7
444,denied_dma_deny_to_complete,0
445,auth_dma_admit_to_complete,7
445,denied_dma_deny_to_complete,0
446,auth_dma_admit_to_complete,7
446,denied_dma_deny_to_complete,0
447,auth_dma_admit_to_complete,7
447,denied_dma_deny_to_complete,0
448,auth_dma_admit_to_complete,7
448,denied_dma_deny_to_complete,0
449,auth_dma_admit_to_complete,7
449,denied_dma_deny_to_complete,0
450,auth_dma_admit_to_complete,7
450,denied_dma_deny_to_complete,0
451,auth_dma_admit_to_complete,7
451,denied_dma_deny_to_complete,0
452,auth_dma_admit_to_complete,7
452,denied_dma_deny_to_complete,0
453,auth_dma_admit_to_complete,7
453,denied_dma_deny_to_complete,0
454,auth_dma_admit_to_complete,7
454,denied_dma_deny_to_complete,0
455,auth_dma_admit_to_complete,7
455,denied_dma_deny_to_complete,0
456,auth_dma_admit_to_complete,7
456,denied_dma_deny_to_complete,0
457,auth_dma_admit_to_complete,7
457,denied_dma_deny_to_complete,0
458,auth_dma_admit_to_complete,7
458,denied_dma_deny_to_complete,0
459,auth_dma_admit_to_complete,7
459,denied_dma_deny_to_complete,0
460,auth_dma_admit_to_complete,7
460,denied_dma_deny_to_complete,0
461,auth_dma_admit_to_complete,7
461,denied_dma_deny_to_complete,0
462,auth_dma_admit_to_complete,7
462,denied_dma_deny_to_complete,0
463,auth_dma_admit_to_complete,7
463,denied_dma_deny_to_complete,0
464,auth_dma_admit_to_complete,7
464,denied_dma_deny_to_complete,0
465,auth_dma_admit_to_complete,7
465,denied_dma_deny_to_complete,0
466,auth_dma_admit_to_complete,7
466,denied_dma_deny_to_complete,0
467,auth_dma_admit_to_complete,7
467,denied_dma_deny_to_complete,0
468,auth_dma_admit_to_complete,7
468,denied_dma_deny_to_complete,0
469,auth_dma_admit_to_complete,7
469,denied_dma_deny_to_complete,0
470,auth_dma_admit_to_complete,7
470,denied_dma_deny_to_complete,0
471,auth_dma_admit_to_complete,7
471,denied_dma_deny_to_complete,0
472,auth_dma_admit_to_complete,7
472,denied_dma_deny_to_complete,0
473,auth_dma_admit_to_complete,7
473,denied_dma_deny_to_complete,0
474,auth_dma_admit_to_complete,7
474,denied_dma_deny_to_complete,0
475,auth_dma_admit_to_complete,7
475,denied_dma_deny_to_complete,0
476,auth_dma_admit_to_complete,7
476,denied_dma_deny_to_complete,0
477,auth_dma_admit_to_complete,7
477,denied_dma_deny_to_complete,0
478,auth_dma_admit_to_complete,7
478,denied_dma_deny_to_complete,0
479,auth_dma_admit_to_complete,7
479,denied_dma_deny_to_complete,0
480,auth_dma_admit_to_complete,7
480,denied_dma_deny_to_complete,0
481,auth_dma_admit_to_complete,7
481,denied_dma_deny_to_complete,0
482,auth_dma_admit_to_complete,7
482,denied_dma_deny_to_complete,0
483,auth_dma_admit_to_complete,7
483,denied_dma_deny_to_complete,0
484,auth_dma_admit_to_complete,7
484,denied_dma_deny_to_complete,0
485,auth_dma_admit_to_complete,7
485,denied_dma_deny_to_complete,0
486,auth_dma_admit_to_complete,7
486,denied_dma_deny_to_complete,0
487,auth_dma_admit_to_complete,7
487,denied_dma_deny_to_complete,0
488,auth_dma_admit_to_complete,7
488,denied_dma_deny_to_complete,0
489,auth_dma_admit_to_complete,7
489,denied_dma_deny_to_complete,0
490,auth_dma_admit_to_complete,7
490,denied_dma_deny_to_complete,0
491,auth_dma_admit_to_complete,7
491,denied_dma_deny_to_complete,0
492,auth_dma_admit_to_complete,7
492,denied_dma_deny_to_complete,0
493,auth_dma_admit_to_complete,7
493,denied_dma_deny_to_complete,0
494,auth_dma_admit_to_complete,7
494,denied_dma_deny_to_complete,0
495,auth_dma_admit_to_complete,7
495,denied_dma_deny_to_complete,0
496,auth_dma_admit_to_complete,7
496,denied_dma_deny_to_complete,0
497,auth_dma_admit_to_complete,7
497,denied_dma_deny_to_complete,0
498,auth_dma_admit_to_complete,7
498,denied_dma_deny_to_complete,0
499,auth_dma_admit_to_complete,7
499,denied_dma_deny_to_complete,0
